file,combo,edits,edits_no_bass,ref_slots,majmin,sevenths,tetrads,downbeat_f,sec,add_pred,add_pred_ok,add_ref,add_ref_found
00_Rock1-130-A_comp,allinone+btc,12,12,12,0.9253,0.6778,0.6213,0.0,37.27,0,0,0,0
00_Rock1-130-A_comp,allinone+btc+tau0.3,12,12,12,0.5602,0.3127,0.2867,0.0,37.79,5,0,0,0
00_Rock1-130-A_comp,allinone+btc+tau0.4,12,12,12,0.7494,0.5019,0.46,0.0,37.79,3,0,0,0
00_Rock1-130-A_comp,allinone+btc+tau0.5,12,12,12,0.9253,0.6778,0.6213,0.0,37.79,1,0,0,0
00_Rock1-130-A_comp,allinone+btc+tau0.6,12,12,12,0.9253,0.6778,0.6213,0.0,37.79,1,0,0,0
00_Rock1-130-A_comp,allinone+btc+tau0.7,12,12,12,0.9253,0.6778,0.6213,0.0,37.79,1,0,0,0
00_Rock1-130-A_comp,allinone+btc+demucs,12,12,12,0.9253,0.6778,0.6213,0.0,42.2,0,0,0,0
00_Rock1-130-A_comp,allinone+btc+demucs+tau0.3,12,12,12,0.5602,0.3127,0.2867,0.0,42.27,5,0,0,0
00_Rock1-130-A_comp,allinone+btc+demucs+tau0.4,12,12,12,0.7494,0.5019,0.46,0.0,42.27,3,0,0,0
00_Rock1-130-A_comp,allinone+btc+demucs+tau0.5,12,12,12,0.9253,0.6778,0.6213,0.0,42.27,1,0,0,0
00_Rock1-130-A_comp,allinone+btc+demucs+tau0.6,12,12,12,0.9253,0.6778,0.6213,0.0,42.27,1,0,0,0
00_Rock1-130-A_comp,allinone+btc+demucs+tau0.7,12,12,12,0.9253,0.6778,0.6213,0.0,42.27,1,0,0,0
00_Rock1-130-A_comp,allinone+cnnlstm,11,11,12,0.9413,0.9413,0.8628,0.0,36.21,0,0,0,0
00_Rock1-130-A_comp,allinone+cnnlstm+tau0.3,11,11,12,0.5071,0.5071,0.4648,0.0,36.74,6,0,0,0
00_Rock1-130-A_comp,allinone+cnnlstm+tau0.4,11,11,12,0.7654,0.7654,0.7016,0.0,36.74,3,0,0,0
00_Rock1-130-A_comp,allinone+cnnlstm+tau0.5,11,11,12,0.9413,0.9413,0.8628,0.0,36.74,1,0,0,0
00_Rock1-130-A_comp,allinone+cnnlstm+tau0.6,11,11,12,0.9413,0.9413,0.8628,0.0,36.74,0,0,0,0
00_Rock1-130-A_comp,allinone+cnnlstm+tau0.7,11,11,12,0.9413,0.9413,0.8628,0.0,36.74,0,0,0,0
00_Rock1-130-A_comp,allinone+cnnlstm+demucs,11,11,12,0.9413,0.9413,0.8628,0.0,42.44,0,0,0,0
00_Rock1-130-A_comp,allinone+cnnlstm+demucs+tau0.3,11,11,12,0.5071,0.5071,0.4648,0.0,42.51,6,0,0,0
00_Rock1-130-A_comp,allinone+cnnlstm+demucs+tau0.4,11,11,12,0.7654,0.7654,0.7016,0.0,42.51,3,0,0,0
00_Rock1-130-A_comp,allinone+cnnlstm+demucs+tau0.5,11,11,12,0.9413,0.9413,0.8628,0.0,42.51,1,0,0,0
00_Rock1-130-A_comp,allinone+cnnlstm+demucs+tau0.6,11,11,12,0.9413,0.9413,0.8628,0.0,42.51,0,0,0,0
00_Rock1-130-A_comp,allinone+cnnlstm+demucs+tau0.7,11,11,12,0.9413,0.9413,0.8628,0.0,42.51,0,0,0,0
00_Rock1-130-A_comp,madmom+btc,11,8,12,0.9016,0.677,0.6205,0.1053,2.59,0,0,0,0
00_Rock1-130-A_comp,madmom+btc+tau0.3,12,10,12,0.5433,0.3186,0.2921,0.1053,3.11,5,0,0,0
00_Rock1-130-A_comp,madmom+btc+tau0.4,12,10,12,0.6073,0.3827,0.3508,0.1053,3.11,4,0,0,0
00_Rock1-130-A_comp,madmom+btc+tau0.5,11,9,12,0.8008,0.5762,0.5282,0.1053,3.11,2,0,0,0
00_Rock1-130-A_comp,madmom+btc+tau0.6,11,8,12,0.9016,0.677,0.6205,0.1053,3.11,1,0,0,0
00_Rock1-130-A_comp,madmom+btc+tau0.7,11,8,12,0.9016,0.677,0.6205,0.1053,3.11,1,0,0,0
00_Rock1-130-A_comp,madmom+btc+demucs,11,8,12,0.9016,0.677,0.6205,0.1053,7.53,0,0,0,0
00_Rock1-130-A_comp,madmom+btc+demucs+tau0.3,12,10,12,0.5433,0.3186,0.2921,0.1053,7.6,5,0,0,0
00_Rock1-130-A_comp,madmom+btc+demucs+tau0.4,12,10,12,0.6073,0.3827,0.3508,0.1053,7.6,4,0,0,0
00_Rock1-130-A_comp,madmom+btc+demucs+tau0.5,11,9,12,0.8008,0.5762,0.5282,0.1053,7.6,2,0,0,0
00_Rock1-130-A_comp,madmom+btc+demucs+tau0.6,11,8,12,0.9016,0.677,0.6205,0.1053,7.6,1,0,0,0
00_Rock1-130-A_comp,madmom+btc+demucs+tau0.7,11,8,12,0.9016,0.677,0.6205,0.1053,7.6,1,0,0,0
00_Rock1-130-A_comp,madmom+cnnlstm,9,6,12,0.9181,0.9181,0.8416,0.1053,1.54,0,0,0,0
00_Rock1-130-A_comp,madmom+cnnlstm+tau0.3,11,9,12,0.5433,0.5433,0.498,0.1053,2.06,4,0,0,0
00_Rock1-130-A_comp,madmom+cnnlstm+tau0.4,11,9,12,0.5433,0.5433,0.498,0.1053,2.06,4,0,0,0
00_Rock1-130-A_comp,madmom+cnnlstm+tau0.5,10,8,12,0.7368,0.7368,0.6754,0.1053,2.06,2,0,0,0
00_Rock1-130-A_comp,madmom+cnnlstm+tau0.6,9,6,12,0.9181,0.9181,0.8416,0.1053,2.06,0,0,0,0
00_Rock1-130-A_comp,madmom+cnnlstm+tau0.7,9,6,12,0.9181,0.9181,0.8416,0.1053,2.06,0,0,0,0
00_Rock1-130-A_comp,madmom+cnnlstm+demucs,9,6,12,0.9181,0.9181,0.8416,0.1053,7.76,0,0,0,0
00_Rock1-130-A_comp,madmom+cnnlstm+demucs+tau0.3,11,9,12,0.5433,0.5433,0.498,0.1053,7.83,4,0,0,0
00_Rock1-130-A_comp,madmom+cnnlstm+demucs+tau0.4,11,9,12,0.5433,0.5433,0.498,0.1053,7.83,4,0,0,0
00_Rock1-130-A_comp,madmom+cnnlstm+demucs+tau0.5,10,8,12,0.7368,0.7368,0.6754,0.1053,7.83,2,0,0,0
00_Rock1-130-A_comp,madmom+cnnlstm+demucs+tau0.6,9,6,12,0.9181,0.9181,0.8416,0.1053,7.83,0,0,0,0
00_Rock1-130-A_comp,madmom+cnnlstm+demucs+tau0.7,9,6,12,0.9181,0.9181,0.8416,0.1053,7.83,0,0,0,0
00_Rock1-90-C#_comp,allinone+btc,7,3,12,0.8448,0.8154,0.6795,0.8182,49.05,0,0,0,0
00_Rock1-90-C#_comp,allinone+btc+tau0.3,9,8,12,0.3901,0.368,0.3067,0.8182,49.15,6,0,0,0
00_Rock1-90-C#_comp,allinone+btc+tau0.4,9,6,12,0.5973,0.5184,0.432,0.8182,49.15,3,0,0,0
00_Rock1-90-C#_comp,allinone+btc+tau0.5,8,5,12,0.6804,0.6181,0.5151,0.8182,49.15,2,0,0,0
00_Rock1-90-C#_comp,allinone+btc+tau0.6,8,5,12,0.6804,0.6181,0.5151,0.8182,49.15,2,0,0,0
00_Rock1-90-C#_comp,allinone+btc+tau0.7,7,3,12,0.8448,0.8154,0.6795,0.8182,49.15,0,0,0,0
00_Rock1-90-C#_comp,allinone+btc+demucs,7,3,12,0.8448,0.8154,0.6795,0.8182,58.26,0,0,0,0
00_Rock1-90-C#_comp,allinone+btc+demucs+tau0.3,9,8,12,0.3901,0.368,0.3067,0.8182,58.34,6,0,0,0
00_Rock1-90-C#_comp,allinone+btc+demucs+tau0.4,9,6,12,0.5973,0.5184,0.432,0.8182,58.34,3,0,0,0
00_Rock1-90-C#_comp,allinone+btc+demucs+tau0.5,8,5,12,0.6804,0.6181,0.5151,0.8182,58.34,2,0,0,0
00_Rock1-90-C#_comp,allinone+btc+demucs+tau0.6,8,5,12,0.6804,0.6181,0.5151,0.8182,58.34,2,0,0,0
00_Rock1-90-C#_comp,allinone+btc+demucs+tau0.7,7,3,12,0.8448,0.8154,0.6795,0.8182,58.34,0,0,0,0
00_Rock1-90-C#_comp,allinone+cnnlstm,7,3,12,0.8448,0.8154,0.6795,0.8182,49.44,0,0,0,0
00_Rock1-90-C#_comp,allinone+cnnlstm+tau0.3,9,8,12,0.3901,0.368,0.3067,0.8182,49.53,6,0,0,0
00_Rock1-90-C#_comp,allinone+cnnlstm+tau0.4,9,6,12,0.5973,0.5184,0.432,0.8182,49.53,3,0,0,0
00_Rock1-90-C#_comp,allinone+cnnlstm+tau0.5,8,5,12,0.6804,0.6181,0.5151,0.8182,49.53,2,0,0,0
00_Rock1-90-C#_comp,allinone+cnnlstm+tau0.6,8,5,12,0.6804,0.6181,0.5151,0.8182,49.53,2,0,0,0
00_Rock1-90-C#_comp,allinone+cnnlstm+tau0.7,7,3,12,0.8448,0.8154,0.6795,0.8182,49.53,0,0,0,0
00_Rock1-90-C#_comp,allinone+cnnlstm+demucs,7,3,12,0.8448,0.8154,0.6795,0.8182,58.62,0,0,0,0
00_Rock1-90-C#_comp,allinone+cnnlstm+demucs+tau0.3,9,8,12,0.3901,0.368,0.3067,0.8182,58.7,6,0,0,0
00_Rock1-90-C#_comp,allinone+cnnlstm+demucs+tau0.4,9,6,12,0.5973,0.5184,0.432,0.8182,58.7,3,0,0,0
00_Rock1-90-C#_comp,allinone+cnnlstm+demucs+tau0.5,8,5,12,0.6804,0.6181,0.5151,0.8182,58.7,2,0,0,0
00_Rock1-90-C#_comp,allinone+cnnlstm+demucs+tau0.6,8,5,12,0.6804,0.6181,0.5151,0.8182,58.7,2,0,0,0
00_Rock1-90-C#_comp,allinone+cnnlstm+demucs+tau0.7,7,3,12,0.8448,0.8154,0.6795,0.8182,58.7,0,0,0,0
00_Rock1-90-C#_comp,madmom+btc,6,0,12,0.9942,0.9946,0.8289,0.96,1.72,0,0,0,0
00_Rock1-90-C#_comp,madmom+btc+tau0.3,9,6,12,0.4982,0.4974,0.4145,0.96,1.82,6,0,0,0
00_Rock1-90-C#_comp,madmom+btc+tau0.4,8,3,12,0.747,0.698,0.5817,0.96,1.82,3,0,0,0
00_Rock1-90-C#_comp,madmom+btc+tau0.5,7,2,12,0.8301,0.7977,0.6648,0.96,1.82,2,0,0,0
00_Rock1-90-C#_comp,madmom+btc+tau0.6,7,2,12,0.8301,0.7977,0.6648,0.96,1.82,2,0,0,0
00_Rock1-90-C#_comp,madmom+btc+tau0.7,6,0,12,0.9942,0.9946,0.8289,0.96,1.82,0,0,0,0
00_Rock1-90-C#_comp,madmom+btc+demucs,6,0,12,0.9942,0.9946,0.8289,0.96,10.93,0,0,0,0
00_Rock1-90-C#_comp,madmom+btc+demucs+tau0.3,9,6,12,0.4982,0.4974,0.4145,0.96,11.01,6,0,0,0
00_Rock1-90-C#_comp,madmom+btc+demucs+tau0.4,8,3,12,0.747,0.698,0.5817,0.96,11.01,3,0,0,0
00_Rock1-90-C#_comp,madmom+btc+demucs+tau0.5,7,2,12,0.8301,0.7977,0.6648,0.96,11.01,2,0,0,0
00_Rock1-90-C#_comp,madmom+btc+demucs+tau0.6,7,2,12,0.8301,0.7977,0.6648,0.96,11.01,2,0,0,0
00_Rock1-90-C#_comp,madmom+btc+demucs+tau0.7,6,0,12,0.9942,0.9946,0.8289,0.96,11.01,0,0,0,0
00_Rock1-90-C#_comp,madmom+cnnlstm,6,0,12,0.9942,0.9946,0.8289,0.96,2.1,0,0,0,0
00_Rock1-90-C#_comp,madmom+cnnlstm+tau0.3,9,6,12,0.4982,0.4974,0.4145,0.96,2.2,6,0,0,0
00_Rock1-90-C#_comp,madmom+cnnlstm+tau0.4,8,3,12,0.747,0.698,0.5817,0.96,2.2,3,0,0,0
00_Rock1-90-C#_comp,madmom+cnnlstm+tau0.5,7,2,12,0.8301,0.7977,0.6648,0.96,2.2,2,0,0,0
00_Rock1-90-C#_comp,madmom+cnnlstm+tau0.6,7,2,12,0.8301,0.7977,0.6648,0.96,2.2,2,0,0,0
00_Rock1-90-C#_comp,madmom+cnnlstm+tau0.7,6,0,12,0.9942,0.9946,0.8289,0.96,2.2,0,0,0,0
00_Rock1-90-C#_comp,madmom+cnnlstm+demucs,6,0,12,0.9942,0.9946,0.8289,0.96,11.29,0,0,0,0
00_Rock1-90-C#_comp,madmom+cnnlstm+demucs+tau0.3,9,6,12,0.4982,0.4974,0.4145,0.96,11.37,6,0,0,0
00_Rock1-90-C#_comp,madmom+cnnlstm+demucs+tau0.4,8,3,12,0.747,0.698,0.5817,0.96,11.37,3,0,0,0
00_Rock1-90-C#_comp,madmom+cnnlstm+demucs+tau0.5,7,2,12,0.8301,0.7977,0.6648,0.96,11.37,2,0,0,0
00_Rock1-90-C#_comp,madmom+cnnlstm+demucs+tau0.6,7,2,12,0.8301,0.7977,0.6648,0.96,11.37,2,0,0,0
00_Rock1-90-C#_comp,madmom+cnnlstm+demucs+tau0.7,6,0,12,0.9942,0.9946,0.8289,0.96,11.37,0,0,0,0
00_Rock2-142-D_comp,allinone+btc,13,11,16,0.8135,0.7514,0.5635,0.1481,41.98,0,0,0,0
00_Rock2-142-D_comp,allinone+btc+tau0.3,14,12,16,0.7302,0.668,0.501,0.1481,42.06,1,0,0,0
00_Rock2-142-D_comp,allinone+btc+tau0.4,14,12,16,0.7302,0.668,0.501,0.1481,42.06,1,0,0,0
00_Rock2-142-D_comp,allinone+btc+tau0.5,14,12,16,0.7302,0.668,0.501,0.1481,42.06,1,0,0,0
00_Rock2-142-D_comp,allinone+btc+tau0.6,14,12,16,0.7302,0.668,0.501,0.1481,42.06,1,0,0,0
00_Rock2-142-D_comp,allinone+btc+tau0.7,13,11,16,0.8135,0.7514,0.5635,0.1481,42.06,0,0,0,0
00_Rock2-142-D_comp,allinone+btc+demucs,13,11,16,0.8135,0.7514,0.5635,0.1481,49.86,0,0,0,0
00_Rock2-142-D_comp,allinone+btc+demucs+tau0.3,14,12,16,0.7302,0.668,0.501,0.1481,49.93,1,0,0,0
00_Rock2-142-D_comp,allinone+btc+demucs+tau0.4,14,12,16,0.7302,0.668,0.501,0.1481,49.93,1,0,0,0
00_Rock2-142-D_comp,allinone+btc+demucs+tau0.5,14,12,16,0.7302,0.668,0.501,0.1481,49.93,1,0,0,0
00_Rock2-142-D_comp,allinone+btc+demucs+tau0.6,14,12,16,0.7302,0.668,0.501,0.1481,49.93,1,0,0,0
00_Rock2-142-D_comp,allinone+btc+demucs+tau0.7,13,11,16,0.8135,0.7514,0.5635,0.1481,49.93,0,0,0,0
00_Rock2-142-D_comp,allinone+cnnlstm,12,10,16,0.821,0.821,0.6157,0.1481,42.41,0,0,0,0
00_Rock2-142-D_comp,allinone+cnnlstm+tau0.3,13,11,16,0.7377,0.7377,0.5532,0.1481,42.49,1,0,0,0
00_Rock2-142-D_comp,allinone+cnnlstm+tau0.4,13,11,16,0.7377,0.7377,0.5532,0.1481,42.49,1,0,0,0
00_Rock2-142-D_comp,allinone+cnnlstm+tau0.5,13,11,16,0.7377,0.7377,0.5532,0.1481,42.49,1,0,0,0
00_Rock2-142-D_comp,allinone+cnnlstm+tau0.6,13,11,16,0.7377,0.7377,0.5532,0.1481,42.49,1,0,0,0
00_Rock2-142-D_comp,allinone+cnnlstm+tau0.7,12,10,16,0.821,0.821,0.6157,0.1481,42.49,0,0,0,0
00_Rock2-142-D_comp,allinone+cnnlstm+demucs,12,10,16,0.821,0.821,0.6157,0.1481,50.15,0,0,0,0
00_Rock2-142-D_comp,allinone+cnnlstm+demucs+tau0.3,13,11,16,0.7377,0.7377,0.5532,0.1481,50.23,1,0,0,0
00_Rock2-142-D_comp,allinone+cnnlstm+demucs+tau0.4,13,11,16,0.7377,0.7377,0.5532,0.1481,50.23,1,0,0,0
00_Rock2-142-D_comp,allinone+cnnlstm+demucs+tau0.5,13,11,16,0.7377,0.7377,0.5532,0.1481,50.23,1,0,0,0
00_Rock2-142-D_comp,allinone+cnnlstm+demucs+tau0.6,13,11,16,0.7377,0.7377,0.5532,0.1481,50.23,1,0,0,0
00_Rock2-142-D_comp,allinone+cnnlstm+demucs+tau0.7,12,10,16,0.821,0.821,0.6157,0.1481,50.23,0,0,0,0
00_Rock2-142-D_comp,madmom+btc,13,12,16,0.9074,0.8452,0.6339,0.0741,1.45,0,0,0,0
00_Rock2-142-D_comp,madmom+btc+tau0.3,14,13,16,0.7698,0.7077,0.5307,0.0741,1.53,2,0,0,0
00_Rock2-142-D_comp,madmom+btc+tau0.4,14,13,16,0.7698,0.7077,0.5307,0.0741,1.53,2,0,0,0
00_Rock2-142-D_comp,madmom+btc+tau0.5,14,13,16,0.7698,0.7077,0.5307,0.0741,1.53,2,0,0,0
00_Rock2-142-D_comp,madmom+btc+tau0.6,14,13,16,0.7698,0.7077,0.5307,0.0741,1.53,2,0,0,0
00_Rock2-142-D_comp,madmom+btc+tau0.7,13,12,16,0.8531,0.791,0.5933,0.0741,1.53,1,0,0,0
00_Rock2-142-D_comp,madmom+btc+demucs,13,12,16,0.9074,0.8452,0.6339,0.0741,9.32,0,0,0,0
00_Rock2-142-D_comp,madmom+btc+demucs+tau0.3,14,13,16,0.7698,0.7077,0.5307,0.0741,9.4,2,0,0,0
00_Rock2-142-D_comp,madmom+btc+demucs+tau0.4,14,13,16,0.7698,0.7077,0.5307,0.0741,9.4,2,0,0,0
00_Rock2-142-D_comp,madmom+btc+demucs+tau0.5,14,13,16,0.7698,0.7077,0.5307,0.0741,9.4,2,0,0,0
00_Rock2-142-D_comp,madmom+btc+demucs+tau0.6,14,13,16,0.7698,0.7077,0.5307,0.0741,9.4,2,0,0,0
00_Rock2-142-D_comp,madmom+btc+demucs+tau0.7,13,12,16,0.8531,0.791,0.5933,0.0741,9.4,1,0,0,0
00_Rock2-142-D_comp,madmom+cnnlstm,13,12,16,0.9277,0.9277,0.6957,0.0741,1.87,0,0,0,0
00_Rock2-142-D_comp,madmom+cnnlstm+tau0.3,14,13,16,0.7397,0.7397,0.5548,0.0741,1.95,3,0,0,0
00_Rock2-142-D_comp,madmom+cnnlstm+tau0.4,14,13,16,0.7901,0.7901,0.5926,0.0741,1.95,2,0,0,0
00_Rock2-142-D_comp,madmom+cnnlstm+tau0.5,14,13,16,0.7901,0.7901,0.5926,0.0741,1.95,2,0,0,0
00_Rock2-142-D_comp,madmom+cnnlstm+tau0.6,14,13,16,0.7901,0.7901,0.5926,0.0741,1.95,2,0,0,0
00_Rock2-142-D_comp,madmom+cnnlstm+tau0.7,13,12,16,0.8734,0.8734,0.6551,0.0741,1.95,1,0,0,0
00_Rock2-142-D_comp,madmom+cnnlstm+demucs,13,12,16,0.9277,0.9277,0.6957,0.0741,9.62,0,0,0,0
00_Rock2-142-D_comp,madmom+cnnlstm+demucs+tau0.3,14,13,16,0.7397,0.7397,0.5548,0.0741,9.69,3,0,0,0
00_Rock2-142-D_comp,madmom+cnnlstm+demucs+tau0.4,14,13,16,0.7901,0.7901,0.5926,0.0741,9.69,2,0,0,0
00_Rock2-142-D_comp,madmom+cnnlstm+demucs+tau0.5,14,13,16,0.7901,0.7901,0.5926,0.0741,9.69,2,0,0,0
00_Rock2-142-D_comp,madmom+cnnlstm+demucs+tau0.6,14,13,16,0.7901,0.7901,0.5926,0.0741,9.69,2,0,0,0
00_Rock2-142-D_comp,madmom+cnnlstm+demucs+tau0.7,13,12,16,0.8734,0.8734,0.6551,0.0741,9.69,1,0,0,0
00_Rock2-85-F_comp,allinone+btc,16,16,16,0.9393,0.8442,0.6859,0.0,63.82,0,0,0,0
00_Rock2-85-F_comp,allinone+btc+tau0.3,16,16,16,0.8813,0.7862,0.6388,0.0,63.94,2,0,0,0
00_Rock2-85-F_comp,allinone+btc+tau0.4,16,16,16,0.9393,0.8442,0.6859,0.0,63.94,1,0,0,0
00_Rock2-85-F_comp,allinone+btc+tau0.5,16,16,16,0.9393,0.8442,0.6859,0.0,63.94,1,0,0,0
00_Rock2-85-F_comp,allinone+btc+tau0.6,16,16,16,0.9393,0.8442,0.6859,0.0,63.94,1,0,0,0
00_Rock2-85-F_comp,allinone+btc+tau0.7,16,16,16,0.9393,0.8442,0.6859,0.0,63.94,1,0,0,0
00_Rock2-85-F_comp,allinone+btc+demucs,16,16,16,0.9393,0.8442,0.6859,0.0,76.1,0,0,0,0
00_Rock2-85-F_comp,allinone+btc+demucs+tau0.3,16,16,16,0.8813,0.7862,0.6388,0.0,76.22,2,0,0,0
00_Rock2-85-F_comp,allinone+btc+demucs+tau0.4,16,16,16,0.9393,0.8442,0.6859,0.0,76.22,1,0,0,0
00_Rock2-85-F_comp,allinone+btc+demucs+tau0.5,16,16,16,0.9393,0.8442,0.6859,0.0,76.22,1,0,0,0
00_Rock2-85-F_comp,allinone+btc+demucs+tau0.6,16,16,16,0.9393,0.8442,0.6859,0.0,76.22,1,0,0,0
00_Rock2-85-F_comp,allinone+btc+demucs+tau0.7,16,16,16,0.9393,0.8442,0.6859,0.0,76.22,1,0,0,0
00_Rock2-85-F_comp,allinone+cnnlstm,16,16,16,0.9393,0.7864,0.639,0.0,64.35,0,0,0,0
00_Rock2-85-F_comp,allinone+cnnlstm+tau0.3,16,16,16,0.8813,0.7284,0.5919,0.0,64.47,3,0,0,0
00_Rock2-85-F_comp,allinone+cnnlstm+tau0.4,16,16,16,0.9393,0.7864,0.639,0.0,64.47,1,0,0,0
00_Rock2-85-F_comp,allinone+cnnlstm+tau0.5,16,16,16,0.9393,0.7864,0.639,0.0,64.47,1,0,0,0
00_Rock2-85-F_comp,allinone+cnnlstm+tau0.6,16,16,16,0.9393,0.7864,0.639,0.0,64.47,1,0,0,0
00_Rock2-85-F_comp,allinone+cnnlstm+tau0.7,16,16,16,0.9393,0.7864,0.639,0.0,64.47,1,0,0,0
00_Rock2-85-F_comp,allinone+cnnlstm+demucs,16,16,16,0.9005,0.7476,0.6075,0.0,76.53,0,0,0,0
00_Rock2-85-F_comp,allinone+cnnlstm+demucs+tau0.3,16,16,16,0.8425,0.6896,0.5603,0.0,76.65,3,0,0,0
00_Rock2-85-F_comp,allinone+cnnlstm+demucs+tau0.4,16,16,16,0.9005,0.7476,0.6075,0.0,76.65,1,0,0,0
00_Rock2-85-F_comp,allinone+cnnlstm+demucs+tau0.5,16,16,16,0.9005,0.7476,0.6075,0.0,76.65,1,0,0,0
00_Rock2-85-F_comp,allinone+cnnlstm+demucs+tau0.6,16,16,16,0.9005,0.7476,0.6075,0.0,76.65,1,0,0,0
00_Rock2-85-F_comp,allinone+cnnlstm+demucs+tau0.7,16,16,16,0.9005,0.7476,0.6075,0.0,76.65,1,0,0,0
00_Rock2-85-F_comp,madmom+btc,16,16,16,0.9772,0.8818,0.7164,0.0,2.36,0,0,0,0
00_Rock2-85-F_comp,madmom+btc+tau0.3,16,16,16,0.9192,0.8238,0.6693,0.0,2.48,2,0,0,0
00_Rock2-85-F_comp,madmom+btc+tau0.4,16,16,16,0.9772,0.8818,0.7164,0.0,2.48,1,0,0,0
00_Rock2-85-F_comp,madmom+btc+tau0.5,16,16,16,0.9772,0.8818,0.7164,0.0,2.48,1,0,0,0
00_Rock2-85-F_comp,madmom+btc+tau0.6,16,16,16,0.9772,0.8818,0.7164,0.0,2.48,1,0,0,0
00_Rock2-85-F_comp,madmom+btc+tau0.7,16,16,16,0.9772,0.8818,0.7164,0.0,2.48,1,0,0,0
00_Rock2-85-F_comp,madmom+btc+demucs,16,16,16,0.9772,0.8818,0.7164,0.0,14.64,0,0,0,0
00_Rock2-85-F_comp,madmom+btc+demucs+tau0.3,16,16,16,0.9192,0.8238,0.6693,0.0,14.76,2,0,0,0
00_Rock2-85-F_comp,madmom+btc+demucs+tau0.4,16,16,16,0.9772,0.8818,0.7164,0.0,14.76,1,0,0,0
00_Rock2-85-F_comp,madmom+btc+demucs+tau0.5,16,16,16,0.9772,0.8818,0.7164,0.0,14.76,1,0,0,0
00_Rock2-85-F_comp,madmom+btc+demucs+tau0.6,16,16,16,0.9772,0.8818,0.7164,0.0,14.76,1,0,0,0
00_Rock2-85-F_comp,madmom+btc+demucs+tau0.7,16,16,16,0.9772,0.8818,0.7164,0.0,14.76,1,0,0,0
00_Rock2-85-F_comp,madmom+cnnlstm,16,16,16,0.9772,0.8243,0.6697,0.0,2.89,0,0,0,0
00_Rock2-85-F_comp,madmom+cnnlstm+tau0.3,16,16,16,0.9192,0.7663,0.6226,0.0,3.01,3,0,0,0
00_Rock2-85-F_comp,madmom+cnnlstm+tau0.4,16,16,16,0.9772,0.8243,0.6697,0.0,3.01,1,0,0,0
00_Rock2-85-F_comp,madmom+cnnlstm+tau0.5,16,16,16,0.9772,0.8243,0.6697,0.0,3.01,1,0,0,0
00_Rock2-85-F_comp,madmom+cnnlstm+tau0.6,16,16,16,0.9772,0.8243,0.6697,0.0,3.01,1,0,0,0
00_Rock2-85-F_comp,madmom+cnnlstm+tau0.7,16,16,16,0.9772,0.8243,0.6697,0.0,3.01,1,0,0,0
00_Rock2-85-F_comp,madmom+cnnlstm+demucs,16,16,16,0.9389,0.786,0.6387,0.0,15.07,0,0,0,0
00_Rock2-85-F_comp,madmom+cnnlstm+demucs+tau0.3,16,16,16,0.8809,0.728,0.5915,0.0,15.19,3,0,0,0
00_Rock2-85-F_comp,madmom+cnnlstm+demucs+tau0.4,16,16,16,0.9389,0.786,0.6387,0.0,15.19,1,0,0,0
00_Rock2-85-F_comp,madmom+cnnlstm+demucs+tau0.5,16,16,16,0.9389,0.786,0.6387,0.0,15.19,1,0,0,0
00_Rock2-85-F_comp,madmom+cnnlstm+demucs+tau0.6,16,16,16,0.9389,0.786,0.6387,0.0,15.19,1,0,0,0
00_Rock2-85-F_comp,madmom+cnnlstm+demucs+tau0.7,16,16,16,0.9389,0.786,0.6387,0.0,15.19,1,0,0,0
00_Rock3-117-Bb_comp,allinone+btc,6,1,16,0.9301,0.9301,0.872,0.3478,49.26,0,0,0,0
00_Rock3-117-Bb_comp,allinone+btc+tau0.3,9,9,16,0.4852,0.4852,0.4549,0.3478,49.35,8,0,0,0
00_Rock3-117-Bb_comp,allinone+btc+tau0.4,9,9,16,0.4852,0.4852,0.4549,0.3478,49.35,8,0,0,0
00_Rock3-117-Bb_comp,allinone+btc+tau0.5,9,8,16,0.5477,0.5477,0.5135,0.3478,49.35,7,0,0,0
00_Rock3-117-Bb_comp,allinone+btc+tau0.6,9,5,16,0.6761,0.6761,0.6339,0.3478,49.35,4,0,0,0
00_Rock3-117-Bb_comp,allinone+btc+tau0.7,8,3,16,0.8008,0.8008,0.7508,0.3478,49.35,2,0,0,0
00_Rock3-117-Bb_comp,allinone+btc+demucs,6,1,16,0.9301,0.9301,0.872,0.3478,58.47,0,0,0,0
00_Rock3-117-Bb_comp,allinone+btc+demucs+tau0.3,9,9,16,0.4852,0.4852,0.4549,0.3478,58.56,8,0,0,0
00_Rock3-117-Bb_comp,allinone+btc+demucs+tau0.4,9,9,16,0.4852,0.4852,0.4549,0.3478,58.56,8,0,0,0
00_Rock3-117-Bb_comp,allinone+btc+demucs+tau0.5,9,8,16,0.5477,0.5477,0.5135,0.3478,58.56,7,0,0,0
00_Rock3-117-Bb_comp,allinone+btc+demucs+tau0.6,9,5,16,0.6761,0.6761,0.6339,0.3478,58.56,4,0,0,0
00_Rock3-117-Bb_comp,allinone+btc+demucs+tau0.7,8,3,16,0.8008,0.8008,0.7508,0.3478,58.56,2,0,0,0
00_Rock3-117-Bb_comp,allinone+cnnlstm,6,1,16,0.9301,0.9301,0.872,0.3478,49.62,0,0,0,0
00_Rock3-117-Bb_comp,allinone+cnnlstm+tau0.3,9,9,16,0.4852,0.4852,0.4549,0.3478,49.72,8,0,0,0
00_Rock3-117-Bb_comp,allinone+cnnlstm+tau0.4,9,9,16,0.4852,0.4852,0.4549,0.3478,49.72,8,0,0,0
00_Rock3-117-Bb_comp,allinone+cnnlstm+tau0.5,9,8,16,0.5477,0.5477,0.5135,0.3478,49.72,7,0,0,0
00_Rock3-117-Bb_comp,allinone+cnnlstm+tau0.6,9,5,16,0.6761,0.6761,0.6339,0.3478,49.72,4,0,0,0
00_Rock3-117-Bb_comp,allinone+cnnlstm+tau0.7,8,3,16,0.8008,0.8008,0.7508,0.3478,49.72,2,0,0,0
00_Rock3-117-Bb_comp,allinone+cnnlstm+demucs,6,1,16,0.9301,0.9301,0.872,0.3478,58.82,0,0,0,0
00_Rock3-117-Bb_comp,allinone+cnnlstm+demucs+tau0.3,9,9,16,0.4852,0.4852,0.4549,0.3478,58.91,8,0,0,0
00_Rock3-117-Bb_comp,allinone+cnnlstm+demucs+tau0.4,9,9,16,0.4852,0.4852,0.4549,0.3478,58.91,8,0,0,0
00_Rock3-117-Bb_comp,allinone+cnnlstm+demucs+tau0.5,9,8,16,0.5477,0.5477,0.5135,0.3478,58.91,7,0,0,0
00_Rock3-117-Bb_comp,allinone+cnnlstm+demucs+tau0.6,9,5,16,0.6761,0.6761,0.6339,0.3478,58.91,4,0,0,0
00_Rock3-117-Bb_comp,allinone+cnnlstm+demucs+tau0.7,8,3,16,0.8008,0.8008,0.7508,0.3478,58.91,2,0,0,0
00_Rock3-117-Bb_comp,madmom+btc,15,14,16,0.8417,0.8417,0.7891,0.0,1.75,0,0,0,0
00_Rock3-117-Bb_comp,madmom+btc+tau0.3,15,15,16,0.457,0.457,0.4284,0.0,1.84,8,0,0,0
00_Rock3-117-Bb_comp,madmom+btc+tau0.4,15,15,16,0.457,0.457,0.4284,0.0,1.84,8,0,0,0
00_Rock3-117-Bb_comp,madmom+btc+tau0.5,15,15,16,0.5064,0.5064,0.4747,0.0,1.84,6,0,0,0
00_Rock3-117-Bb_comp,madmom+btc+tau0.6,15,14,16,0.7335,0.7335,0.6877,0.0,1.84,2,0,0,0
00_Rock3-117-Bb_comp,madmom+btc+tau0.7,15,14,16,0.7835,0.7835,0.7345,0.0,1.84,1,0,0,0
00_Rock3-117-Bb_comp,madmom+btc+demucs,15,14,16,0.8417,0.8417,0.7891,0.0,10.96,0,0,0,0
00_Rock3-117-Bb_comp,madmom+btc+demucs+tau0.3,15,15,16,0.457,0.457,0.4284,0.0,11.05,8,0,0,0
00_Rock3-117-Bb_comp,madmom+btc+demucs+tau0.4,15,15,16,0.457,0.457,0.4284,0.0,11.05,8,0,0,0
00_Rock3-117-Bb_comp,madmom+btc+demucs+tau0.5,15,15,16,0.5064,0.5064,0.4747,0.0,11.05,6,0,0,0
00_Rock3-117-Bb_comp,madmom+btc+demucs+tau0.6,15,14,16,0.7335,0.7335,0.6877,0.0,11.05,2,0,0,0
00_Rock3-117-Bb_comp,madmom+btc+demucs+tau0.7,15,14,16,0.7835,0.7835,0.7345,0.0,11.05,1,0,0,0
00_Rock3-117-Bb_comp,madmom+cnnlstm,13,12,16,0.8581,0.8581,0.8045,0.0,2.11,0,0,0,0
00_Rock3-117-Bb_comp,madmom+cnnlstm+tau0.3,14,14,16,0.4568,0.4568,0.4282,0.0,2.21,8,0,0,0
00_Rock3-117-Bb_comp,madmom+cnnlstm+tau0.4,14,14,16,0.4568,0.4568,0.4282,0.0,2.21,8,0,0,0
00_Rock3-117-Bb_comp,madmom+cnnlstm+tau0.5,14,14,16,0.5062,0.5062,0.4745,0.0,2.21,6,0,0,0
00_Rock3-117-Bb_comp,madmom+cnnlstm+tau0.6,14,13,16,0.7333,0.7333,0.6875,0.0,2.21,2,0,0,0
00_Rock3-117-Bb_comp,madmom+cnnlstm+tau0.7,14,13,16,0.7333,0.7333,0.6875,0.0,2.21,2,0,0,0
00_Rock3-117-Bb_comp,madmom+cnnlstm+demucs,13,12,16,0.8581,0.8581,0.8045,0.0,11.31,0,0,0,0
00_Rock3-117-Bb_comp,madmom+cnnlstm+demucs+tau0.3,14,14,16,0.4568,0.4568,0.4282,0.0,11.4,8,0,0,0
00_Rock3-117-Bb_comp,madmom+cnnlstm+demucs+tau0.4,14,14,16,0.4568,0.4568,0.4282,0.0,11.4,8,0,0,0
00_Rock3-117-Bb_comp,madmom+cnnlstm+demucs+tau0.5,14,14,16,0.5062,0.5062,0.4745,0.0,11.4,6,0,0,0
00_Rock3-117-Bb_comp,madmom+cnnlstm+demucs+tau0.6,14,13,16,0.7333,0.7333,0.6875,0.0,11.4,2,0,0,0
00_Rock3-117-Bb_comp,madmom+cnnlstm+demucs+tau0.7,14,13,16,0.7333,0.7333,0.6875,0.0,11.4,2,0,0,0
00_Rock3-148-C_comp,allinone+btc,9,8,16,0.8173,0.765,0.765,0.0833,41.11,0,0,0,0
00_Rock3-148-C_comp,allinone+btc+tau0.3,15,14,16,0.46,0.4077,0.4077,0.0833,41.18,6,0,0,0
00_Rock3-148-C_comp,allinone+btc+tau0.4,15,14,16,0.46,0.4077,0.4077,0.0833,41.18,6,0,0,0
00_Rock3-148-C_comp,allinone+btc+tau0.5,13,12,16,0.5732,0.5209,0.5209,0.0833,41.18,4,0,0,0
00_Rock3-148-C_comp,allinone+btc+tau0.6,11,10,16,0.6955,0.6432,0.6432,0.0833,41.18,2,0,0,0
00_Rock3-148-C_comp,allinone+btc+tau0.7,10,9,16,0.7548,0.7025,0.7025,0.0833,41.18,1,0,0,0
00_Rock3-148-C_comp,allinone+btc+demucs,9,8,16,0.8173,0.765,0.765,0.0833,48.96,0,0,0,0
00_Rock3-148-C_comp,allinone+btc+demucs+tau0.3,15,14,16,0.46,0.4077,0.4077,0.0833,49.03,6,0,0,0
00_Rock3-148-C_comp,allinone+btc+demucs+tau0.4,15,14,16,0.46,0.4077,0.4077,0.0833,49.03,6,0,0,0
00_Rock3-148-C_comp,allinone+btc+demucs+tau0.5,13,12,16,0.5732,0.5209,0.5209,0.0833,49.03,4,0,0,0
00_Rock3-148-C_comp,allinone+btc+demucs+tau0.6,11,10,16,0.6955,0.6432,0.6432,0.0833,49.03,2,0,0,0
00_Rock3-148-C_comp,allinone+btc+demucs+tau0.7,10,9,16,0.7548,0.7025,0.7025,0.0833,49.03,1,0,0,0
00_Rock3-148-C_comp,allinone+cnnlstm,9,8,16,0.8173,0.765,0.765,0.0833,41.42,0,0,0,0
00_Rock3-148-C_comp,allinone+cnnlstm+tau0.3,15,14,16,0.46,0.4077,0.4077,0.0833,41.49,6,0,0,0
00_Rock3-148-C_comp,allinone+cnnlstm+tau0.4,15,14,16,0.46,0.4077,0.4077,0.0833,41.49,6,0,0,0
00_Rock3-148-C_comp,allinone+cnnlstm+tau0.5,13,12,16,0.5732,0.5209,0.5209,0.0833,41.49,4,0,0,0
00_Rock3-148-C_comp,allinone+cnnlstm+tau0.6,11,10,16,0.6955,0.6432,0.6432,0.0833,41.49,2,0,0,0
00_Rock3-148-C_comp,allinone+cnnlstm+tau0.7,10,9,16,0.7548,0.7025,0.7025,0.0833,41.49,1,0,0,0
00_Rock3-148-C_comp,allinone+cnnlstm+demucs,9,8,16,0.8173,0.765,0.765,0.0833,49.24,0,0,0,0
00_Rock3-148-C_comp,allinone+cnnlstm+demucs+tau0.3,15,14,16,0.46,0.4077,0.4077,0.0833,49.31,6,0,0,0
00_Rock3-148-C_comp,allinone+cnnlstm+demucs+tau0.4,15,14,16,0.46,0.4077,0.4077,0.0833,49.31,6,0,0,0
00_Rock3-148-C_comp,allinone+cnnlstm+demucs+tau0.5,13,12,16,0.5732,0.5209,0.5209,0.0833,49.31,4,0,0,0
00_Rock3-148-C_comp,allinone+cnnlstm+demucs+tau0.6,11,10,16,0.6955,0.6432,0.6432,0.0833,49.31,2,0,0,0
00_Rock3-148-C_comp,allinone+cnnlstm+demucs+tau0.7,10,9,16,0.7548,0.7025,0.7025,0.0833,49.31,1,0,0,0
00_Rock3-148-C_comp,madmom+btc,12,11,16,0.8857,0.8234,0.8234,0.16,1.39,0,0,0,0
00_Rock3-148-C_comp,madmom+btc+tau0.3,15,15,16,0.4276,0.3653,0.3653,0.16,1.47,9,0,0,0
00_Rock3-148-C_comp,madmom+btc+tau0.4,15,14,16,0.4901,0.4278,0.4278,0.16,1.47,8,0,0,0
00_Rock3-148-C_comp,madmom+btc+tau0.5,14,13,16,0.5984,0.5362,0.5362,0.16,1.47,6,0,0,0
00_Rock3-148-C_comp,madmom+btc+tau0.6,13,12,16,0.7836,0.7213,0.7213,0.16,1.47,2,0,0,0
00_Rock3-148-C_comp,madmom+btc+tau0.7,12,11,16,0.8461,0.7838,0.7838,0.16,1.47,1,0,0,0
00_Rock3-148-C_comp,madmom+btc+demucs,12,11,16,0.8857,0.8234,0.8234,0.16,9.25,0,0,0,0
00_Rock3-148-C_comp,madmom+btc+demucs+tau0.3,15,15,16,0.4276,0.3653,0.3653,0.16,9.32,9,0,0,0
00_Rock3-148-C_comp,madmom+btc+demucs+tau0.4,15,14,16,0.4901,0.4278,0.4278,0.16,9.32,8,0,0,0
00_Rock3-148-C_comp,madmom+btc+demucs+tau0.5,14,13,16,0.5984,0.5362,0.5362,0.16,9.32,6,0,0,0
00_Rock3-148-C_comp,madmom+btc+demucs+tau0.6,13,12,16,0.7836,0.7213,0.7213,0.16,9.32,2,0,0,0
00_Rock3-148-C_comp,madmom+btc+demucs+tau0.7,12,11,16,0.8461,0.7838,0.7838,0.16,9.32,1,0,0,0
00_Rock3-148-C_comp,madmom+cnnlstm,11,10,16,0.8883,0.826,0.826,0.16,1.7,0,0,0,0
00_Rock3-148-C_comp,madmom+cnnlstm+tau0.3,15,15,16,0.412,0.3498,0.3498,0.16,1.78,9,0,0,0
00_Rock3-148-C_comp,madmom+cnnlstm+tau0.4,15,14,16,0.4746,0.4123,0.4123,0.16,1.78,8,0,0,0
00_Rock3-148-C_comp,madmom+cnnlstm+tau0.5,14,13,16,0.5829,0.5207,0.5207,0.16,1.78,6,0,0,0
00_Rock3-148-C_comp,madmom+cnnlstm+tau0.6,13,12,16,0.7237,0.6614,0.6614,0.16,1.78,3,0,0,0
00_Rock3-148-C_comp,madmom+cnnlstm+tau0.7,12,11,16,0.7862,0.7239,0.7239,0.16,1.78,2,0,0,0
00_Rock3-148-C_comp,madmom+cnnlstm+demucs,11,10,16,0.8883,0.826,0.826,0.16,9.53,0,0,0,0
00_Rock3-148-C_comp,madmom+cnnlstm+demucs+tau0.3,15,15,16,0.412,0.3498,0.3498,0.16,9.6,9,0,0,0
00_Rock3-148-C_comp,madmom+cnnlstm+demucs+tau0.4,15,14,16,0.4746,0.4123,0.4123,0.16,9.6,8,0,0,0
00_Rock3-148-C_comp,madmom+cnnlstm+demucs+tau0.5,14,13,16,0.5829,0.5207,0.5207,0.16,9.6,6,0,0,0
00_Rock3-148-C_comp,madmom+cnnlstm+demucs+tau0.6,13,12,16,0.7237,0.6614,0.6614,0.16,9.6,3,0,0,0
00_Rock3-148-C_comp,madmom+cnnlstm+demucs+tau0.7,12,11,16,0.7862,0.7239,0.7239,0.16,9.6,2,0,0,0
00_SS1-100-C#_comp,allinone+btc,12,8,12,0.9117,0.9117,0.8358,0.0,43.37,0,0,1,0
00_SS1-100-C#_comp,allinone+btc+tau0.3,12,10,12,0.275,0.275,0.3146,0.0,43.45,9,1,1,1
00_SS1-100-C#_comp,allinone+btc+tau0.4,12,8,12,0.8443,0.8443,0.8365,0.0,43.45,2,1,1,1
00_SS1-100-C#_comp,allinone+btc+tau0.5,12,8,12,0.8443,0.8443,0.8365,0.0,43.45,2,1,1,1
00_SS1-100-C#_comp,allinone+btc+tau0.6,12,8,12,0.8443,0.8443,0.774,0.0,43.45,1,0,1,0
00_SS1-100-C#_comp,allinone+btc+tau0.7,12,8,12,0.9117,0.9117,0.8358,0.0,43.45,0,0,1,0
00_SS1-100-C#_comp,allinone+btc+demucs,12,8,12,0.9117,0.9117,0.8358,0.0,51.2,0,0,1,0
00_SS1-100-C#_comp,allinone+btc+demucs+tau0.3,12,10,12,0.275,0.275,0.3146,0.0,51.28,9,1,1,1
00_SS1-100-C#_comp,allinone+btc+demucs+tau0.4,12,8,12,0.8443,0.8443,0.8365,0.0,51.28,2,1,1,1
00_SS1-100-C#_comp,allinone+btc+demucs+tau0.5,12,8,12,0.8443,0.8443,0.8365,0.0,51.28,2,1,1,1
00_SS1-100-C#_comp,allinone+btc+demucs+tau0.6,12,8,12,0.8443,0.8443,0.774,0.0,51.28,1,0,1,0
00_SS1-100-C#_comp,allinone+btc+demucs+tau0.7,12,8,12,0.9117,0.9117,0.8358,0.0,51.28,0,0,1,0
00_SS1-100-C#_comp,allinone+cnnlstm,11,6,12,0.9102,0.9102,0.8344,0.0,43.71,0,0,1,0
00_SS1-100-C#_comp,allinone+cnnlstm+tau0.3,12,10,12,0.2394,0.2394,0.2819,0.0,43.79,9,1,1,1
00_SS1-100-C#_comp,allinone+cnnlstm+tau0.4,12,8,12,0.6712,0.6712,0.6778,0.0,43.79,4,1,1,1
00_SS1-100-C#_comp,allinone+cnnlstm+tau0.5,11,7,12,0.7511,0.7511,0.751,0.0,43.79,3,1,1,1
00_SS1-100-C#_comp,allinone+cnnlstm+tau0.6,11,6,12,0.8314,0.8314,0.7622,0.0,43.79,1,0,1,0
00_SS1-100-C#_comp,allinone+cnnlstm+tau0.7,11,6,12,0.9102,0.9102,0.8344,0.0,43.79,0,0,1,0
00_SS1-100-C#_comp,allinone+cnnlstm+demucs,11,6,12,0.9102,0.9102,0.8344,0.0,51.53,0,0,1,0
00_SS1-100-C#_comp,allinone+cnnlstm+demucs+tau0.3,12,10,12,0.2394,0.2394,0.2819,0.0,51.61,9,1,1,1
00_SS1-100-C#_comp,allinone+cnnlstm+demucs+tau0.4,12,8,12,0.6712,0.6712,0.6778,0.0,51.61,4,1,1,1
00_SS1-100-C#_comp,allinone+cnnlstm+demucs+tau0.5,11,7,12,0.7511,0.7511,0.751,0.0,51.61,3,1,1,1
00_SS1-100-C#_comp,allinone+cnnlstm+demucs+tau0.6,11,6,12,0.8314,0.8314,0.7622,0.0,51.61,1,0,1,0
00_SS1-100-C#_comp,allinone+cnnlstm+demucs+tau0.7,11,6,12,0.9102,0.9102,0.8344,0.0,51.61,0,0,1,0
00_SS1-100-C#_comp,madmom+btc,12,12,12,0.9985,0.9985,0.9153,0.0,1.53,0,0,1,0
00_SS1-100-C#_comp,madmom+btc+tau0.3,12,12,12,0.4515,0.4515,0.4771,0.0,1.61,8,1,1,1
00_SS1-100-C#_comp,madmom+btc+tau0.4,12,12,12,0.8394,0.8394,0.8326,0.0,1.61,3,1,1,1
00_SS1-100-C#_comp,madmom+btc+tau0.5,12,12,12,0.9985,0.9985,0.9785,0.0,1.61,1,1,1,1
00_SS1-100-C#_comp,madmom+btc+tau0.6,12,12,12,0.9985,0.9985,0.9153,0.0,1.61,0,0,1,0
00_SS1-100-C#_comp,madmom+btc+tau0.7,12,12,12,0.9985,0.9985,0.9153,0.0,1.61,0,0,1,0
00_SS1-100-C#_comp,madmom+btc+demucs,12,12,12,0.9985,0.9985,0.9153,0.0,9.36,0,0,1,0
00_SS1-100-C#_comp,madmom+btc+demucs+tau0.3,12,12,12,0.4515,0.4515,0.4771,0.0,9.43,8,1,1,1
00_SS1-100-C#_comp,madmom+btc+demucs+tau0.4,12,12,12,0.8394,0.8394,0.8326,0.0,9.43,3,1,1,1
00_SS1-100-C#_comp,madmom+btc+demucs+tau0.5,12,12,12,0.9985,0.9985,0.9785,0.0,9.43,1,1,1,1
00_SS1-100-C#_comp,madmom+btc+demucs+tau0.6,12,12,12,0.9985,0.9985,0.9153,0.0,9.43,0,0,1,0
00_SS1-100-C#_comp,madmom+btc+demucs+tau0.7,12,12,12,0.9985,0.9985,0.9153,0.0,9.43,0,0,1,0
00_SS1-100-C#_comp,madmom+cnnlstm,12,12,12,0.9985,0.9985,0.9153,0.0,1.87,0,0,1,0
00_SS1-100-C#_comp,madmom+cnnlstm+tau0.3,12,12,12,0.4515,0.4515,0.4771,0.0,1.95,8,1,1,1
00_SS1-100-C#_comp,madmom+cnnlstm+tau0.4,12,12,12,0.8394,0.8394,0.8326,0.0,1.95,3,1,1,1
00_SS1-100-C#_comp,madmom+cnnlstm+tau0.5,12,12,12,0.9985,0.9985,0.9785,0.0,1.95,1,1,1,1
00_SS1-100-C#_comp,madmom+cnnlstm+tau0.6,12,12,12,0.9985,0.9985,0.9153,0.0,1.95,0,0,1,0
00_SS1-100-C#_comp,madmom+cnnlstm+tau0.7,12,12,12,0.9985,0.9985,0.9153,0.0,1.95,0,0,1,0
00_SS1-100-C#_comp,madmom+cnnlstm+demucs,12,12,12,0.9985,0.9985,0.9153,0.0,9.69,0,0,1,0
00_SS1-100-C#_comp,madmom+cnnlstm+demucs+tau0.3,12,12,12,0.4515,0.4515,0.4771,0.0,9.77,8,1,1,1
00_SS1-100-C#_comp,madmom+cnnlstm+demucs+tau0.4,12,12,12,0.8394,0.8394,0.8326,0.0,9.77,3,1,1,1
00_SS1-100-C#_comp,madmom+cnnlstm+demucs+tau0.5,12,12,12,0.9985,0.9985,0.9785,0.0,9.77,1,1,1,1
00_SS1-100-C#_comp,madmom+cnnlstm+demucs+tau0.6,12,12,12,0.9985,0.9985,0.9153,0.0,9.77,0,0,1,0
00_SS1-100-C#_comp,madmom+cnnlstm+demucs+tau0.7,12,12,12,0.9985,0.9985,0.9153,0.0,9.77,0,0,1,0
00_SS1-68-E_comp,allinone+btc,7,5,12,0.9589,0.9589,0.8789,0.6087,60.91,0,0,0,0
00_SS1-68-E_comp,allinone+btc+tau0.3,10,10,12,0.345,0.345,0.3162,0.6087,61.02,7,0,0,0
00_SS1-68-E_comp,allinone+btc+tau0.4,9,8,12,0.5938,0.5938,0.5443,0.6087,61.02,4,0,0,0
00_SS1-68-E_comp,allinone+btc+tau0.5,8,6,12,0.778,0.778,0.7132,0.6087,61.02,2,0,0,0
00_SS1-68-E_comp,allinone+btc+tau0.6,7,5,12,0.9589,0.9589,0.8789,0.6087,61.02,0,0,0,0
00_SS1-68-E_comp,allinone+btc+tau0.7,7,5,12,0.9589,0.9589,0.8789,0.6087,61.02,0,0,0,0
00_SS1-68-E_comp,allinone+btc+demucs,7,5,12,0.9589,0.9589,0.8789,0.6087,72.9,0,0,0,0
00_SS1-68-E_comp,allinone+btc+demucs+tau0.3,10,10,12,0.345,0.345,0.3162,0.6087,73.01,7,0,0,0
00_SS1-68-E_comp,allinone+btc+demucs+tau0.4,9,8,12,0.5938,0.5938,0.5443,0.6087,73.01,4,0,0,0
00_SS1-68-E_comp,allinone+btc+demucs+tau0.5,8,6,12,0.778,0.778,0.7132,0.6087,73.01,2,0,0,0
00_SS1-68-E_comp,allinone+btc+demucs+tau0.6,7,5,12,0.9589,0.9589,0.8789,0.6087,73.01,0,0,0,0
00_SS1-68-E_comp,allinone+btc+demucs+tau0.7,7,5,12,0.9589,0.9589,0.8789,0.6087,73.01,0,0,0,0
00_SS1-68-E_comp,allinone+cnnlstm,7,4,12,0.9469,0.9469,0.868,0.6087,61.38,0,0,0,0
00_SS1-68-E_comp,allinone+cnnlstm+tau0.3,10,9,12,0.333,0.333,0.3052,0.6087,61.5,7,0,0,0
00_SS1-68-E_comp,allinone+cnnlstm+tau0.4,9,7,12,0.5818,0.5818,0.5333,0.6087,61.5,4,0,0,0
00_SS1-68-E_comp,allinone+cnnlstm+tau0.5,8,5,12,0.766,0.766,0.7022,0.6087,61.5,2,0,0,0
00_SS1-68-E_comp,allinone+cnnlstm+tau0.6,7,4,12,0.9469,0.9469,0.868,0.6087,61.5,0,0,0,0
00_SS1-68-E_comp,allinone+cnnlstm+tau0.7,7,4,12,0.9469,0.9469,0.868,0.6087,61.5,0,0,0,0
00_SS1-68-E_comp,allinone+cnnlstm+demucs,7,4,12,0.9469,0.9469,0.868,0.6087,73.35,0,0,0,0
00_SS1-68-E_comp,allinone+cnnlstm+demucs+tau0.3,10,9,12,0.333,0.333,0.3052,0.6087,73.46,7,0,0,0
00_SS1-68-E_comp,allinone+cnnlstm+demucs+tau0.4,9,7,12,0.5818,0.5818,0.5333,0.6087,73.46,4,0,0,0
00_SS1-68-E_comp,allinone+cnnlstm+demucs+tau0.5,8,5,12,0.766,0.766,0.7022,0.6087,73.46,2,0,0,0
00_SS1-68-E_comp,allinone+cnnlstm+demucs+tau0.6,7,4,12,0.9469,0.9469,0.868,0.6087,73.46,0,0,0,0
00_SS1-68-E_comp,allinone+cnnlstm+demucs+tau0.7,7,4,12,0.9469,0.9469,0.868,0.6087,73.46,0,0,0,0
00_SS1-68-E_comp,madmom+btc,5,2,12,0.9733,0.9733,0.8922,0.8696,2.23,0,0,0,0
00_SS1-68-E_comp,madmom+btc+tau0.3,9,8,12,0.3588,0.3588,0.3289,0.8696,2.35,7,0,0,0
00_SS1-68-E_comp,madmom+btc+tau0.4,8,6,12,0.6073,0.6073,0.5567,0.8696,2.35,4,0,0,0
00_SS1-68-E_comp,madmom+btc+tau0.5,7,4,12,0.7915,0.7915,0.7256,0.8696,2.35,2,0,0,0
00_SS1-68-E_comp,madmom+btc+tau0.6,5,2,12,0.9733,0.9733,0.8922,0.8696,2.35,0,0,0,0
00_SS1-68-E_comp,madmom+btc+tau0.7,5,2,12,0.9733,0.9733,0.8922,0.8696,2.35,0,0,0,0
00_SS1-68-E_comp,madmom+btc+demucs,5,1,12,0.9733,0.9733,0.8922,0.8696,14.23,0,0,0,0
00_SS1-68-E_comp,madmom+btc+demucs+tau0.3,9,7,12,0.3588,0.3588,0.3289,0.8696,14.34,7,0,0,0
00_SS1-68-E_comp,madmom+btc+demucs+tau0.4,8,5,12,0.6073,0.6073,0.5567,0.8696,14.34,4,0,0,0
00_SS1-68-E_comp,madmom+btc+demucs+tau0.5,7,3,12,0.7915,0.7915,0.7256,0.8696,14.34,2,0,0,0
00_SS1-68-E_comp,madmom+btc+demucs+tau0.6,5,1,12,0.9733,0.9733,0.8922,0.8696,14.34,0,0,0,0
00_SS1-68-E_comp,madmom+btc+demucs+tau0.7,5,1,12,0.9733,0.9733,0.8922,0.8696,14.34,0,0,0,0
00_SS1-68-E_comp,madmom+cnnlstm,5,1,12,0.9733,0.9733,0.8922,0.8696,2.7,0,0,0,0
00_SS1-68-E_comp,madmom+cnnlstm+tau0.3,9,7,12,0.3588,0.3588,0.3289,0.8696,2.82,7,0,0,0
00_SS1-68-E_comp,madmom+cnnlstm+tau0.4,8,5,12,0.6073,0.6073,0.5567,0.8696,2.82,4,0,0,0
00_SS1-68-E_comp,madmom+cnnlstm+tau0.5,7,3,12,0.7915,0.7915,0.7256,0.8696,2.82,2,0,0,0
00_SS1-68-E_comp,madmom+cnnlstm+tau0.6,5,1,12,0.9733,0.9733,0.8922,0.8696,2.82,0,0,0,0
00_SS1-68-E_comp,madmom+cnnlstm+tau0.7,5,1,12,0.9733,0.9733,0.8922,0.8696,2.82,0,0,0,0
00_SS1-68-E_comp,madmom+cnnlstm+demucs,5,1,12,0.9733,0.9733,0.8922,0.8696,14.67,0,0,0,0
00_SS1-68-E_comp,madmom+cnnlstm+demucs+tau0.3,9,7,12,0.3588,0.3588,0.3289,0.8696,14.78,7,0,0,0
00_SS1-68-E_comp,madmom+cnnlstm+demucs+tau0.4,8,5,12,0.6073,0.6073,0.5567,0.8696,14.78,4,0,0,0
00_SS1-68-E_comp,madmom+cnnlstm+demucs+tau0.5,7,3,12,0.7915,0.7915,0.7256,0.8696,14.78,2,0,0,0
00_SS1-68-E_comp,madmom+cnnlstm+demucs+tau0.6,5,1,12,0.9733,0.9733,0.8922,0.8696,14.78,0,0,0,0
00_SS1-68-E_comp,madmom+cnnlstm+demucs+tau0.7,5,1,12,0.9733,0.9733,0.8922,0.8696,14.78,0,0,0,0
00_SS2-107-Ab_comp,allinone+btc,16,16,16,0.0,0.0,0.0,0.0,53.11,0,0,0,0
00_SS2-107-Ab_comp,allinone+btc+tau0.3,16,16,16,0.0,0.0,0.0,0.0,53.71,0,0,0,0
00_SS2-107-Ab_comp,allinone+btc+tau0.4,16,16,16,0.0,0.0,0.0,0.0,53.71,0,0,0,0
00_SS2-107-Ab_comp,allinone+btc+tau0.5,16,16,16,0.0,0.0,0.0,0.0,53.71,0,0,0,0
00_SS2-107-Ab_comp,allinone+btc+tau0.6,16,16,16,0.0,0.0,0.0,0.0,53.71,0,0,0,0
00_SS2-107-Ab_comp,allinone+btc+tau0.7,16,16,16,0.0,0.0,0.0,0.0,53.71,0,0,0,0
00_SS2-107-Ab_comp,allinone+btc+demucs,16,16,16,0.0,0.0,0.0,0.0,63.91,0,0,0,0
00_SS2-107-Ab_comp,allinone+btc+demucs+tau0.3,16,16,16,0.0,0.0,0.0,0.0,64.01,0,0,0,0
00_SS2-107-Ab_comp,allinone+btc+demucs+tau0.4,16,16,16,0.0,0.0,0.0,0.0,64.01,0,0,0,0
00_SS2-107-Ab_comp,allinone+btc+demucs+tau0.5,16,16,16,0.0,0.0,0.0,0.0,64.01,0,0,0,0
00_SS2-107-Ab_comp,allinone+btc+demucs+tau0.6,16,16,16,0.0,0.0,0.0,0.0,64.01,0,0,0,0
00_SS2-107-Ab_comp,allinone+btc+demucs+tau0.7,16,16,16,0.0,0.0,0.0,0.0,64.01,0,0,0,0
00_SS2-107-Ab_comp,allinone+cnnlstm,16,16,16,0.0,0.0,0.0,0.0,53.61,0,0,0,0
00_SS2-107-Ab_comp,allinone+cnnlstm+tau0.3,16,16,16,0.0,0.0,0.0,0.0,54.21,0,0,0,0
00_SS2-107-Ab_comp,allinone+cnnlstm+tau0.4,16,16,16,0.0,0.0,0.0,0.0,54.21,0,0,0,0
00_SS2-107-Ab_comp,allinone+cnnlstm+tau0.5,16,16,16,0.0,0.0,0.0,0.0,54.21,0,0,0,0
00_SS2-107-Ab_comp,allinone+cnnlstm+tau0.6,16,16,16,0.0,0.0,0.0,0.0,54.21,0,0,0,0
00_SS2-107-Ab_comp,allinone+cnnlstm+tau0.7,16,16,16,0.0,0.0,0.0,0.0,54.21,0,0,0,0
00_SS2-107-Ab_comp,allinone+cnnlstm+demucs,16,16,16,0.0,0.0,0.0,0.0,64.3,0,0,0,0
00_SS2-107-Ab_comp,allinone+cnnlstm+demucs+tau0.3,16,16,16,0.0,0.0,0.0,0.0,64.39,0,0,0,0
00_SS2-107-Ab_comp,allinone+cnnlstm+demucs+tau0.4,16,16,16,0.0,0.0,0.0,0.0,64.39,0,0,0,0
00_SS2-107-Ab_comp,allinone+cnnlstm+demucs+tau0.5,16,16,16,0.0,0.0,0.0,0.0,64.39,0,0,0,0
00_SS2-107-Ab_comp,allinone+cnnlstm+demucs+tau0.6,16,16,16,0.0,0.0,0.0,0.0,64.39,0,0,0,0
00_SS2-107-Ab_comp,allinone+cnnlstm+demucs+tau0.7,16,16,16,0.0,0.0,0.0,0.0,64.39,0,0,0,0
00_SS2-107-Ab_comp,madmom+btc,6,3,16,0.9583,0.9583,0.9003,0.9677,1.87,0,0,0,0
00_SS2-107-Ab_comp,madmom+btc+tau0.3,9,6,16,0.7463,0.7463,0.7149,0.9677,2.47,4,0,0,0
00_SS2-107-Ab_comp,madmom+btc+tau0.4,8,5,16,0.8174,0.8174,0.777,0.9677,2.47,3,0,0,0
00_SS2-107-Ab_comp,madmom+btc+tau0.5,8,5,16,0.8174,0.8174,0.777,0.9677,2.47,3,0,0,0
00_SS2-107-Ab_comp,madmom+btc+tau0.6,7,4,16,0.8888,0.8888,0.8395,0.9677,2.47,2,0,0,0
00_SS2-107-Ab_comp,madmom+btc+tau0.7,7,4,16,0.8888,0.8888,0.8396,0.9677,2.47,1,0,0,0
00_SS2-107-Ab_comp,madmom+btc+demucs,6,3,16,0.9583,0.9583,0.9003,0.9677,12.67,0,0,0,0
00_SS2-107-Ab_comp,madmom+btc+demucs+tau0.3,9,6,16,0.7463,0.7463,0.7149,0.9677,12.76,4,0,0,0
00_SS2-107-Ab_comp,madmom+btc+demucs+tau0.4,8,5,16,0.8174,0.8174,0.777,0.9677,12.76,3,0,0,0
00_SS2-107-Ab_comp,madmom+btc+demucs+tau0.5,8,5,16,0.8174,0.8174,0.777,0.9677,12.76,3,0,0,0
00_SS2-107-Ab_comp,madmom+btc+demucs+tau0.6,7,4,16,0.8888,0.8888,0.8395,0.9677,12.76,2,0,0,0
00_SS2-107-Ab_comp,madmom+btc+demucs+tau0.7,7,4,16,0.8888,0.8888,0.8396,0.9677,12.76,1,0,0,0
00_SS2-107-Ab_comp,madmom+cnnlstm,7,5,16,0.9411,0.8703,0.7615,0.9677,2.36,0,0,0,0
00_SS2-107-Ab_comp,madmom+cnnlstm+tau0.3,10,8,16,0.6578,0.6578,0.5756,0.9677,2.96,5,0,0,0
00_SS2-107-Ab_comp,madmom+cnnlstm+tau0.4,9,7,16,0.7288,0.7288,0.6377,0.9677,2.96,4,0,0,0
00_SS2-107-Ab_comp,madmom+cnnlstm+tau0.5,9,7,16,0.7288,0.7288,0.6377,0.9677,2.96,4,0,0,0
00_SS2-107-Ab_comp,madmom+cnnlstm+tau0.6,8,6,16,0.8003,0.8003,0.7002,0.9677,2.96,3,0,0,0
00_SS2-107-Ab_comp,madmom+cnnlstm+tau0.7,8,6,16,0.871,0.8003,0.7002,0.9677,2.96,2,0,0,0
00_SS2-107-Ab_comp,madmom+cnnlstm+demucs,7,5,16,0.9411,0.8703,0.8085,0.9677,13.05,0,0,0,0
00_SS2-107-Ab_comp,madmom+cnnlstm+demucs+tau0.3,10,8,16,0.6578,0.6578,0.6225,0.9677,13.15,5,0,0,0
00_SS2-107-Ab_comp,madmom+cnnlstm+demucs+tau0.4,9,7,16,0.7288,0.7288,0.6847,0.9677,13.15,4,0,0,0
00_SS2-107-Ab_comp,madmom+cnnlstm+demucs+tau0.5,9,7,16,0.7288,0.7288,0.6847,0.9677,13.15,4,0,0,0
00_SS2-107-Ab_comp,madmom+cnnlstm+demucs+tau0.6,8,6,16,0.8003,0.8003,0.7472,0.9677,13.15,3,0,0,0
00_SS2-107-Ab_comp,madmom+cnnlstm+demucs+tau0.7,8,6,16,0.871,0.8003,0.7472,0.9677,13.15,2,0,0,0
00_SS2-88-F_comp,allinone+btc,14,13,16,0.5283,0.4207,0.4052,0.32,62.23,0,0,0,0
00_SS2-88-F_comp,allinone+btc+tau0.3,15,14,16,0.4642,0.3566,0.3491,0.32,62.37,1,0,0,0
00_SS2-88-F_comp,allinone+btc+tau0.4,14,13,16,0.5283,0.4207,0.4052,0.32,62.37,0,0,0,0
00_SS2-88-F_comp,allinone+btc+tau0.5,14,13,16,0.5283,0.4207,0.4052,0.32,62.37,0,0,0,0
00_SS2-88-F_comp,allinone+btc+tau0.6,14,13,16,0.5283,0.4207,0.4052,0.32,62.37,0,0,0,0
00_SS2-88-F_comp,allinone+btc+tau0.7,14,13,16,0.5283,0.4207,0.4052,0.32,62.37,0,0,0,0
00_SS2-88-F_comp,allinone+btc+demucs,14,13,16,0.5283,0.4038,0.3904,0.32,74.39,0,0,0,0
00_SS2-88-F_comp,allinone+btc+demucs+tau0.3,15,14,16,0.4111,0.3396,0.3342,0.32,74.51,2,0,0,0
00_SS2-88-F_comp,allinone+btc+demucs+tau0.4,14,13,16,0.5283,0.4038,0.3904,0.32,74.51,0,0,0,0
00_SS2-88-F_comp,allinone+btc+demucs+tau0.5,14,13,16,0.5283,0.4038,0.3904,0.32,74.51,0,0,0,0
00_SS2-88-F_comp,allinone+btc+demucs+tau0.6,14,13,16,0.5283,0.4038,0.3904,0.32,74.51,0,0,0,0
00_SS2-88-F_comp,allinone+btc+demucs+tau0.7,14,13,16,0.5283,0.4038,0.3904,0.32,74.51,0,0,0,0
00_SS2-88-F_comp,allinone+cnnlstm,13,12,16,0.5524,0.4109,0.4128,0.32,62.72,0,0,0,0
00_SS2-88-F_comp,allinone+cnnlstm+tau0.3,14,13,16,0.4181,0.3467,0.3567,0.32,62.86,3,0,0,0
00_SS2-88-F_comp,allinone+cnnlstm+tau0.4,13,12,16,0.5524,0.4109,0.4128,0.32,62.86,1,0,0,0
00_SS2-88-F_comp,allinone+cnnlstm+tau0.5,13,12,16,0.5524,0.4109,0.4128,0.32,62.86,1,0,0,0
00_SS2-88-F_comp,allinone+cnnlstm+tau0.6,13,12,16,0.5524,0.4109,0.4128,0.32,62.86,1,0,0,0
00_SS2-88-F_comp,allinone+cnnlstm+tau0.7,13,12,16,0.5524,0.4109,0.4128,0.32,62.86,1,0,0,0
00_SS2-88-F_comp,allinone+cnnlstm+demucs,13,12,16,0.5524,0.4109,0.4128,0.32,74.88,0,0,0,0
00_SS2-88-F_comp,allinone+cnnlstm+demucs+tau0.3,14,13,16,0.4181,0.3467,0.3567,0.32,74.99,3,0,0,0
00_SS2-88-F_comp,allinone+cnnlstm+demucs+tau0.4,13,12,16,0.5524,0.4109,0.4128,0.32,74.99,1,0,0,0
00_SS2-88-F_comp,allinone+cnnlstm+demucs+tau0.5,13,12,16,0.5524,0.4109,0.4128,0.32,74.99,1,0,0,0
00_SS2-88-F_comp,allinone+cnnlstm+demucs+tau0.6,13,12,16,0.5524,0.4109,0.4128,0.32,74.99,1,0,0,0
00_SS2-88-F_comp,allinone+cnnlstm+demucs+tau0.7,13,12,16,0.5524,0.4109,0.4128,0.32,74.99,1,0,0,0
00_SS2-88-F_comp,madmom+btc,6,4,16,0.9876,0.88,0.8169,1.0,2.26,0,0,0,0
00_SS2-88-F_comp,madmom+btc+tau0.3,8,6,16,0.8484,0.7408,0.6951,1.0,2.4,2,0,0,0
00_SS2-88-F_comp,madmom+btc+tau0.4,6,4,16,0.9876,0.88,0.8169,1.0,2.4,0,0,0,0
00_SS2-88-F_comp,madmom+btc+tau0.5,6,4,16,0.9876,0.88,0.8169,1.0,2.4,0,0,0,0
00_SS2-88-F_comp,madmom+btc+tau0.6,6,4,16,0.9876,0.88,0.8169,1.0,2.4,0,0,0,0
00_SS2-88-F_comp,madmom+btc+tau0.7,6,4,16,0.9876,0.88,0.8169,1.0,2.4,0,0,0,0
00_SS2-88-F_comp,madmom+btc+demucs,6,4,16,0.9876,0.863,0.802,1.0,14.43,0,0,0,0
00_SS2-88-F_comp,madmom+btc+demucs+tau0.3,8,6,16,0.7953,0.7239,0.6803,1.0,14.54,3,0,0,0
00_SS2-88-F_comp,madmom+btc+demucs+tau0.4,6,4,16,0.9876,0.863,0.802,1.0,14.54,0,0,0,0
00_SS2-88-F_comp,madmom+btc+demucs+tau0.5,6,4,16,0.9876,0.863,0.802,1.0,14.54,0,0,0,0
00_SS2-88-F_comp,madmom+btc+demucs+tau0.6,6,4,16,0.9876,0.863,0.802,1.0,14.54,0,0,0,0
00_SS2-88-F_comp,madmom+btc+demucs+tau0.7,6,4,16,0.9876,0.863,0.802,1.0,14.54,0,0,0,0
00_SS2-88-F_comp,madmom+cnnlstm,6,4,16,0.9876,0.846,0.8028,1.0,2.75,0,0,0,0
00_SS2-88-F_comp,madmom+cnnlstm+tau0.3,8,6,16,0.7783,0.7068,0.6811,1.0,2.89,5,0,0,0
00_SS2-88-F_comp,madmom+cnnlstm+tau0.4,6,4,16,0.9876,0.846,0.8028,1.0,2.89,2,0,0,0
00_SS2-88-F_comp,madmom+cnnlstm+tau0.5,6,4,16,0.9876,0.846,0.8028,1.0,2.89,1,0,0,0
00_SS2-88-F_comp,madmom+cnnlstm+tau0.6,6,4,16,0.9876,0.846,0.8028,1.0,2.89,1,0,0,0
00_SS2-88-F_comp,madmom+cnnlstm+tau0.7,6,4,16,0.9876,0.846,0.8028,1.0,2.89,1,0,0,0
00_SS2-88-F_comp,madmom+cnnlstm+demucs,6,4,16,0.9876,0.846,0.8028,1.0,14.91,0,0,0,0
00_SS2-88-F_comp,madmom+cnnlstm+demucs+tau0.3,8,6,16,0.7783,0.7068,0.6811,1.0,15.03,5,0,0,0
00_SS2-88-F_comp,madmom+cnnlstm+demucs+tau0.4,6,4,16,0.9876,0.846,0.8028,1.0,15.03,2,0,0,0
00_SS2-88-F_comp,madmom+cnnlstm+demucs+tau0.5,6,4,16,0.9876,0.846,0.8028,1.0,15.03,1,0,0,0
00_SS2-88-F_comp,madmom+cnnlstm+demucs+tau0.6,6,4,16,0.9876,0.846,0.8028,1.0,15.03,1,0,0,0
00_SS2-88-F_comp,madmom+cnnlstm+demucs+tau0.7,6,4,16,0.9876,0.846,0.8028,1.0,15.03,1,0,0,0
00_SS3-84-Bb_comp,allinone+btc,8,7,16,0.7763,0.7763,0.7763,0.9333,63.7,0,0,0,0
00_SS3-84-Bb_comp,allinone+btc+tau0.3,11,11,16,0.3574,0.3574,0.3574,0.9333,63.82,8,0,0,0
00_SS3-84-Bb_comp,allinone+btc+tau0.4,11,11,16,0.3574,0.3574,0.3574,0.9333,63.82,8,0,0,0
00_SS3-84-Bb_comp,allinone+btc+tau0.5,11,11,16,0.3574,0.3574,0.3574,0.9333,63.82,8,0,0,0
00_SS3-84-Bb_comp,allinone+btc+tau0.6,9,8,16,0.5757,0.5757,0.5757,0.9333,63.82,4,0,0,0
00_SS3-84-Bb_comp,allinone+btc+tau0.7,9,8,16,0.6225,0.6225,0.6225,0.9333,63.82,3,0,0,0
00_SS3-84-Bb_comp,allinone+btc+demucs,7,6,16,0.7909,0.7909,0.7909,0.9333,75.86,0,0,0,0
00_SS3-84-Bb_comp,allinone+btc+demucs+tau0.3,11,11,16,0.3574,0.3574,0.3574,0.9333,75.98,8,0,0,0
00_SS3-84-Bb_comp,allinone+btc+demucs+tau0.4,11,11,16,0.3574,0.3574,0.3574,0.9333,75.98,8,0,0,0
00_SS3-84-Bb_comp,allinone+btc+demucs+tau0.5,10,9,16,0.4822,0.4822,0.4822,0.9333,75.98,6,0,0,0
00_SS3-84-Bb_comp,allinone+btc+demucs+tau0.6,9,8,16,0.5757,0.5757,0.5757,0.9333,75.98,4,0,0,0
00_SS3-84-Bb_comp,allinone+btc+demucs+tau0.7,9,8,16,0.6683,0.6683,0.6683,0.9333,75.98,2,0,0,0
00_SS3-84-Bb_comp,allinone+cnnlstm,6,5,16,0.8064,0.8064,0.8064,0.9333,64.25,0,0,0,0
00_SS3-84-Bb_comp,allinone+cnnlstm+tau0.3,10,10,16,0.3729,0.3729,0.3729,0.9333,64.37,8,0,0,0
00_SS3-84-Bb_comp,allinone+cnnlstm+tau0.4,10,10,16,0.3729,0.3729,0.3729,0.9333,64.37,8,0,0,0
00_SS3-84-Bb_comp,allinone+cnnlstm+tau0.5,10,10,16,0.3729,0.3729,0.3729,0.9333,64.37,8,0,0,0
00_SS3-84-Bb_comp,allinone+cnnlstm+tau0.6,8,7,16,0.5912,0.5912,0.5912,0.9333,64.37,4,0,0,0
00_SS3-84-Bb_comp,allinone+cnnlstm+tau0.7,8,7,16,0.5912,0.5912,0.5912,0.9333,64.37,4,0,0,0
00_SS3-84-Bb_comp,allinone+cnnlstm+demucs,5,4,16,0.8215,0.8215,0.8215,0.9333,76.38,0,0,0,0
00_SS3-84-Bb_comp,allinone+cnnlstm+demucs+tau0.3,10,10,16,0.3729,0.3729,0.3729,0.9333,76.49,8,0,0,0
00_SS3-84-Bb_comp,allinone+cnnlstm+demucs+tau0.4,10,10,16,0.3729,0.3729,0.3729,0.9333,76.49,8,0,0,0
00_SS3-84-Bb_comp,allinone+cnnlstm+demucs+tau0.5,9,8,16,0.4977,0.4977,0.4977,0.9333,76.49,6,0,0,0
00_SS3-84-Bb_comp,allinone+cnnlstm+demucs+tau0.6,8,7,16,0.5912,0.5912,0.5912,0.9333,76.49,4,0,0,0
00_SS3-84-Bb_comp,allinone+cnnlstm+demucs+tau0.7,8,7,16,0.6377,0.6377,0.6377,0.9333,76.49,3,0,0,0
00_SS3-84-Bb_comp,madmom+btc,6,5,16,0.8706,0.8706,0.8706,0.9032,2.36,0,0,0,0
00_SS3-84-Bb_comp,madmom+btc+tau0.3,11,11,16,0.4056,0.4056,0.4056,0.9032,2.48,8,0,0,0
00_SS3-84-Bb_comp,madmom+btc+tau0.4,11,11,16,0.4056,0.4056,0.4056,0.9032,2.48,8,0,0,0
00_SS3-84-Bb_comp,madmom+btc+tau0.5,11,11,16,0.4056,0.4056,0.4056,0.9032,2.48,8,0,0,0
00_SS3-84-Bb_comp,madmom+btc+tau0.6,8,7,16,0.6547,0.6547,0.6547,0.9032,2.48,4,0,0,0
00_SS3-84-Bb_comp,madmom+btc+tau0.7,8,7,16,0.7022,0.7022,0.7022,0.9032,2.48,3,0,0,0
00_SS3-84-Bb_comp,madmom+btc+demucs,5,4,16,0.885,0.885,0.885,0.9032,14.53,0,0,0,0
00_SS3-84-Bb_comp,madmom+btc+demucs+tau0.3,11,11,16,0.4056,0.4056,0.4056,0.9032,14.64,8,0,0,0
00_SS3-84-Bb_comp,madmom+btc+demucs+tau0.4,11,11,16,0.4056,0.4056,0.4056,0.9032,14.64,8,0,0,0
00_SS3-84-Bb_comp,madmom+btc+demucs+tau0.5,10,9,16,0.5306,0.5306,0.5306,0.9032,14.64,6,0,0,0
00_SS3-84-Bb_comp,madmom+btc+demucs+tau0.6,7,6,16,0.7156,0.7156,0.7156,0.9032,14.64,3,0,0,0
00_SS3-84-Bb_comp,madmom+btc+demucs+tau0.7,7,6,16,0.7618,0.7618,0.7618,0.9032,14.64,2,0,0,0
00_SS3-84-Bb_comp,madmom+cnnlstm,4,3,16,0.9005,0.9005,0.9005,0.9032,2.91,0,0,0,0
00_SS3-84-Bb_comp,madmom+cnnlstm+tau0.3,10,10,16,0.4211,0.4211,0.4211,0.9032,3.04,8,0,0,0
00_SS3-84-Bb_comp,madmom+cnnlstm+tau0.4,10,10,16,0.4211,0.4211,0.4211,0.9032,3.04,8,0,0,0
00_SS3-84-Bb_comp,madmom+cnnlstm+tau0.5,10,10,16,0.4211,0.4211,0.4211,0.9032,3.04,8,0,0,0
00_SS3-84-Bb_comp,madmom+cnnlstm+tau0.6,7,6,16,0.6702,0.6702,0.6702,0.9032,3.04,4,0,0,0
00_SS3-84-Bb_comp,madmom+cnnlstm+tau0.7,7,6,16,0.6702,0.6702,0.6702,0.9032,3.04,4,0,0,0
00_SS3-84-Bb_comp,madmom+cnnlstm+demucs,3,2,16,0.9158,0.9158,0.9158,0.9032,15.04,0,0,0,0
00_SS3-84-Bb_comp,madmom+cnnlstm+demucs+tau0.3,10,10,16,0.4211,0.4211,0.4211,0.9032,15.16,8,0,0,0
00_SS3-84-Bb_comp,madmom+cnnlstm+demucs+tau0.4,10,10,16,0.4211,0.4211,0.4211,0.9032,15.16,8,0,0,0
00_SS3-84-Bb_comp,madmom+cnnlstm+demucs+tau0.5,9,8,16,0.5461,0.5461,0.5461,0.9032,15.16,6,0,0,0
00_SS3-84-Bb_comp,madmom+cnnlstm+demucs+tau0.6,6,5,16,0.7311,0.7311,0.7311,0.9032,15.16,3,0,0,0
00_SS3-84-Bb_comp,madmom+cnnlstm+demucs+tau0.7,6,5,16,0.7311,0.7311,0.7311,0.9032,15.16,3,0,0,0
00_SS3-98-C_comp,allinone+btc,12,11,16,0.4292,0.4292,0.4024,0.6087,56.18,0,0,1,0
00_SS3-98-C_comp,allinone+btc+tau0.3,13,12,16,0.1976,0.1976,0.2477,0.6087,56.29,5,1,1,1
00_SS3-98-C_comp,allinone+btc+tau0.4,13,12,16,0.1976,0.1976,0.2477,0.6087,56.29,5,1,1,1
00_SS3-98-C_comp,allinone+btc+tau0.5,11,10,16,0.3298,0.3298,0.3717,0.6087,56.29,3,1,1,1
00_SS3-98-C_comp,allinone+btc+tau0.6,11,10,16,0.3794,0.3794,0.4182,0.6087,56.29,2,1,1,1
00_SS3-98-C_comp,allinone+btc+tau0.7,11,10,16,0.3794,0.3794,0.4182,0.6087,56.29,2,1,1,1
00_SS3-98-C_comp,allinone+btc+demucs,12,11,16,0.4292,0.4292,0.4024,0.6087,66.82,0,0,1,0
00_SS3-98-C_comp,allinone+btc+demucs+tau0.3,13,12,16,0.1976,0.1976,0.2477,0.6087,66.92,5,1,1,1
00_SS3-98-C_comp,allinone+btc+demucs+tau0.4,13,12,16,0.1976,0.1976,0.2477,0.6087,66.92,5,1,1,1
00_SS3-98-C_comp,allinone+btc+demucs+tau0.5,11,10,16,0.3298,0.3298,0.3717,0.6087,66.92,3,1,1,1
00_SS3-98-C_comp,allinone+btc+demucs+tau0.6,11,10,16,0.3794,0.3794,0.4182,0.6087,66.92,2,1,1,1
00_SS3-98-C_comp,allinone+btc+demucs+tau0.7,11,10,16,0.3794,0.3794,0.4182,0.6087,66.92,2,1,1,1
00_SS3-98-C_comp,allinone+cnnlstm,12,11,16,0.4292,0.4292,0.4024,0.6087,56.66,0,0,1,0
00_SS3-98-C_comp,allinone+cnnlstm+tau0.3,13,12,16,0.1976,0.1976,0.2477,0.6087,56.77,5,1,1,1
00_SS3-98-C_comp,allinone+cnnlstm+tau0.4,13,12,16,0.1976,0.1976,0.2477,0.6087,56.77,5,1,1,1
00_SS3-98-C_comp,allinone+cnnlstm+tau0.5,11,10,16,0.3298,0.3298,0.3717,0.6087,56.77,3,1,1,1
00_SS3-98-C_comp,allinone+cnnlstm+tau0.6,11,10,16,0.3794,0.3794,0.4182,0.6087,56.77,2,1,1,1
00_SS3-98-C_comp,allinone+cnnlstm+tau0.7,11,10,16,0.3794,0.3794,0.4182,0.6087,56.77,2,1,1,1
00_SS3-98-C_comp,allinone+cnnlstm+demucs,12,11,16,0.4292,0.4292,0.4024,0.6087,67.24,0,0,1,0
00_SS3-98-C_comp,allinone+cnnlstm+demucs+tau0.3,13,12,16,0.1976,0.1976,0.2477,0.6087,67.34,5,1,1,1
00_SS3-98-C_comp,allinone+cnnlstm+demucs+tau0.4,13,12,16,0.1976,0.1976,0.2477,0.6087,67.34,5,1,1,1
00_SS3-98-C_comp,allinone+cnnlstm+demucs+tau0.5,11,10,16,0.3298,0.3298,0.3717,0.6087,67.34,3,1,1,1
00_SS3-98-C_comp,allinone+cnnlstm+demucs+tau0.6,11,10,16,0.3794,0.3794,0.4182,0.6087,67.34,2,1,1,1
00_SS3-98-C_comp,allinone+cnnlstm+demucs+tau0.7,11,10,16,0.3794,0.3794,0.4182,0.6087,67.34,2,1,1,1
00_SS3-98-C_comp,madmom+btc,6,3,16,0.958,0.9101,0.8532,0.9375,2.04,0,0,1,0
00_SS3-98-C_comp,madmom+btc+tau0.3,12,9,16,0.4947,0.4468,0.4814,0.9375,2.14,8,1,1,1
00_SS3-98-C_comp,madmom+btc+tau0.4,12,9,16,0.4947,0.4468,0.4814,0.9375,2.14,8,1,1,1
00_SS3-98-C_comp,madmom+btc+tau0.5,10,7,16,0.6269,0.579,0.6053,0.9375,2.14,6,1,1,1
00_SS3-98-C_comp,madmom+btc+tau0.6,6,3,16,0.8916,0.8437,0.8535,0.9375,2.14,2,1,1,1
00_SS3-98-C_comp,madmom+btc+tau0.7,6,3,16,0.8916,0.8437,0.8535,0.9375,2.14,2,1,1,1
00_SS3-98-C_comp,madmom+btc+demucs,6,3,16,0.958,0.9101,0.8532,0.9375,12.68,0,0,1,0
00_SS3-98-C_comp,madmom+btc+demucs+tau0.3,12,9,16,0.4947,0.4468,0.4814,0.9375,12.78,8,1,1,1
00_SS3-98-C_comp,madmom+btc+demucs+tau0.4,12,9,16,0.4947,0.4468,0.4814,0.9375,12.78,8,1,1,1
00_SS3-98-C_comp,madmom+btc+demucs+tau0.5,10,7,16,0.6269,0.579,0.6053,0.9375,12.78,6,1,1,1
00_SS3-98-C_comp,madmom+btc+demucs+tau0.6,6,3,16,0.8916,0.8437,0.8535,0.9375,12.78,2,1,1,1
00_SS3-98-C_comp,madmom+btc+demucs+tau0.7,6,3,16,0.8916,0.8437,0.8535,0.9375,12.78,2,1,1,1
00_SS3-98-C_comp,madmom+cnnlstm,6,3,16,0.9747,0.91,0.8531,0.9375,2.52,0,0,1,0
00_SS3-98-C_comp,madmom+cnnlstm+tau0.3,12,9,16,0.5114,0.4467,0.4813,0.9375,2.62,8,1,1,1
00_SS3-98-C_comp,madmom+cnnlstm+tau0.4,12,9,16,0.5114,0.4467,0.4813,0.9375,2.62,8,1,1,1
00_SS3-98-C_comp,madmom+cnnlstm+tau0.5,10,7,16,0.6437,0.5789,0.6053,0.9375,2.62,6,1,1,1
00_SS3-98-C_comp,madmom+cnnlstm+tau0.6,6,3,16,0.9083,0.8436,0.8534,0.9375,2.62,2,1,1,1
00_SS3-98-C_comp,madmom+cnnlstm+tau0.7,6,3,16,0.9083,0.8436,0.8534,0.9375,2.62,2,1,1,1
00_SS3-98-C_comp,madmom+cnnlstm+demucs,6,3,16,0.9747,0.91,0.8531,0.9375,13.09,0,0,1,0
00_SS3-98-C_comp,madmom+cnnlstm+demucs+tau0.3,12,9,16,0.5114,0.4467,0.4813,0.9375,13.2,8,1,1,1
00_SS3-98-C_comp,madmom+cnnlstm+demucs+tau0.4,12,9,16,0.5114,0.4467,0.4813,0.9375,13.2,8,1,1,1
00_SS3-98-C_comp,madmom+cnnlstm+demucs+tau0.5,10,7,16,0.6437,0.5789,0.6053,0.9375,13.2,6,1,1,1
00_SS3-98-C_comp,madmom+cnnlstm+demucs+tau0.6,6,3,16,0.9083,0.8436,0.8534,0.9375,13.2,2,1,1,1
00_SS3-98-C_comp,madmom+cnnlstm+demucs+tau0.7,6,3,16,0.9083,0.8436,0.8534,0.9375,13.2,2,1,1,1
01_Rock1-130-A_comp,allinone+btc,8,3,12,0.9659,0.9659,0.9659,0.6957,36.03,0,0,0,0
01_Rock1-130-A_comp,allinone+btc+tau0.3,8,6,12,0.6545,0.6545,0.6545,0.6957,36.1,4,0,0,0
01_Rock1-130-A_comp,allinone+btc+tau0.4,8,3,12,0.904,0.904,0.904,0.6957,36.1,1,0,0,0
01_Rock1-130-A_comp,allinone+btc+tau0.5,8,3,12,0.904,0.904,0.904,0.6957,36.1,1,0,0,0
01_Rock1-130-A_comp,allinone+btc+tau0.6,8,3,12,0.904,0.904,0.904,0.6957,36.1,1,0,0,0
01_Rock1-130-A_comp,allinone+btc+tau0.7,8,3,12,0.9659,0.9659,0.9659,0.6957,36.1,0,0,0,0
01_Rock1-130-A_comp,allinone+btc+demucs,8,3,12,0.9659,0.9659,0.9659,0.6957,42.39,0,0,0,0
01_Rock1-130-A_comp,allinone+btc+demucs+tau0.3,8,6,12,0.6545,0.6545,0.6545,0.6957,42.45,4,0,0,0
01_Rock1-130-A_comp,allinone+btc+demucs+tau0.4,8,3,12,0.904,0.904,0.904,0.6957,42.45,1,0,0,0
01_Rock1-130-A_comp,allinone+btc+demucs+tau0.5,8,3,12,0.904,0.904,0.904,0.6957,42.45,1,0,0,0
01_Rock1-130-A_comp,allinone+btc+demucs+tau0.6,8,3,12,0.904,0.904,0.904,0.6957,42.45,1,0,0,0
01_Rock1-130-A_comp,allinone+btc+demucs+tau0.7,8,3,12,0.9659,0.9659,0.9659,0.6957,42.45,0,0,0,0
01_Rock1-130-A_comp,allinone+cnnlstm,8,3,12,0.9659,0.9659,0.9659,0.6957,36.28,0,0,0,0
01_Rock1-130-A_comp,allinone+cnnlstm+tau0.3,8,6,12,0.6545,0.6545,0.6545,0.6957,36.35,4,0,0,0
01_Rock1-130-A_comp,allinone+cnnlstm+tau0.4,8,3,12,0.904,0.904,0.904,0.6957,36.35,1,0,0,0
01_Rock1-130-A_comp,allinone+cnnlstm+tau0.5,8,3,12,0.904,0.904,0.904,0.6957,36.35,1,0,0,0
01_Rock1-130-A_comp,allinone+cnnlstm+tau0.6,8,3,12,0.904,0.904,0.904,0.6957,36.35,1,0,0,0
01_Rock1-130-A_comp,allinone+cnnlstm+tau0.7,8,3,12,0.9659,0.9659,0.9659,0.6957,36.35,0,0,0,0
01_Rock1-130-A_comp,allinone+cnnlstm+demucs,8,3,12,0.9659,0.9659,0.9659,0.6957,42.64,0,0,0,0
01_Rock1-130-A_comp,allinone+cnnlstm+demucs+tau0.3,8,6,12,0.6545,0.6545,0.6545,0.6957,42.71,4,0,0,0
01_Rock1-130-A_comp,allinone+cnnlstm+demucs+tau0.4,8,3,12,0.904,0.904,0.904,0.6957,42.71,1,0,0,0
01_Rock1-130-A_comp,allinone+cnnlstm+demucs+tau0.5,8,3,12,0.904,0.904,0.904,0.6957,42.71,1,0,0,0
01_Rock1-130-A_comp,allinone+cnnlstm+demucs+tau0.6,8,3,12,0.904,0.904,0.904,0.6957,42.71,1,0,0,0
01_Rock1-130-A_comp,allinone+cnnlstm+demucs+tau0.7,8,3,12,0.9659,0.9659,0.9659,0.6957,42.71,0,0,0,0
01_Rock1-130-A_comp,madmom+btc,9,8,12,0.936,0.936,0.936,0.0,1.2,0,0,0,0
01_Rock1-130-A_comp,madmom+btc+tau0.3,9,9,12,0.6348,0.6348,0.6348,0.0,1.27,4,0,0,0
01_Rock1-130-A_comp,madmom+btc+tau0.4,9,8,12,0.8633,0.8633,0.8633,0.0,1.27,1,0,0,0
01_Rock1-130-A_comp,madmom+btc+tau0.5,9,8,12,0.8633,0.8633,0.8633,0.0,1.27,1,0,0,0
01_Rock1-130-A_comp,madmom+btc+tau0.6,9,8,12,0.8633,0.8633,0.8633,0.0,1.27,1,0,0,0
01_Rock1-130-A_comp,madmom+btc+tau0.7,9,8,12,0.8633,0.8633,0.8633,0.0,1.27,1,0,0,0
01_Rock1-130-A_comp,madmom+btc+demucs,9,8,12,0.936,0.936,0.936,0.0,7.55,0,0,0,0
01_Rock1-130-A_comp,madmom+btc+demucs+tau0.3,9,9,12,0.6348,0.6348,0.6348,0.0,7.62,4,0,0,0
01_Rock1-130-A_comp,madmom+btc+demucs+tau0.4,9,8,12,0.8633,0.8633,0.8633,0.0,7.62,1,0,0,0
01_Rock1-130-A_comp,madmom+btc+demucs+tau0.5,9,8,12,0.8633,0.8633,0.8633,0.0,7.62,1,0,0,0
01_Rock1-130-A_comp,madmom+btc+demucs+tau0.6,9,8,12,0.8633,0.8633,0.8633,0.0,7.62,1,0,0,0
01_Rock1-130-A_comp,madmom+btc+demucs+tau0.7,9,8,12,0.8633,0.8633,0.8633,0.0,7.62,1,0,0,0
01_Rock1-130-A_comp,madmom+cnnlstm,9,9,12,0.9369,0.9369,0.9369,0.0,1.45,0,0,0,0
01_Rock1-130-A_comp,madmom+cnnlstm+tau0.3,9,9,12,0.6463,0.6463,0.6463,0.0,1.51,4,0,0,0
01_Rock1-130-A_comp,madmom+cnnlstm+tau0.4,9,9,12,0.8641,0.8641,0.8641,0.0,1.51,1,0,0,0
01_Rock1-130-A_comp,madmom+cnnlstm+tau0.5,9,9,12,0.8641,0.8641,0.8641,0.0,1.51,1,0,0,0
01_Rock1-130-A_comp,madmom+cnnlstm+tau0.6,9,9,12,0.8641,0.8641,0.8641,0.0,1.51,1,0,0,0
01_Rock1-130-A_comp,madmom+cnnlstm+tau0.7,9,9,12,0.8641,0.8641,0.8641,0.0,1.51,1,0,0,0
01_Rock1-130-A_comp,madmom+cnnlstm+demucs,9,9,12,0.9369,0.9369,0.9369,0.0,7.81,0,0,0,0
01_Rock1-130-A_comp,madmom+cnnlstm+demucs+tau0.3,9,9,12,0.6463,0.6463,0.6463,0.0,7.87,4,0,0,0
01_Rock1-130-A_comp,madmom+cnnlstm+demucs+tau0.4,9,9,12,0.8641,0.8641,0.8641,0.0,7.87,1,0,0,0
01_Rock1-130-A_comp,madmom+cnnlstm+demucs+tau0.5,9,9,12,0.8641,0.8641,0.8641,0.0,7.87,1,0,0,0
01_Rock1-130-A_comp,madmom+cnnlstm+demucs+tau0.6,9,9,12,0.8641,0.8641,0.8641,0.0,7.87,1,0,0,0
01_Rock1-130-A_comp,madmom+cnnlstm+demucs+tau0.7,9,9,12,0.8641,0.8641,0.8641,0.0,7.87,1,0,0,0
01_Rock1-90-C#_comp,allinone+btc,2,2,12,0.9567,0.9567,0.9567,0.9565,48.72,0,0,0,0
01_Rock1-90-C#_comp,allinone+btc+tau0.3,5,5,12,0.7075,0.7075,0.7075,0.9565,48.81,3,0,0,0
01_Rock1-90-C#_comp,allinone+btc+tau0.4,5,5,12,0.7075,0.7075,0.7075,0.9565,48.81,3,0,0,0
01_Rock1-90-C#_comp,allinone+btc+tau0.5,4,4,12,0.791,0.791,0.791,0.9565,48.81,2,0,0,0
01_Rock1-90-C#_comp,allinone+btc+tau0.6,4,4,12,0.791,0.791,0.791,0.9565,48.81,2,0,0,0
01_Rock1-90-C#_comp,allinone+btc+tau0.7,2,2,12,0.9567,0.9567,0.9567,0.9565,48.81,0,0,0,0
01_Rock1-90-C#_comp,allinone+btc+demucs,2,2,12,0.9567,0.9567,0.9567,0.9565,57.99,0,0,0,0
01_Rock1-90-C#_comp,allinone+btc+demucs+tau0.3,5,5,12,0.7075,0.7075,0.7075,0.9565,58.08,3,0,0,0
01_Rock1-90-C#_comp,allinone+btc+demucs+tau0.4,5,5,12,0.7075,0.7075,0.7075,0.9565,58.08,3,0,0,0
01_Rock1-90-C#_comp,allinone+btc+demucs+tau0.5,4,4,12,0.791,0.791,0.791,0.9565,58.08,2,0,0,0
01_Rock1-90-C#_comp,allinone+btc+demucs+tau0.6,4,4,12,0.791,0.791,0.791,0.9565,58.08,2,0,0,0
01_Rock1-90-C#_comp,allinone+btc+demucs+tau0.7,2,2,12,0.9567,0.9567,0.9567,0.9565,58.08,0,0,0,0
01_Rock1-90-C#_comp,allinone+cnnlstm,2,2,12,0.9567,0.9567,0.9567,0.9565,49.1,0,0,0,0
01_Rock1-90-C#_comp,allinone+cnnlstm+tau0.3,5,5,12,0.7075,0.7075,0.7075,0.9565,49.19,3,0,0,0
01_Rock1-90-C#_comp,allinone+cnnlstm+tau0.4,5,5,12,0.7075,0.7075,0.7075,0.9565,49.19,3,0,0,0
01_Rock1-90-C#_comp,allinone+cnnlstm+tau0.5,4,4,12,0.791,0.791,0.791,0.9565,49.19,2,0,0,0
01_Rock1-90-C#_comp,allinone+cnnlstm+tau0.6,4,4,12,0.791,0.791,0.791,0.9565,49.19,2,0,0,0
01_Rock1-90-C#_comp,allinone+cnnlstm+tau0.7,2,2,12,0.9567,0.9567,0.9567,0.9565,49.19,0,0,0,0
01_Rock1-90-C#_comp,allinone+cnnlstm+demucs,2,2,12,0.9567,0.9567,0.9567,0.9565,58.34,0,0,0,0
01_Rock1-90-C#_comp,allinone+cnnlstm+demucs+tau0.3,5,5,12,0.7075,0.7075,0.7075,0.9565,58.43,3,0,0,0
01_Rock1-90-C#_comp,allinone+cnnlstm+demucs+tau0.4,5,5,12,0.7075,0.7075,0.7075,0.9565,58.43,3,0,0,0
01_Rock1-90-C#_comp,allinone+cnnlstm+demucs+tau0.5,4,4,12,0.791,0.791,0.791,0.9565,58.43,2,0,0,0
01_Rock1-90-C#_comp,allinone+cnnlstm+demucs+tau0.6,4,4,12,0.791,0.791,0.791,0.9565,58.43,2,0,0,0
01_Rock1-90-C#_comp,allinone+cnnlstm+demucs+tau0.7,2,2,12,0.9567,0.9567,0.9567,0.9565,58.43,0,0,0,0
01_Rock1-90-C#_comp,madmom+btc,1,1,12,0.9776,0.9776,0.9776,1.0,1.7,0,0,0,0
01_Rock1-90-C#_comp,madmom+btc+tau0.3,4,4,12,0.7284,0.7284,0.7284,1.0,1.79,3,0,0,0
01_Rock1-90-C#_comp,madmom+btc+tau0.4,4,4,12,0.7284,0.7284,0.7284,1.0,1.79,3,0,0,0
01_Rock1-90-C#_comp,madmom+btc+tau0.5,3,3,12,0.8123,0.8123,0.8123,1.0,1.79,2,0,0,0
01_Rock1-90-C#_comp,madmom+btc+tau0.6,3,3,12,0.8123,0.8123,0.8123,1.0,1.79,2,0,0,0
01_Rock1-90-C#_comp,madmom+btc+tau0.7,1,1,12,0.9776,0.9776,0.9776,1.0,1.79,0,0,0,0
01_Rock1-90-C#_comp,madmom+btc+demucs,1,1,12,0.9776,0.9776,0.9776,1.0,10.97,0,0,0,0
01_Rock1-90-C#_comp,madmom+btc+demucs+tau0.3,4,4,12,0.7284,0.7284,0.7284,1.0,11.06,3,0,0,0
01_Rock1-90-C#_comp,madmom+btc+demucs+tau0.4,4,4,12,0.7284,0.7284,0.7284,1.0,11.06,3,0,0,0
01_Rock1-90-C#_comp,madmom+btc+demucs+tau0.5,3,3,12,0.8123,0.8123,0.8123,1.0,11.06,2,0,0,0
01_Rock1-90-C#_comp,madmom+btc+demucs+tau0.6,3,3,12,0.8123,0.8123,0.8123,1.0,11.06,2,0,0,0
01_Rock1-90-C#_comp,madmom+btc+demucs+tau0.7,1,1,12,0.9776,0.9776,0.9776,1.0,11.06,0,0,0,0
01_Rock1-90-C#_comp,madmom+cnnlstm,1,1,12,0.9776,0.9776,0.9776,1.0,2.07,0,0,0,0
01_Rock1-90-C#_comp,madmom+cnnlstm+tau0.3,4,4,12,0.7284,0.7284,0.7284,1.0,2.17,3,0,0,0
01_Rock1-90-C#_comp,madmom+cnnlstm+tau0.4,4,4,12,0.7284,0.7284,0.7284,1.0,2.17,3,0,0,0
01_Rock1-90-C#_comp,madmom+cnnlstm+tau0.5,3,3,12,0.8123,0.8123,0.8123,1.0,2.17,2,0,0,0
01_Rock1-90-C#_comp,madmom+cnnlstm+tau0.6,3,3,12,0.8123,0.8123,0.8123,1.0,2.17,2,0,0,0
01_Rock1-90-C#_comp,madmom+cnnlstm+tau0.7,1,1,12,0.9776,0.9776,0.9776,1.0,2.17,0,0,0,0
01_Rock1-90-C#_comp,madmom+cnnlstm+demucs,1,1,12,0.9776,0.9776,0.9776,1.0,11.32,0,0,0,0
01_Rock1-90-C#_comp,madmom+cnnlstm+demucs+tau0.3,4,4,12,0.7284,0.7284,0.7284,1.0,11.41,3,0,0,0
01_Rock1-90-C#_comp,madmom+cnnlstm+demucs+tau0.4,4,4,12,0.7284,0.7284,0.7284,1.0,11.41,3,0,0,0
01_Rock1-90-C#_comp,madmom+cnnlstm+demucs+tau0.5,3,3,12,0.8123,0.8123,0.8123,1.0,11.41,2,0,0,0
01_Rock1-90-C#_comp,madmom+cnnlstm+demucs+tau0.6,3,3,12,0.8123,0.8123,0.8123,1.0,11.41,2,0,0,0
01_Rock1-90-C#_comp,madmom+cnnlstm+demucs+tau0.7,1,1,12,0.9776,0.9776,0.9776,1.0,11.41,0,0,0,0
01_Rock2-142-D_comp,allinone+btc,14,9,16,0.4952,0.4952,0.4333,0.72,42.03,0,0,0,0
01_Rock2-142-D_comp,allinone+btc+tau0.3,15,10,16,0.425,0.425,0.3718,0.72,42.11,2,0,0,0
01_Rock2-142-D_comp,allinone+btc+tau0.4,15,10,16,0.425,0.425,0.3718,0.72,42.11,2,0,0,0
01_Rock2-142-D_comp,allinone+btc+tau0.5,15,10,16,0.425,0.425,0.3718,0.72,42.11,2,0,0,0
01_Rock2-142-D_comp,allinone+btc+tau0.6,14,9,16,0.4952,0.4952,0.4333,0.72,42.11,1,0,0,0
01_Rock2-142-D_comp,allinone+btc+tau0.7,14,9,16,0.4952,0.4952,0.4333,0.72,42.11,0,0,0,0
01_Rock2-142-D_comp,allinone+btc+demucs,14,9,16,0.4952,0.4952,0.4333,0.72,49.86,0,0,0,0
01_Rock2-142-D_comp,allinone+btc+demucs+tau0.3,15,10,16,0.425,0.425,0.3718,0.72,49.94,2,0,0,0
01_Rock2-142-D_comp,allinone+btc+demucs+tau0.4,15,10,16,0.425,0.425,0.3718,0.72,49.94,2,0,0,0
01_Rock2-142-D_comp,allinone+btc+demucs+tau0.5,15,10,16,0.425,0.425,0.3718,0.72,49.94,2,0,0,0
01_Rock2-142-D_comp,allinone+btc+demucs+tau0.6,14,9,16,0.4952,0.4952,0.4333,0.72,49.94,1,0,0,0
01_Rock2-142-D_comp,allinone+btc+demucs+tau0.7,14,9,16,0.4952,0.4952,0.4333,0.72,49.94,0,0,0,0
01_Rock2-142-D_comp,allinone+cnnlstm,14,8,16,0.4952,0.4952,0.4333,0.72,42.34,0,0,0,0
01_Rock2-142-D_comp,allinone+cnnlstm+tau0.3,15,9,16,0.425,0.425,0.3718,0.72,42.42,2,0,0,0
01_Rock2-142-D_comp,allinone+cnnlstm+tau0.4,15,9,16,0.425,0.425,0.3718,0.72,42.42,2,0,0,0
01_Rock2-142-D_comp,allinone+cnnlstm+tau0.5,15,9,16,0.425,0.425,0.3718,0.72,42.42,2,0,0,0
01_Rock2-142-D_comp,allinone+cnnlstm+tau0.6,14,8,16,0.4952,0.4952,0.4333,0.72,42.42,1,0,0,0
01_Rock2-142-D_comp,allinone+cnnlstm+tau0.7,14,8,16,0.4952,0.4952,0.4333,0.72,42.42,0,0,0,0
01_Rock2-142-D_comp,allinone+cnnlstm+demucs,14,8,16,0.4952,0.4952,0.4333,0.72,50.15,0,0,0,0
01_Rock2-142-D_comp,allinone+cnnlstm+demucs+tau0.3,15,9,16,0.425,0.425,0.3718,0.72,50.23,2,0,0,0
01_Rock2-142-D_comp,allinone+cnnlstm+demucs+tau0.4,15,9,16,0.425,0.425,0.3718,0.72,50.23,2,0,0,0
01_Rock2-142-D_comp,allinone+cnnlstm+demucs+tau0.5,15,9,16,0.425,0.425,0.3718,0.72,50.23,2,0,0,0
01_Rock2-142-D_comp,allinone+cnnlstm+demucs+tau0.6,14,8,16,0.4952,0.4952,0.4333,0.72,50.23,1,0,0,0
01_Rock2-142-D_comp,allinone+cnnlstm+demucs+tau0.7,14,8,16,0.4952,0.4952,0.4333,0.72,50.23,0,0,0,0
01_Rock2-142-D_comp,madmom+btc,12,3,16,0.8647,0.8647,0.7566,1.0,1.44,0,0,0,0
01_Rock2-142-D_comp,madmom+btc+tau0.3,14,6,16,0.6537,0.6537,0.572,1.0,1.52,4,0,0,0
01_Rock2-142-D_comp,madmom+btc+tau0.4,14,5,16,0.7234,0.7234,0.633,1.0,1.52,3,0,0,0
01_Rock2-142-D_comp,madmom+btc+tau0.5,14,5,16,0.7234,0.7234,0.633,1.0,1.52,3,0,0,0
01_Rock2-142-D_comp,madmom+btc+tau0.6,12,3,16,0.8647,0.8647,0.7566,1.0,1.52,1,0,0,0
01_Rock2-142-D_comp,madmom+btc+tau0.7,12,3,16,0.8647,0.8647,0.7566,1.0,1.52,0,0,0,0
01_Rock2-142-D_comp,madmom+btc+demucs,12,3,16,0.8647,0.8647,0.7566,1.0,9.27,0,0,0,0
01_Rock2-142-D_comp,madmom+btc+demucs+tau0.3,14,6,16,0.6537,0.6537,0.572,1.0,9.34,4,0,0,0
01_Rock2-142-D_comp,madmom+btc+demucs+tau0.4,14,5,16,0.7234,0.7234,0.633,1.0,9.34,3,0,0,0
01_Rock2-142-D_comp,madmom+btc+demucs+tau0.5,14,5,16,0.7234,0.7234,0.633,1.0,9.34,3,0,0,0
01_Rock2-142-D_comp,madmom+btc+demucs+tau0.6,12,3,16,0.8647,0.8647,0.7566,1.0,9.34,1,0,0,0
01_Rock2-142-D_comp,madmom+btc+demucs+tau0.7,12,3,16,0.8647,0.8647,0.7566,1.0,9.34,0,0,0,0
01_Rock2-142-D_comp,madmom+cnnlstm,11,1,16,0.9192,0.9192,0.8043,1.0,1.74,0,0,0,0
01_Rock2-142-D_comp,madmom+cnnlstm+tau0.3,14,5,16,0.6367,0.6367,0.5571,1.0,1.82,5,0,0,0
01_Rock2-142-D_comp,madmom+cnnlstm+tau0.4,14,4,16,0.7065,0.7065,0.6182,1.0,1.82,4,0,0,0
01_Rock2-142-D_comp,madmom+cnnlstm+tau0.5,14,4,16,0.7065,0.7065,0.6182,1.0,1.82,4,0,0,0
01_Rock2-142-D_comp,madmom+cnnlstm+tau0.6,12,2,16,0.8477,0.8477,0.7418,1.0,1.82,2,0,0,0
01_Rock2-142-D_comp,madmom+cnnlstm+tau0.7,11,1,16,0.9192,0.9192,0.8043,1.0,1.82,0,0,0,0
01_Rock2-142-D_comp,madmom+cnnlstm+demucs,11,1,16,0.9192,0.9192,0.8043,1.0,9.56,0,0,0,0
01_Rock2-142-D_comp,madmom+cnnlstm+demucs+tau0.3,14,5,16,0.6367,0.6367,0.5571,1.0,9.64,5,0,0,0
01_Rock2-142-D_comp,madmom+cnnlstm+demucs+tau0.4,14,4,16,0.7065,0.7065,0.6182,1.0,9.64,4,0,0,0
01_Rock2-142-D_comp,madmom+cnnlstm+demucs+tau0.5,14,4,16,0.7065,0.7065,0.6182,1.0,9.64,4,0,0,0
01_Rock2-142-D_comp,madmom+cnnlstm+demucs+tau0.6,12,2,16,0.8477,0.8477,0.7418,1.0,9.64,2,0,0,0
01_Rock2-142-D_comp,madmom+cnnlstm+demucs+tau0.7,11,1,16,0.9192,0.9192,0.8043,1.0,9.64,0,0,0,0
01_Rock2-85-F_comp,allinone+btc,4,1,16,0.9774,0.9774,0.8552,0.9677,63.37,0,0,0,0
01_Rock2-85-F_comp,allinone+btc+tau0.3,6,3,16,0.835,0.835,0.7306,0.9677,63.5,2,0,0,0
01_Rock2-85-F_comp,allinone+btc+tau0.4,6,3,16,0.835,0.835,0.7306,0.9677,63.5,2,0,0,0
01_Rock2-85-F_comp,allinone+btc+tau0.5,5,2,16,0.9064,0.9064,0.7931,0.9677,63.5,1,0,0,0
01_Rock2-85-F_comp,allinone+btc+tau0.6,5,2,16,0.9064,0.9064,0.7931,0.9677,63.5,1,0,0,0
01_Rock2-85-F_comp,allinone+btc+tau0.7,4,1,16,0.9774,0.9774,0.8552,0.9677,63.5,0,0,0,0
01_Rock2-85-F_comp,allinone+btc+demucs,4,1,16,0.9774,0.9774,0.8552,0.9677,75.49,0,0,0,0
01_Rock2-85-F_comp,allinone+btc+demucs+tau0.3,6,3,16,0.835,0.835,0.7306,0.9677,75.61,2,0,0,0
01_Rock2-85-F_comp,allinone+btc+demucs+tau0.4,6,3,16,0.835,0.835,0.7306,0.9677,75.61,2,0,0,0
01_Rock2-85-F_comp,allinone+btc+demucs+tau0.5,5,2,16,0.9064,0.9064,0.7931,0.9677,75.61,1,0,0,0
01_Rock2-85-F_comp,allinone+btc+demucs+tau0.6,5,2,16,0.9064,0.9064,0.7931,0.9677,75.61,1,0,0,0
01_Rock2-85-F_comp,allinone+btc+demucs+tau0.7,4,1,16,0.9774,0.9774,0.8552,0.9677,75.61,0,0,0,0
01_Rock2-85-F_comp,allinone+cnnlstm,6,3,16,0.9246,0.9069,0.7936,0.9677,63.9,0,0,0,0
01_Rock2-85-F_comp,allinone+cnnlstm+tau0.3,8,5,16,0.7821,0.7645,0.6689,0.9677,64.02,3,0,0,0
01_Rock2-85-F_comp,allinone+cnnlstm+tau0.4,8,5,16,0.7821,0.7645,0.6689,0.9677,64.02,3,0,0,0
01_Rock2-85-F_comp,allinone+cnnlstm+tau0.5,7,4,16,0.8536,0.8359,0.7314,0.9677,64.02,2,0,0,0
01_Rock2-85-F_comp,allinone+cnnlstm+tau0.6,7,4,16,0.8536,0.8359,0.7314,0.9677,64.02,2,0,0,0
01_Rock2-85-F_comp,allinone+cnnlstm+tau0.7,6,3,16,0.9246,0.9069,0.7936,0.9677,64.02,0,0,0,0
01_Rock2-85-F_comp,allinone+cnnlstm+demucs,6,3,16,0.9246,0.9069,0.7936,0.9677,75.99,0,0,0,0
01_Rock2-85-F_comp,allinone+cnnlstm+demucs+tau0.3,8,5,16,0.7821,0.7645,0.6689,0.9677,76.1,3,0,0,0
01_Rock2-85-F_comp,allinone+cnnlstm+demucs+tau0.4,8,5,16,0.7821,0.7645,0.6689,0.9677,76.1,3,0,0,0
01_Rock2-85-F_comp,allinone+cnnlstm+demucs+tau0.5,7,4,16,0.8536,0.8359,0.7314,0.9677,76.1,2,0,0,0
01_Rock2-85-F_comp,allinone+cnnlstm+demucs+tau0.6,7,4,16,0.8536,0.8359,0.7314,0.9677,76.1,2,0,0,0
01_Rock2-85-F_comp,allinone+cnnlstm+demucs+tau0.7,6,3,16,0.9246,0.9069,0.7936,0.9677,76.1,0,0,0,0
01_Rock2-85-F_comp,madmom+btc,3,0,16,0.9938,0.9938,0.8695,1.0,2.37,0,0,0,0
01_Rock2-85-F_comp,madmom+btc+tau0.3,6,3,16,0.7799,0.7799,0.6824,1.0,2.49,3,0,0,0
01_Rock2-85-F_comp,madmom+btc+tau0.4,5,2,16,0.8513,0.8513,0.7449,1.0,2.49,2,0,0,0
01_Rock2-85-F_comp,madmom+btc+tau0.5,4,1,16,0.9228,0.9228,0.8074,1.0,2.49,1,0,0,0
01_Rock2-85-F_comp,madmom+btc+tau0.6,4,1,16,0.9228,0.9228,0.8074,1.0,2.49,1,0,0,0
01_Rock2-85-F_comp,madmom+btc+tau0.7,3,0,16,0.9938,0.9938,0.8695,1.0,2.49,0,0,0,0
01_Rock2-85-F_comp,madmom+btc+demucs,3,0,16,0.9938,0.9938,0.8695,1.0,14.48,0,0,0,0
01_Rock2-85-F_comp,madmom+btc+demucs+tau0.3,6,3,16,0.7799,0.7799,0.6824,1.0,14.6,3,0,0,0
01_Rock2-85-F_comp,madmom+btc+demucs+tau0.4,5,2,16,0.8513,0.8513,0.7449,1.0,14.6,2,0,0,0
01_Rock2-85-F_comp,madmom+btc+demucs+tau0.5,4,1,16,0.9228,0.9228,0.8074,1.0,14.6,1,0,0,0
01_Rock2-85-F_comp,madmom+btc+demucs+tau0.6,4,1,16,0.9228,0.9228,0.8074,1.0,14.6,1,0,0,0
01_Rock2-85-F_comp,madmom+btc+demucs+tau0.7,3,0,16,0.9938,0.9938,0.8695,1.0,14.6,0,0,0,0
01_Rock2-85-F_comp,madmom+cnnlstm,5,2,16,0.9411,0.9235,0.8081,1.0,2.89,0,0,0,0
01_Rock2-85-F_comp,madmom+cnnlstm+tau0.3,8,5,16,0.7273,0.7097,0.6209,1.0,3.01,4,0,0,0
01_Rock2-85-F_comp,madmom+cnnlstm+tau0.4,7,4,16,0.7987,0.7811,0.6834,1.0,3.01,3,0,0,0
01_Rock2-85-F_comp,madmom+cnnlstm+tau0.5,6,3,16,0.8701,0.8525,0.746,1.0,3.01,2,0,0,0
01_Rock2-85-F_comp,madmom+cnnlstm+tau0.6,6,3,16,0.8701,0.8525,0.746,1.0,3.01,2,0,0,0
01_Rock2-85-F_comp,madmom+cnnlstm+tau0.7,5,2,16,0.9411,0.9235,0.8081,1.0,3.01,0,0,0,0
01_Rock2-85-F_comp,madmom+cnnlstm+demucs,5,2,16,0.9411,0.9235,0.8081,1.0,14.98,0,0,0,0
01_Rock2-85-F_comp,madmom+cnnlstm+demucs+tau0.3,8,5,16,0.7273,0.7097,0.6209,1.0,15.1,4,0,0,0
01_Rock2-85-F_comp,madmom+cnnlstm+demucs+tau0.4,7,4,16,0.7987,0.7811,0.6834,1.0,15.1,3,0,0,0
01_Rock2-85-F_comp,madmom+cnnlstm+demucs+tau0.5,6,3,16,0.8701,0.8525,0.746,1.0,15.1,2,0,0,0
01_Rock2-85-F_comp,madmom+cnnlstm+demucs+tau0.6,6,3,16,0.8701,0.8525,0.746,1.0,15.1,2,0,0,0
01_Rock2-85-F_comp,madmom+cnnlstm+demucs+tau0.7,5,2,16,0.9411,0.9235,0.8081,1.0,15.1,0,0,0,0
01_Rock3-117-Bb_comp,allinone+btc,16,16,16,0.9645,0.9645,0.9645,0.0,49.42,0,0,0,0
01_Rock3-117-Bb_comp,allinone+btc+tau0.3,16,16,16,0.4038,0.4038,0.4038,0.0,49.52,18,0,0,0
01_Rock3-117-Bb_comp,allinone+btc+tau0.4,16,16,16,0.4666,0.4666,0.4666,0.0,49.52,16,0,0,0
01_Rock3-117-Bb_comp,allinone+btc+tau0.5,16,16,16,0.5284,0.5284,0.5284,0.0,49.52,14,0,0,0
01_Rock3-117-Bb_comp,allinone+btc+tau0.6,16,16,16,0.5597,0.5597,0.5597,0.0,49.52,13,0,0,0
01_Rock3-117-Bb_comp,allinone+btc+tau0.7,16,16,16,0.6536,0.6536,0.6536,0.0,49.52,10,0,0,0
01_Rock3-117-Bb_comp,allinone+btc+demucs,16,16,16,0.9645,0.9645,0.9645,0.0,58.73,0,0,0,0
01_Rock3-117-Bb_comp,allinone+btc+demucs+tau0.3,16,16,16,0.4038,0.4038,0.4038,0.0,58.82,18,0,0,0
01_Rock3-117-Bb_comp,allinone+btc+demucs+tau0.4,16,16,16,0.4666,0.4666,0.4666,0.0,58.82,16,0,0,0
01_Rock3-117-Bb_comp,allinone+btc+demucs+tau0.5,16,16,16,0.5284,0.5284,0.5284,0.0,58.82,14,0,0,0
01_Rock3-117-Bb_comp,allinone+btc+demucs+tau0.6,16,16,16,0.5597,0.5597,0.5597,0.0,58.82,13,0,0,0
01_Rock3-117-Bb_comp,allinone+btc+demucs+tau0.7,16,16,16,0.6847,0.6847,0.6847,0.0,58.82,9,0,0,0
01_Rock3-117-Bb_comp,allinone+cnnlstm,16,16,16,0.9645,0.9645,0.9645,0.0,49.79,0,0,0,0
01_Rock3-117-Bb_comp,allinone+cnnlstm+tau0.3,16,16,16,0.4038,0.4038,0.4038,0.0,49.89,18,0,0,0
01_Rock3-117-Bb_comp,allinone+cnnlstm+tau0.4,16,16,16,0.4666,0.4666,0.4666,0.0,49.89,16,0,0,0
01_Rock3-117-Bb_comp,allinone+cnnlstm+tau0.5,16,16,16,0.5284,0.5284,0.5284,0.0,49.89,14,0,0,0
01_Rock3-117-Bb_comp,allinone+cnnlstm+tau0.6,16,16,16,0.5597,0.5597,0.5597,0.0,49.89,13,0,0,0
01_Rock3-117-Bb_comp,allinone+cnnlstm+tau0.7,16,16,16,0.6536,0.6536,0.6536,0.0,49.89,10,0,0,0
01_Rock3-117-Bb_comp,allinone+cnnlstm+demucs,16,16,16,0.9645,0.9645,0.9645,0.0,59.09,0,0,0,0
01_Rock3-117-Bb_comp,allinone+cnnlstm+demucs+tau0.3,16,16,16,0.4038,0.4038,0.4038,0.0,59.18,18,0,0,0
01_Rock3-117-Bb_comp,allinone+cnnlstm+demucs+tau0.4,16,16,16,0.4666,0.4666,0.4666,0.0,59.18,16,0,0,0
01_Rock3-117-Bb_comp,allinone+cnnlstm+demucs+tau0.5,16,16,16,0.5284,0.5284,0.5284,0.0,59.18,14,0,0,0
01_Rock3-117-Bb_comp,allinone+cnnlstm+demucs+tau0.6,16,16,16,0.5597,0.5597,0.5597,0.0,59.18,13,0,0,0
01_Rock3-117-Bb_comp,allinone+cnnlstm+demucs+tau0.7,16,16,16,0.6847,0.6847,0.6847,0.0,59.18,9,0,0,0
01_Rock3-117-Bb_comp,madmom+btc,16,16,16,0.9943,0.9943,0.9943,0.0,1.74,0,0,0,0
01_Rock3-117-Bb_comp,madmom+btc+tau0.3,16,16,16,0.4337,0.4337,0.4337,0.0,1.84,18,0,0,0
01_Rock3-117-Bb_comp,madmom+btc+tau0.4,16,16,16,0.4964,0.4964,0.4964,0.0,1.84,16,0,0,0
01_Rock3-117-Bb_comp,madmom+btc+tau0.5,16,16,16,0.5583,0.5583,0.5583,0.0,1.84,14,0,0,0
01_Rock3-117-Bb_comp,madmom+btc+tau0.6,16,16,16,0.5896,0.5896,0.5896,0.0,1.84,13,0,0,0
01_Rock3-117-Bb_comp,madmom+btc+tau0.7,16,16,16,0.6831,0.6831,0.6831,0.0,1.84,10,0,0,0
01_Rock3-117-Bb_comp,madmom+btc+demucs,16,16,16,0.9943,0.9943,0.9943,0.0,11.05,0,0,0,0
01_Rock3-117-Bb_comp,madmom+btc+demucs+tau0.3,16,16,16,0.4337,0.4337,0.4337,0.0,11.14,18,0,0,0
01_Rock3-117-Bb_comp,madmom+btc+demucs+tau0.4,16,16,16,0.4964,0.4964,0.4964,0.0,11.14,16,0,0,0
01_Rock3-117-Bb_comp,madmom+btc+demucs+tau0.5,16,16,16,0.5583,0.5583,0.5583,0.0,11.14,14,0,0,0
01_Rock3-117-Bb_comp,madmom+btc+demucs+tau0.6,16,16,16,0.5896,0.5896,0.5896,0.0,11.14,13,0,0,0
01_Rock3-117-Bb_comp,madmom+btc+demucs+tau0.7,16,16,16,0.7145,0.7145,0.7145,0.0,11.14,9,0,0,0
01_Rock3-117-Bb_comp,madmom+cnnlstm,16,16,16,0.9943,0.9943,0.9943,0.0,2.11,0,0,0,0
01_Rock3-117-Bb_comp,madmom+cnnlstm+tau0.3,16,16,16,0.4337,0.4337,0.4337,0.0,2.2,18,0,0,0
01_Rock3-117-Bb_comp,madmom+cnnlstm+tau0.4,16,16,16,0.4964,0.4964,0.4964,0.0,2.2,16,0,0,0
01_Rock3-117-Bb_comp,madmom+cnnlstm+tau0.5,16,16,16,0.5583,0.5583,0.5583,0.0,2.2,14,0,0,0
01_Rock3-117-Bb_comp,madmom+cnnlstm+tau0.6,16,16,16,0.5896,0.5896,0.5896,0.0,2.2,13,0,0,0
01_Rock3-117-Bb_comp,madmom+cnnlstm+tau0.7,16,16,16,0.6831,0.6831,0.6831,0.0,2.2,10,0,0,0
01_Rock3-117-Bb_comp,madmom+cnnlstm+demucs,16,16,16,0.9943,0.9943,0.9943,0.0,11.4,0,0,0,0
01_Rock3-117-Bb_comp,madmom+cnnlstm+demucs+tau0.3,16,16,16,0.4337,0.4337,0.4337,0.0,11.49,18,0,0,0
01_Rock3-117-Bb_comp,madmom+cnnlstm+demucs+tau0.4,16,16,16,0.4964,0.4964,0.4964,0.0,11.49,16,0,0,0
01_Rock3-117-Bb_comp,madmom+cnnlstm+demucs+tau0.5,16,16,16,0.5583,0.5583,0.5583,0.0,11.49,14,0,0,0
01_Rock3-117-Bb_comp,madmom+cnnlstm+demucs+tau0.6,16,16,16,0.5896,0.5896,0.5896,0.0,11.49,13,0,0,0
01_Rock3-117-Bb_comp,madmom+cnnlstm+demucs+tau0.7,16,16,16,0.7145,0.7145,0.7145,0.0,11.49,9,0,0,0
01_Rock3-148-C_comp,allinone+btc,9,8,16,0.9319,0.9319,0.9319,0.0,41.26,0,0,0,0
01_Rock3-148-C_comp,allinone+btc+tau0.3,16,16,16,0.4357,0.4357,0.4357,0.0,41.34,8,0,0,0
01_Rock3-148-C_comp,allinone+btc+tau0.4,16,16,16,0.4357,0.4357,0.4357,0.0,41.34,8,0,0,0
01_Rock3-148-C_comp,allinone+btc+tau0.5,16,15,16,0.4978,0.4978,0.4978,0.0,41.34,7,0,0,0
01_Rock3-148-C_comp,allinone+btc+tau0.6,16,15,16,0.4978,0.4978,0.4978,0.0,41.34,7,0,0,0
01_Rock3-148-C_comp,allinone+btc+tau0.7,14,13,16,0.6213,0.6213,0.6213,0.0,41.34,5,0,0,0
01_Rock3-148-C_comp,allinone+btc+demucs,9,8,16,0.9319,0.9319,0.9319,0.0,49.16,0,0,0,0
01_Rock3-148-C_comp,allinone+btc+demucs+tau0.3,16,16,16,0.4357,0.4357,0.4357,0.0,49.24,8,0,0,0
01_Rock3-148-C_comp,allinone+btc+demucs+tau0.4,16,16,16,0.4357,0.4357,0.4357,0.0,49.24,8,0,0,0
01_Rock3-148-C_comp,allinone+btc+demucs+tau0.5,16,15,16,0.4978,0.4978,0.4978,0.0,49.24,7,0,0,0
01_Rock3-148-C_comp,allinone+btc+demucs+tau0.6,16,15,16,0.4978,0.4978,0.4978,0.0,49.24,7,0,0,0
01_Rock3-148-C_comp,allinone+btc+demucs+tau0.7,14,13,16,0.6213,0.6213,0.6213,0.0,49.24,5,0,0,0
01_Rock3-148-C_comp,allinone+cnnlstm,11,10,16,0.6832,0.6832,0.6832,0.0,41.56,0,0,0,0
01_Rock3-148-C_comp,allinone+cnnlstm+tau0.3,16,16,16,0.3115,0.3115,0.3115,0.0,41.64,6,0,0,0
01_Rock3-148-C_comp,allinone+cnnlstm+tau0.4,16,16,16,0.3115,0.3115,0.3115,0.0,41.64,6,0,0,0
01_Rock3-148-C_comp,allinone+cnnlstm+tau0.5,16,15,16,0.3736,0.3736,0.3736,0.0,41.64,5,0,0,0
01_Rock3-148-C_comp,allinone+cnnlstm+tau0.6,16,15,16,0.3736,0.3736,0.3736,0.0,41.64,5,0,0,0
01_Rock3-148-C_comp,allinone+cnnlstm+tau0.7,14,13,16,0.497,0.497,0.497,0.0,41.64,3,0,0,0
01_Rock3-148-C_comp,allinone+cnnlstm+demucs,11,10,16,0.6531,0.6531,0.6531,0.0,49.4,0,0,0,0
01_Rock3-148-C_comp,allinone+cnnlstm+demucs+tau0.3,16,16,16,0.281,0.281,0.281,0.0,49.47,6,0,0,0
01_Rock3-148-C_comp,allinone+cnnlstm+demucs+tau0.4,16,16,16,0.281,0.281,0.281,0.0,49.47,6,0,0,0
01_Rock3-148-C_comp,allinone+cnnlstm+demucs+tau0.5,16,16,16,0.281,0.281,0.281,0.0,49.47,6,0,0,0
01_Rock3-148-C_comp,allinone+cnnlstm+demucs+tau0.6,16,16,16,0.281,0.281,0.281,0.0,49.47,6,0,0,0
01_Rock3-148-C_comp,allinone+cnnlstm+demucs+tau0.7,14,14,16,0.4045,0.4045,0.4045,0.0,49.47,4,0,0,0
01_Rock3-148-C_comp,madmom+btc,16,16,16,0.978,0.978,0.978,0.0,1.38,0,0,0,0
01_Rock3-148-C_comp,madmom+btc+tau0.3,16,16,16,0.0778,0.0778,0.0778,0.0,1.46,29,0,0,0
01_Rock3-148-C_comp,madmom+btc+tau0.4,16,16,16,0.2009,0.2009,0.2009,0.0,1.46,25,0,0,0
01_Rock3-148-C_comp,madmom+btc+tau0.5,16,16,16,0.2954,0.2954,0.2954,0.0,1.46,22,0,0,0
01_Rock3-148-C_comp,madmom+btc+tau0.6,16,16,16,0.4195,0.4195,0.4195,0.0,1.46,18,0,0,0
01_Rock3-148-C_comp,madmom+btc+tau0.7,16,16,16,0.4507,0.4507,0.4507,0.0,1.46,17,0,0,0
01_Rock3-148-C_comp,madmom+btc+demucs,16,16,16,0.9936,0.9936,0.9936,0.0,9.28,0,0,0,0
01_Rock3-148-C_comp,madmom+btc+demucs+tau0.3,16,16,16,0.0934,0.0934,0.0934,0.0,9.36,29,0,0,0
01_Rock3-148-C_comp,madmom+btc+demucs+tau0.4,16,16,16,0.2165,0.2165,0.2165,0.0,9.36,25,0,0,0
01_Rock3-148-C_comp,madmom+btc+demucs+tau0.5,16,16,16,0.311,0.311,0.311,0.0,9.36,22,0,0,0
01_Rock3-148-C_comp,madmom+btc+demucs+tau0.6,16,16,16,0.4351,0.4351,0.4351,0.0,9.36,18,0,0,0
01_Rock3-148-C_comp,madmom+btc+demucs+tau0.7,16,16,16,0.4663,0.4663,0.4663,0.0,9.36,17,0,0,0
01_Rock3-148-C_comp,madmom+cnnlstm,16,16,16,0.7306,0.7306,0.7306,0.0,1.68,0,0,0,0
01_Rock3-148-C_comp,madmom+cnnlstm+tau0.3,16,16,16,0.0154,0.0154,0.0154,0.0,1.76,23,0,0,0
01_Rock3-148-C_comp,madmom+cnnlstm+tau0.4,16,16,16,0.0773,0.0773,0.0773,0.0,1.76,21,0,0,0
01_Rock3-148-C_comp,madmom+cnnlstm+tau0.5,16,16,16,0.1717,0.1717,0.1717,0.0,1.76,18,0,0,0
01_Rock3-148-C_comp,madmom+cnnlstm+tau0.6,16,16,16,0.2958,0.2958,0.2958,0.0,1.76,14,0,0,0
01_Rock3-148-C_comp,madmom+cnnlstm+tau0.7,16,16,16,0.2958,0.2958,0.2958,0.0,1.76,14,0,0,0
01_Rock3-148-C_comp,madmom+cnnlstm+demucs,16,16,16,0.7306,0.7306,0.7306,0.0,9.52,0,0,0,0
01_Rock3-148-C_comp,madmom+cnnlstm+demucs+tau0.3,16,16,16,0.0154,0.0154,0.0154,0.0,9.59,23,0,0,0
01_Rock3-148-C_comp,madmom+cnnlstm+demucs+tau0.4,16,16,16,0.0773,0.0773,0.0773,0.0,9.59,21,0,0,0
01_Rock3-148-C_comp,madmom+cnnlstm+demucs+tau0.5,16,16,16,0.1717,0.1717,0.1717,0.0,9.59,18,0,0,0
01_Rock3-148-C_comp,madmom+cnnlstm+demucs+tau0.6,16,16,16,0.2958,0.2958,0.2958,0.0,9.59,14,0,0,0
01_Rock3-148-C_comp,madmom+cnnlstm+demucs+tau0.7,16,16,16,0.2958,0.2958,0.2958,0.0,9.59,14,0,0,0
01_SS1-100-C#_comp,allinone+btc,12,12,12,0.0,0.0,0.0,0.0,43.42,0,0,0,0
01_SS1-100-C#_comp,allinone+btc+tau0.3,12,12,12,0.0,0.0,0.0,0.0,43.51,0,0,0,0
01_SS1-100-C#_comp,allinone+btc+tau0.4,12,12,12,0.0,0.0,0.0,0.0,43.5,0,0,0,0
01_SS1-100-C#_comp,allinone+btc+tau0.5,12,12,12,0.0,0.0,0.0,0.0,43.5,0,0,0,0
01_SS1-100-C#_comp,allinone+btc+tau0.6,12,12,12,0.0,0.0,0.0,0.0,43.5,0,0,0,0
01_SS1-100-C#_comp,allinone+btc+tau0.7,12,12,12,0.0,0.0,0.0,0.0,43.5,0,0,0,0
01_SS1-100-C#_comp,allinone+btc+demucs,12,12,12,0.0,0.0,0.0,0.0,51.08,0,0,0,0
01_SS1-100-C#_comp,allinone+btc+demucs+tau0.3,12,12,12,0.0,0.0,0.0,0.0,51.16,0,0,0,0
01_SS1-100-C#_comp,allinone+btc+demucs+tau0.4,12,12,12,0.0,0.0,0.0,0.0,51.16,0,0,0,0
01_SS1-100-C#_comp,allinone+btc+demucs+tau0.5,12,12,12,0.0,0.0,0.0,0.0,51.16,0,0,0,0
01_SS1-100-C#_comp,allinone+btc+demucs+tau0.6,12,12,12,0.0,0.0,0.0,0.0,51.16,0,0,0,0
01_SS1-100-C#_comp,allinone+btc+demucs+tau0.7,12,12,12,0.0,0.0,0.0,0.0,51.16,0,0,0,0
01_SS1-100-C#_comp,allinone+cnnlstm,12,12,12,0.0,0.0,0.0,0.0,43.74,0,0,0,0
01_SS1-100-C#_comp,allinone+cnnlstm+tau0.3,12,12,12,0.0,0.0,0.0,0.0,43.83,0,0,0,0
01_SS1-100-C#_comp,allinone+cnnlstm+tau0.4,12,12,12,0.0,0.0,0.0,0.0,43.83,0,0,0,0
01_SS1-100-C#_comp,allinone+cnnlstm+tau0.5,12,12,12,0.0,0.0,0.0,0.0,43.83,0,0,0,0
01_SS1-100-C#_comp,allinone+cnnlstm+tau0.6,12,12,12,0.0,0.0,0.0,0.0,43.83,0,0,0,0
01_SS1-100-C#_comp,allinone+cnnlstm+tau0.7,12,12,12,0.0,0.0,0.0,0.0,43.83,0,0,0,0
01_SS1-100-C#_comp,allinone+cnnlstm+demucs,12,12,12,0.0,0.0,0.0,0.0,51.4,0,0,0,0
01_SS1-100-C#_comp,allinone+cnnlstm+demucs+tau0.3,12,12,12,0.0,0.0,0.0,0.0,51.48,0,0,0,0
01_SS1-100-C#_comp,allinone+cnnlstm+demucs+tau0.4,12,12,12,0.0,0.0,0.0,0.0,51.48,0,0,0,0
01_SS1-100-C#_comp,allinone+cnnlstm+demucs+tau0.5,12,12,12,0.0,0.0,0.0,0.0,51.48,0,0,0,0
01_SS1-100-C#_comp,allinone+cnnlstm+demucs+tau0.6,12,12,12,0.0,0.0,0.0,0.0,51.48,0,0,0,0
01_SS1-100-C#_comp,allinone+cnnlstm+demucs+tau0.7,12,12,12,0.0,0.0,0.0,0.0,51.48,0,0,0,0
01_SS1-100-C#_comp,madmom+btc,0,0,12,0.9965,0.9965,0.9965,0.96,1.52,0,0,0,0
01_SS1-100-C#_comp,madmom+btc+tau0.3,12,12,12,0.0003,0.0003,0.0003,0.96,1.61,12,0,0,0
01_SS1-100-C#_comp,madmom+btc+tau0.4,5,5,12,0.5837,0.5837,0.5837,0.96,1.61,5,0,0,0
01_SS1-100-C#_comp,madmom+btc+tau0.5,4,4,12,0.6663,0.6663,0.6663,0.96,1.61,4,0,0,0
01_SS1-100-C#_comp,madmom+btc+tau0.6,3,3,12,0.7483,0.7483,0.7483,0.96,1.61,3,0,0,0
01_SS1-100-C#_comp,madmom+btc+tau0.7,3,3,12,0.7483,0.7483,0.7483,0.96,1.61,3,0,0,0
01_SS1-100-C#_comp,madmom+btc+demucs,0,0,12,0.9965,0.9965,0.9965,0.96,9.18,0,0,0,0
01_SS1-100-C#_comp,madmom+btc+demucs+tau0.3,12,12,12,0.0003,0.0003,0.0003,0.96,9.26,12,0,0,0
01_SS1-100-C#_comp,madmom+btc+demucs+tau0.4,5,5,12,0.5837,0.5837,0.5837,0.96,9.26,5,0,0,0
01_SS1-100-C#_comp,madmom+btc+demucs+tau0.5,4,4,12,0.6663,0.6663,0.6663,0.96,9.26,4,0,0,0
01_SS1-100-C#_comp,madmom+btc+demucs+tau0.6,3,3,12,0.7483,0.7483,0.7483,0.96,9.26,3,0,0,0
01_SS1-100-C#_comp,madmom+btc+demucs+tau0.7,3,3,12,0.7483,0.7483,0.7483,0.96,9.26,3,0,0,0
01_SS1-100-C#_comp,madmom+cnnlstm,0,0,12,0.9965,0.9965,0.9965,0.96,1.84,0,0,0,0
01_SS1-100-C#_comp,madmom+cnnlstm+tau0.3,12,12,12,0.0003,0.0003,0.0003,0.96,1.93,12,0,0,0
01_SS1-100-C#_comp,madmom+cnnlstm+tau0.4,5,5,12,0.5837,0.5837,0.5837,0.96,1.93,5,0,0,0
01_SS1-100-C#_comp,madmom+cnnlstm+tau0.5,4,4,12,0.6663,0.6663,0.6663,0.96,1.93,4,0,0,0
01_SS1-100-C#_comp,madmom+cnnlstm+tau0.6,3,3,12,0.7483,0.7483,0.7483,0.96,1.93,3,0,0,0
01_SS1-100-C#_comp,madmom+cnnlstm+tau0.7,3,3,12,0.7483,0.7483,0.7483,0.96,1.93,3,0,0,0
01_SS1-100-C#_comp,madmom+cnnlstm+demucs,0,0,12,0.9965,0.9965,0.9965,0.96,9.5,0,0,0,0
01_SS1-100-C#_comp,madmom+cnnlstm+demucs+tau0.3,12,12,12,0.0003,0.0003,0.0003,0.96,9.58,12,0,0,0
01_SS1-100-C#_comp,madmom+cnnlstm+demucs+tau0.4,5,5,12,0.5837,0.5837,0.5837,0.96,9.58,5,0,0,0
01_SS1-100-C#_comp,madmom+cnnlstm+demucs+tau0.5,4,4,12,0.6663,0.6663,0.6663,0.96,9.58,4,0,0,0
01_SS1-100-C#_comp,madmom+cnnlstm+demucs+tau0.6,3,3,12,0.7483,0.7483,0.7483,0.96,9.58,3,0,0,0
01_SS1-100-C#_comp,madmom+cnnlstm+demucs+tau0.7,3,3,12,0.7483,0.7483,0.7483,0.96,9.58,3,0,0,0
01_SS1-68-E_comp,allinone+btc,12,12,12,0.6665,0.6665,0.6109,0.6207,60.32,0,0,1,0
01_SS1-68-E_comp,allinone+btc+tau0.3,12,12,12,0.4409,0.4409,0.4874,0.6207,60.44,7,2,1,1
01_SS1-68-E_comp,allinone+btc+tau0.4,12,12,12,0.6206,0.6206,0.6521,0.6207,60.44,3,2,1,1
01_SS1-68-E_comp,allinone+btc+tau0.5,12,12,12,0.6206,0.6206,0.6111,0.6207,60.44,2,1,1,1
01_SS1-68-E_comp,allinone+btc+tau0.6,12,12,12,0.6206,0.6206,0.6111,0.6207,60.44,2,1,1,1
01_SS1-68-E_comp,allinone+btc+tau0.7,12,12,12,0.6665,0.6665,0.6109,0.6207,60.44,0,0,1,0
01_SS1-68-E_comp,allinone+btc+demucs,12,12,12,0.6665,0.6665,0.6109,0.6207,72.41,0,0,1,0
01_SS1-68-E_comp,allinone+btc+demucs+tau0.3,12,12,12,0.4409,0.4409,0.4874,0.6207,72.52,7,2,1,1
01_SS1-68-E_comp,allinone+btc+demucs+tau0.4,12,12,12,0.6206,0.6206,0.6521,0.6207,72.52,3,2,1,1
01_SS1-68-E_comp,allinone+btc+demucs+tau0.5,12,12,12,0.6206,0.6206,0.6111,0.6207,72.52,2,1,1,1
01_SS1-68-E_comp,allinone+btc+demucs+tau0.6,12,12,12,0.6206,0.6206,0.6111,0.6207,72.52,2,1,1,1
01_SS1-68-E_comp,allinone+btc+demucs+tau0.7,12,12,12,0.6665,0.6665,0.6109,0.6207,72.52,0,0,1,0
01_SS1-68-E_comp,allinone+cnnlstm,12,12,12,0.6814,0.6814,0.6246,0.6207,60.78,0,0,1,0
01_SS1-68-E_comp,allinone+cnnlstm+tau0.3,12,12,12,0.4106,0.4106,0.4596,0.6207,60.9,8,2,1,1
01_SS1-68-E_comp,allinone+cnnlstm+tau0.4,12,12,12,0.5903,0.5903,0.6243,0.6207,60.9,4,2,1,1
01_SS1-68-E_comp,allinone+cnnlstm+tau0.5,12,12,12,0.6355,0.6355,0.6248,0.6207,60.9,2,1,1,1
01_SS1-68-E_comp,allinone+cnnlstm+tau0.6,12,12,12,0.6355,0.6355,0.6248,0.6207,60.9,2,1,1,1
01_SS1-68-E_comp,allinone+cnnlstm+tau0.7,12,12,12,0.6814,0.6814,0.6246,0.6207,60.9,0,0,1,0
01_SS1-68-E_comp,allinone+cnnlstm+demucs,12,12,12,0.6814,0.6814,0.6246,0.6207,72.86,0,0,1,0
01_SS1-68-E_comp,allinone+cnnlstm+demucs+tau0.3,12,12,12,0.4106,0.4106,0.4596,0.6207,72.97,8,2,1,1
01_SS1-68-E_comp,allinone+cnnlstm+demucs+tau0.4,12,12,12,0.5903,0.5903,0.6243,0.6207,72.97,4,2,1,1
01_SS1-68-E_comp,allinone+cnnlstm+demucs+tau0.5,12,12,12,0.6355,0.6355,0.6248,0.6207,72.97,2,1,1,1
01_SS1-68-E_comp,allinone+cnnlstm+demucs+tau0.6,12,12,12,0.6355,0.6355,0.6248,0.6207,72.97,2,1,1,1
01_SS1-68-E_comp,allinone+cnnlstm+demucs+tau0.7,12,12,12,0.6814,0.6814,0.6246,0.6207,72.97,0,0,1,0
01_SS1-68-E_comp,madmom+btc,6,4,12,0.9899,0.9899,0.9074,0.6154,2.17,0,0,1,0
01_SS1-68-E_comp,madmom+btc+tau0.3,7,6,12,0.7247,0.7247,0.7476,0.6154,2.3,4,1,1,1
01_SS1-68-E_comp,madmom+btc+tau0.4,5,3,12,0.9899,0.9899,0.9908,0.6154,2.3,1,1,1,1
01_SS1-68-E_comp,madmom+btc+tau0.5,5,3,12,0.9899,0.9899,0.9908,0.6154,2.3,1,1,1,1
01_SS1-68-E_comp,madmom+btc+tau0.6,6,4,12,0.9899,0.9899,0.9074,0.6154,2.3,0,0,1,0
01_SS1-68-E_comp,madmom+btc+tau0.7,6,4,12,0.9899,0.9899,0.9074,0.6154,2.3,0,0,1,0
01_SS1-68-E_comp,madmom+btc+demucs,6,4,12,0.9899,0.9899,0.9074,0.6154,14.26,0,0,1,0
01_SS1-68-E_comp,madmom+btc+demucs+tau0.3,7,6,12,0.7247,0.7247,0.7476,0.6154,14.37,4,1,1,1
01_SS1-68-E_comp,madmom+btc+demucs+tau0.4,5,3,12,0.9899,0.9899,0.9908,0.6154,14.37,1,1,1,1
01_SS1-68-E_comp,madmom+btc+demucs+tau0.5,5,3,12,0.9899,0.9899,0.9908,0.6154,14.37,1,1,1,1
01_SS1-68-E_comp,madmom+btc+demucs+tau0.6,6,4,12,0.9899,0.9899,0.9074,0.6154,14.37,0,0,1,0
01_SS1-68-E_comp,madmom+btc+demucs+tau0.7,6,4,12,0.9899,0.9899,0.9074,0.6154,14.37,0,0,1,0
01_SS1-68-E_comp,madmom+cnnlstm,6,4,12,0.9899,0.9899,0.9074,0.6154,2.63,0,0,1,0
01_SS1-68-E_comp,madmom+cnnlstm+tau0.3,7,6,12,0.7247,0.7247,0.7476,0.6154,2.76,4,1,1,1
01_SS1-68-E_comp,madmom+cnnlstm+tau0.4,5,3,12,0.9899,0.9899,0.9908,0.6154,2.76,1,1,1,1
01_SS1-68-E_comp,madmom+cnnlstm+tau0.5,5,3,12,0.9899,0.9899,0.9908,0.6154,2.76,1,1,1,1
01_SS1-68-E_comp,madmom+cnnlstm+tau0.6,6,4,12,0.9899,0.9899,0.9074,0.6154,2.76,0,0,1,0
01_SS1-68-E_comp,madmom+cnnlstm+tau0.7,6,4,12,0.9899,0.9899,0.9074,0.6154,2.76,0,0,1,0
01_SS1-68-E_comp,madmom+cnnlstm+demucs,6,4,12,0.9899,0.9899,0.9074,0.6154,14.72,0,0,1,0
01_SS1-68-E_comp,madmom+cnnlstm+demucs+tau0.3,7,6,12,0.7247,0.7247,0.7476,0.6154,14.83,4,1,1,1
01_SS1-68-E_comp,madmom+cnnlstm+demucs+tau0.4,5,3,12,0.9899,0.9899,0.9908,0.6154,14.83,1,1,1,1
01_SS1-68-E_comp,madmom+cnnlstm+demucs+tau0.5,5,3,12,0.9899,0.9899,0.9908,0.6154,14.83,1,1,1,1
01_SS1-68-E_comp,madmom+cnnlstm+demucs+tau0.6,6,4,12,0.9899,0.9899,0.9074,0.6154,14.83,0,0,1,0
01_SS1-68-E_comp,madmom+cnnlstm+demucs+tau0.7,6,4,12,0.9899,0.9899,0.9074,0.6154,14.83,0,0,1,0
01_SS2-107-Ab_comp,allinone+btc,16,16,16,0.3137,0.3137,0.3137,0.0,53.26,0,0,0,0
01_SS2-107-Ab_comp,allinone+btc+tau0.3,16,16,16,0.0556,0.0556,0.0556,0.0,53.36,6,0,0,0
01_SS2-107-Ab_comp,allinone+btc+tau0.4,16,16,16,0.0556,0.0556,0.0556,0.0,53.36,6,0,0,0
01_SS2-107-Ab_comp,allinone+btc+tau0.5,16,16,16,0.11,0.11,0.11,0.0,53.36,5,0,0,0
01_SS2-107-Ab_comp,allinone+btc+tau0.6,16,16,16,0.11,0.11,0.11,0.0,53.36,5,0,0,0
01_SS2-107-Ab_comp,allinone+btc+tau0.7,16,16,16,0.2042,0.2042,0.2042,0.0,53.36,3,0,0,0
01_SS2-107-Ab_comp,allinone+btc+demucs,16,16,16,0.2979,0.2979,0.2979,0.0,63.96,0,0,0,0
01_SS2-107-Ab_comp,allinone+btc+demucs+tau0.3,16,16,16,0.0712,0.0712,0.0712,0.0,64.06,5,0,0,0
01_SS2-107-Ab_comp,allinone+btc+demucs+tau0.4,16,16,16,0.0712,0.0712,0.0712,0.0,64.06,5,0,0,0
01_SS2-107-Ab_comp,allinone+btc+demucs+tau0.5,16,16,16,0.1256,0.1256,0.1256,0.0,64.06,4,0,0,0
01_SS2-107-Ab_comp,allinone+btc+demucs+tau0.6,16,16,16,0.1256,0.1256,0.1256,0.0,64.06,4,0,0,0
01_SS2-107-Ab_comp,allinone+btc+demucs+tau0.7,16,16,16,0.1883,0.1883,0.1883,0.0,64.06,3,0,0,0
01_SS2-107-Ab_comp,allinone+cnnlstm,16,15,16,0.2904,0.2433,0.2433,0.0,53.67,0,0,0,0
01_SS2-107-Ab_comp,allinone+cnnlstm+tau0.3,16,16,16,0.0712,0.0712,0.0712,0.0,53.77,7,0,0,0
01_SS2-107-Ab_comp,allinone+cnnlstm+tau0.4,16,16,16,0.0712,0.0712,0.0712,0.0,53.77,7,0,0,0
01_SS2-107-Ab_comp,allinone+cnnlstm+tau0.5,16,16,16,0.1256,0.1256,0.1256,0.0,53.77,6,0,0,0
01_SS2-107-Ab_comp,allinone+cnnlstm+tau0.6,16,16,16,0.1256,0.1256,0.1256,0.0,53.77,6,0,0,0
01_SS2-107-Ab_comp,allinone+cnnlstm+tau0.7,16,16,16,0.1883,0.1883,0.1883,0.0,53.77,3,0,0,0
01_SS2-107-Ab_comp,allinone+cnnlstm+demucs,16,15,16,0.2904,0.2433,0.2433,0.0,64.38,0,0,0,0
01_SS2-107-Ab_comp,allinone+cnnlstm+demucs+tau0.3,16,16,16,0.0712,0.0712,0.0712,0.0,64.47,7,0,0,0
01_SS2-107-Ab_comp,allinone+cnnlstm+demucs+tau0.4,16,16,16,0.0712,0.0712,0.0712,0.0,64.47,7,0,0,0
01_SS2-107-Ab_comp,allinone+cnnlstm+demucs+tau0.5,16,16,16,0.1256,0.1256,0.1256,0.0,64.47,6,0,0,0
01_SS2-107-Ab_comp,allinone+cnnlstm+demucs+tau0.6,16,16,16,0.1256,0.1256,0.1256,0.0,64.47,6,0,0,0
01_SS2-107-Ab_comp,allinone+cnnlstm+demucs+tau0.7,16,16,16,0.1883,0.1883,0.1883,0.0,64.47,3,0,0,0
01_SS2-107-Ab_comp,madmom+btc,16,16,16,0.6352,0.6352,0.6352,0.0,1.87,0,0,0,0
01_SS2-107-Ab_comp,madmom+btc+tau0.3,16,16,16,0.1658,0.1658,0.1658,0.0,1.97,19,0,0,0
01_SS2-107-Ab_comp,madmom+btc+tau0.4,16,16,16,0.1658,0.1658,0.1658,0.0,1.97,19,0,0,0
01_SS2-107-Ab_comp,madmom+btc+tau0.5,16,16,16,0.2204,0.2204,0.2204,0.0,1.97,17,0,0,0
01_SS2-107-Ab_comp,madmom+btc+tau0.6,16,16,16,0.2518,0.2518,0.2518,0.0,1.97,16,0,0,0
01_SS2-107-Ab_comp,madmom+btc+tau0.7,16,16,16,0.3143,0.3143,0.3143,0.0,1.97,14,0,0,0
01_SS2-107-Ab_comp,madmom+btc+demucs,16,16,16,0.6268,0.6268,0.6268,0.0,12.58,0,0,0,0
01_SS2-107-Ab_comp,madmom+btc+demucs+tau0.3,16,16,16,0.1574,0.1574,0.1574,0.0,12.67,19,0,0,0
01_SS2-107-Ab_comp,madmom+btc+demucs+tau0.4,16,16,16,0.1574,0.1574,0.1574,0.0,12.67,19,0,0,0
01_SS2-107-Ab_comp,madmom+btc+demucs+tau0.5,16,16,16,0.212,0.212,0.212,0.0,12.67,17,0,0,0
01_SS2-107-Ab_comp,madmom+btc+demucs+tau0.6,16,16,16,0.2435,0.2435,0.2435,0.0,12.67,16,0,0,0
01_SS2-107-Ab_comp,madmom+btc+demucs+tau0.7,16,16,16,0.3059,0.3059,0.3059,0.0,12.67,14,0,0,0
01_SS2-107-Ab_comp,madmom+cnnlstm,16,16,16,0.6484,0.5392,0.5392,0.0,2.28,0,0,0,0
01_SS2-107-Ab_comp,madmom+cnnlstm+tau0.3,16,16,16,0.2345,0.1799,0.1799,0.0,2.38,19,0,0,0
01_SS2-107-Ab_comp,madmom+cnnlstm+tau0.4,16,16,16,0.2345,0.1799,0.1799,0.0,2.38,19,0,0,0
01_SS2-107-Ab_comp,madmom+cnnlstm+tau0.5,16,16,16,0.2891,0.2345,0.2345,0.0,2.38,17,0,0,0
01_SS2-107-Ab_comp,madmom+cnnlstm+tau0.6,16,16,16,0.3437,0.2891,0.2891,0.0,2.38,15,0,0,0
01_SS2-107-Ab_comp,madmom+cnnlstm+tau0.7,16,16,16,0.4061,0.3515,0.3515,0.0,2.38,13,0,0,0
01_SS2-107-Ab_comp,madmom+cnnlstm+demucs,16,16,16,0.6484,0.5938,0.5938,0.0,12.99,0,0,0,0
01_SS2-107-Ab_comp,madmom+cnnlstm+demucs+tau0.3,16,16,16,0.1799,0.1799,0.1799,0.0,13.09,21,0,0,0
01_SS2-107-Ab_comp,madmom+cnnlstm+demucs+tau0.4,16,16,16,0.1799,0.1799,0.1799,0.0,13.09,21,0,0,0
01_SS2-107-Ab_comp,madmom+cnnlstm+demucs+tau0.5,16,16,16,0.2345,0.2345,0.2345,0.0,13.09,19,0,0,0
01_SS2-107-Ab_comp,madmom+cnnlstm+demucs+tau0.6,16,16,16,0.2891,0.2891,0.2891,0.0,13.09,17,0,0,0
01_SS2-107-Ab_comp,madmom+cnnlstm+demucs+tau0.7,16,16,16,0.3515,0.3515,0.3515,0.0,13.09,15,0,0,0
01_SS2-88-F_comp,allinone+btc,16,16,16,0.8615,0.8615,0.8077,0.0,61.75,0,0,0,0
01_SS2-88-F_comp,allinone+btc+tau0.3,16,16,16,0.5721,0.5721,0.5363,0.0,61.87,9,0,0,0
01_SS2-88-F_comp,allinone+btc+tau0.4,16,16,16,0.6828,0.6828,0.6402,0.0,61.87,6,0,0,0
01_SS2-88-F_comp,allinone+btc+tau0.5,16,16,16,0.8004,0.8004,0.7504,0.0,61.87,2,0,0,0
01_SS2-88-F_comp,allinone+btc+tau0.6,16,16,16,0.8004,0.8004,0.7504,0.0,61.87,2,0,0,0
01_SS2-88-F_comp,allinone+btc+tau0.7,16,16,16,0.8615,0.8615,0.8077,0.0,61.87,0,0,0,0
01_SS2-88-F_comp,allinone+btc+demucs,16,16,16,0.8615,0.8615,0.8077,0.0,74.0,0,0,0,0
01_SS2-88-F_comp,allinone+btc+demucs+tau0.3,16,16,16,0.5941,0.5941,0.557,0.0,74.11,8,0,0,0
01_SS2-88-F_comp,allinone+btc+demucs+tau0.4,16,16,16,0.6828,0.6828,0.6402,0.0,74.11,6,0,0,0
01_SS2-88-F_comp,allinone+btc+demucs+tau0.5,16,16,16,0.8004,0.8004,0.7504,0.0,74.11,2,0,0,0
01_SS2-88-F_comp,allinone+btc+demucs+tau0.6,16,16,16,0.8004,0.8004,0.7504,0.0,74.11,2,0,0,0
01_SS2-88-F_comp,allinone+btc+demucs+tau0.7,16,16,16,0.8615,0.8615,0.8077,0.0,74.11,0,0,0,0
01_SS2-88-F_comp,allinone+cnnlstm,16,16,16,0.8699,0.8699,0.8155,0.0,62.25,0,0,0,0
01_SS2-88-F_comp,allinone+cnnlstm+tau0.3,16,16,16,0.5429,0.5429,0.5089,0.0,62.37,9,0,0,0
01_SS2-88-F_comp,allinone+cnnlstm+tau0.4,16,16,16,0.6714,0.6714,0.6294,0.0,62.37,6,0,0,0
01_SS2-88-F_comp,allinone+cnnlstm+tau0.5,16,16,16,0.7152,0.7152,0.6705,0.0,62.37,5,0,0,0
01_SS2-88-F_comp,allinone+cnnlstm+tau0.6,16,16,16,0.7691,0.7691,0.721,0.0,62.37,3,0,0,0
01_SS2-88-F_comp,allinone+cnnlstm+tau0.7,16,16,16,0.8699,0.8699,0.8155,0.0,62.37,0,0,0,0
01_SS2-88-F_comp,allinone+cnnlstm+demucs,16,16,16,0.8712,0.8712,0.8167,0.0,74.47,0,0,0,0
01_SS2-88-F_comp,allinone+cnnlstm+demucs+tau0.3,16,16,16,0.5442,0.5442,0.5101,0.0,74.59,9,0,0,0
01_SS2-88-F_comp,allinone+cnnlstm+demucs+tau0.4,16,16,16,0.6727,0.6727,0.6306,0.0,74.59,6,0,0,0
01_SS2-88-F_comp,allinone+cnnlstm+demucs+tau0.5,16,16,16,0.7164,0.7164,0.6717,0.0,74.59,5,0,0,0
01_SS2-88-F_comp,allinone+cnnlstm+demucs+tau0.6,16,16,16,0.7704,0.7704,0.7222,0.0,74.59,3,0,0,0
01_SS2-88-F_comp,allinone+cnnlstm+demucs+tau0.7,16,16,16,0.8712,0.8712,0.8167,0.0,74.59,0,0,0,0
01_SS2-88-F_comp,madmom+btc,16,16,16,0.8993,0.8993,0.8431,0.0,2.27,0,0,0,0
01_SS2-88-F_comp,madmom+btc+tau0.3,16,16,16,0.7161,0.7161,0.6714,0.0,2.39,8,0,0,0
01_SS2-88-F_comp,madmom+btc+tau0.4,16,16,16,0.7499,0.7499,0.703,0.0,2.39,6,0,0,0
01_SS2-88-F_comp,madmom+btc+tau0.5,16,16,16,0.8334,0.8334,0.7813,0.0,2.39,3,0,0,0
01_SS2-88-F_comp,madmom+btc+tau0.6,16,16,16,0.8334,0.8334,0.7813,0.0,2.39,3,0,0,0
01_SS2-88-F_comp,madmom+btc+tau0.7,16,16,16,0.8831,0.8831,0.8279,0.0,2.39,1,0,0,0
01_SS2-88-F_comp,madmom+btc+demucs,16,16,16,0.8993,0.8993,0.8431,0.0,14.51,0,0,0,0
01_SS2-88-F_comp,madmom+btc+demucs+tau0.3,16,16,16,0.7161,0.7161,0.6714,0.0,14.62,8,0,0,0
01_SS2-88-F_comp,madmom+btc+demucs+tau0.4,16,16,16,0.7499,0.7499,0.703,0.0,14.62,6,0,0,0
01_SS2-88-F_comp,madmom+btc+demucs+tau0.5,16,16,16,0.8334,0.8334,0.7813,0.0,14.62,3,0,0,0
01_SS2-88-F_comp,madmom+btc+demucs+tau0.6,16,16,16,0.8334,0.8334,0.7813,0.0,14.62,3,0,0,0
01_SS2-88-F_comp,madmom+btc+demucs+tau0.7,16,16,16,0.8831,0.8831,0.8279,0.0,14.62,1,0,0,0
01_SS2-88-F_comp,madmom+cnnlstm,16,16,16,0.9105,0.9105,0.8535,0.0,2.77,0,0,0,0
01_SS2-88-F_comp,madmom+cnnlstm+tau0.3,16,16,16,0.6448,0.6448,0.6045,0.0,2.88,13,0,0,0
01_SS2-88-F_comp,madmom+cnnlstm+tau0.4,16,16,16,0.6785,0.6785,0.6361,0.0,2.88,11,0,0,0
01_SS2-88-F_comp,madmom+cnnlstm+tau0.5,16,16,16,0.7623,0.7623,0.7146,0.0,2.88,8,0,0,0
01_SS2-88-F_comp,madmom+cnnlstm+tau0.6,16,16,16,0.7623,0.7623,0.7146,0.0,2.88,8,0,0,0
01_SS2-88-F_comp,madmom+cnnlstm+tau0.7,16,16,16,0.8434,0.8434,0.7907,0.0,2.88,4,0,0,0
01_SS2-88-F_comp,madmom+cnnlstm+demucs,16,16,16,0.9113,0.9113,0.8543,0.0,14.99,0,0,0,0
01_SS2-88-F_comp,madmom+cnnlstm+demucs+tau0.3,16,16,16,0.6615,0.6615,0.6202,0.0,15.1,12,0,0,0
01_SS2-88-F_comp,madmom+cnnlstm+demucs+tau0.4,16,16,16,0.6953,0.6953,0.6518,0.0,15.1,10,0,0,0
01_SS2-88-F_comp,madmom+cnnlstm+demucs+tau0.5,16,16,16,0.7791,0.7791,0.7304,0.0,15.1,7,0,0,0
01_SS2-88-F_comp,madmom+cnnlstm+demucs+tau0.6,16,16,16,0.7791,0.7791,0.7304,0.0,15.1,7,0,0,0
01_SS2-88-F_comp,madmom+cnnlstm+demucs+tau0.7,16,16,16,0.8602,0.8602,0.8064,0.0,15.1,3,0,0,0
01_SS3-84-Bb_comp,allinone+btc,8,7,16,0.9905,0.9905,0.9905,0.7222,63.62,0,0,0,0
01_SS3-84-Bb_comp,allinone+btc+tau0.3,10,9,16,0.784,0.784,0.784,0.7222,63.75,5,0,0,0
01_SS3-84-Bb_comp,allinone+btc+tau0.4,10,9,16,0.784,0.784,0.784,0.7222,63.75,5,0,0,0
01_SS3-84-Bb_comp,allinone+btc+tau0.5,8,7,16,0.9485,0.9485,0.9485,0.7222,63.75,2,0,0,0
01_SS3-84-Bb_comp,allinone+btc+tau0.6,8,7,16,0.9697,0.9697,0.9697,0.7222,63.75,1,0,0,0
01_SS3-84-Bb_comp,allinone+btc+tau0.7,8,7,16,0.9905,0.9905,0.9905,0.7222,63.75,0,0,0,0
01_SS3-84-Bb_comp,allinone+btc+demucs,8,7,16,0.9905,0.9905,0.9905,0.7222,75.82,0,0,0,0
01_SS3-84-Bb_comp,allinone+btc+demucs+tau0.3,10,9,16,0.784,0.784,0.784,0.7222,75.93,5,0,0,0
01_SS3-84-Bb_comp,allinone+btc+demucs+tau0.4,10,9,16,0.784,0.784,0.784,0.7222,75.93,5,0,0,0
01_SS3-84-Bb_comp,allinone+btc+demucs+tau0.5,8,7,16,0.9485,0.9485,0.9485,0.7222,75.93,2,0,0,0
01_SS3-84-Bb_comp,allinone+btc+demucs+tau0.6,8,7,16,0.9697,0.9697,0.9697,0.7222,75.93,1,0,0,0
01_SS3-84-Bb_comp,allinone+btc+demucs+tau0.7,8,7,16,0.9905,0.9905,0.9905,0.7222,75.93,0,0,0,0
01_SS3-84-Bb_comp,allinone+cnnlstm,9,8,16,0.9741,0.9741,0.9741,0.7222,64.15,0,0,0,0
01_SS3-84-Bb_comp,allinone+cnnlstm+tau0.3,11,10,16,0.7676,0.7676,0.7676,0.7222,64.28,5,0,0,0
01_SS3-84-Bb_comp,allinone+cnnlstm+tau0.4,11,10,16,0.7676,0.7676,0.7676,0.7222,64.28,5,0,0,0
01_SS3-84-Bb_comp,allinone+cnnlstm+tau0.5,9,8,16,0.9321,0.9321,0.9321,0.7222,64.28,2,0,0,0
01_SS3-84-Bb_comp,allinone+cnnlstm+tau0.6,9,8,16,0.9533,0.9533,0.9533,0.7222,64.28,1,0,0,0
01_SS3-84-Bb_comp,allinone+cnnlstm+tau0.7,9,8,16,0.9741,0.9741,0.9741,0.7222,64.28,0,0,0,0
01_SS3-84-Bb_comp,allinone+cnnlstm+demucs,9,8,16,0.9741,0.9741,0.9741,0.7222,76.32,0,0,0,0
01_SS3-84-Bb_comp,allinone+cnnlstm+demucs+tau0.3,11,10,16,0.7676,0.7676,0.7676,0.7222,76.44,5,0,0,0
01_SS3-84-Bb_comp,allinone+cnnlstm+demucs+tau0.4,11,10,16,0.7676,0.7676,0.7676,0.7222,76.44,5,0,0,0
01_SS3-84-Bb_comp,allinone+cnnlstm+demucs+tau0.5,9,8,16,0.9321,0.9321,0.9321,0.7222,76.44,2,0,0,0
01_SS3-84-Bb_comp,allinone+cnnlstm+demucs+tau0.6,9,8,16,0.9533,0.9533,0.9533,0.7222,76.44,1,0,0,0
01_SS3-84-Bb_comp,allinone+cnnlstm+demucs+tau0.7,9,8,16,0.9741,0.9741,0.9741,0.7222,76.44,0,0,0,0
01_SS3-84-Bb_comp,madmom+btc,8,7,16,0.9905,0.9905,0.9905,0.7222,2.35,0,0,0,0
01_SS3-84-Bb_comp,madmom+btc+tau0.3,10,9,16,0.7851,0.7851,0.7851,0.7222,2.48,5,0,0,0
01_SS3-84-Bb_comp,madmom+btc+tau0.4,10,9,16,0.7851,0.7851,0.7851,0.7222,2.48,5,0,0,0
01_SS3-84-Bb_comp,madmom+btc+tau0.5,8,7,16,0.9487,0.9487,0.9487,0.7222,2.48,2,0,0,0
01_SS3-84-Bb_comp,madmom+btc+tau0.6,8,7,16,0.9905,0.9905,0.9905,0.7222,2.48,0,0,0,0
01_SS3-84-Bb_comp,madmom+btc+tau0.7,8,7,16,0.9905,0.9905,0.9905,0.7222,2.48,0,0,0,0
01_SS3-84-Bb_comp,madmom+btc+demucs,8,7,16,0.9905,0.9905,0.9905,0.7222,14.54,0,0,0,0
01_SS3-84-Bb_comp,madmom+btc+demucs+tau0.3,10,9,16,0.7851,0.7851,0.7851,0.7222,14.66,5,0,0,0
01_SS3-84-Bb_comp,madmom+btc+demucs+tau0.4,10,9,16,0.7851,0.7851,0.7851,0.7222,14.66,5,0,0,0
01_SS3-84-Bb_comp,madmom+btc+demucs+tau0.5,8,7,16,0.9487,0.9487,0.9487,0.7222,14.66,2,0,0,0
01_SS3-84-Bb_comp,madmom+btc+demucs+tau0.6,8,7,16,0.9905,0.9905,0.9905,0.7222,14.66,0,0,0,0
01_SS3-84-Bb_comp,madmom+btc+demucs+tau0.7,8,7,16,0.9905,0.9905,0.9905,0.7222,14.66,0,0,0,0
01_SS3-84-Bb_comp,madmom+cnnlstm,9,8,16,0.9739,0.9739,0.9739,0.7222,2.88,0,0,0,0
01_SS3-84-Bb_comp,madmom+cnnlstm+tau0.3,11,10,16,0.7684,0.7684,0.7684,0.7222,3.0,5,0,0,0
01_SS3-84-Bb_comp,madmom+cnnlstm+tau0.4,11,10,16,0.7684,0.7684,0.7684,0.7222,3.0,5,0,0,0
01_SS3-84-Bb_comp,madmom+cnnlstm+tau0.5,9,8,16,0.9321,0.9321,0.9321,0.7222,3.0,2,0,0,0
01_SS3-84-Bb_comp,madmom+cnnlstm+tau0.6,9,8,16,0.9739,0.9739,0.9739,0.7222,3.0,0,0,0,0
01_SS3-84-Bb_comp,madmom+cnnlstm+tau0.7,9,8,16,0.9739,0.9739,0.9739,0.7222,3.0,0,0,0,0
01_SS3-84-Bb_comp,madmom+cnnlstm+demucs,9,8,16,0.9739,0.9739,0.9739,0.7222,15.04,0,0,0,0
01_SS3-84-Bb_comp,madmom+cnnlstm+demucs+tau0.3,11,10,16,0.7684,0.7684,0.7684,0.7222,15.16,5,0,0,0
01_SS3-84-Bb_comp,madmom+cnnlstm+demucs+tau0.4,11,10,16,0.7684,0.7684,0.7684,0.7222,15.16,5,0,0,0
01_SS3-84-Bb_comp,madmom+cnnlstm+demucs+tau0.5,9,8,16,0.9321,0.9321,0.9321,0.7222,15.16,2,0,0,0
01_SS3-84-Bb_comp,madmom+cnnlstm+demucs+tau0.6,9,8,16,0.9739,0.9739,0.9739,0.7222,15.16,0,0,0,0
01_SS3-84-Bb_comp,madmom+cnnlstm+demucs+tau0.7,9,8,16,0.9739,0.9739,0.9739,0.7222,15.16,0,0,0,0
01_SS3-98-C_comp,allinone+btc,7,6,16,0.9027,0.9027,0.7335,0.3871,56.37,0,0,2,0
01_SS3-98-C_comp,allinone+btc+tau0.3,11,11,16,0.4181,0.4181,0.3989,0.3871,56.48,9,1,2,1
01_SS3-98-C_comp,allinone+btc+tau0.4,11,10,16,0.4756,0.4756,0.4456,0.3871,56.48,7,1,2,1
01_SS3-98-C_comp,allinone+btc+tau0.5,10,9,16,0.5513,0.5513,0.5072,0.3871,56.48,6,1,2,1
01_SS3-98-C_comp,allinone+btc+tau0.6,11,10,16,0.6088,0.6088,0.4947,0.3871,56.48,4,0,2,0
01_SS3-98-C_comp,allinone+btc+tau0.7,8,7,16,0.8313,0.8313,0.6754,0.3871,56.48,1,0,2,0
01_SS3-98-C_comp,allinone+btc+demucs,7,6,16,0.9027,0.9027,0.7335,0.3871,67.06,0,0,2,0
01_SS3-98-C_comp,allinone+btc+demucs+tau0.3,11,11,16,0.4181,0.4181,0.3989,0.3871,67.16,9,1,2,1
01_SS3-98-C_comp,allinone+btc+demucs+tau0.4,11,10,16,0.4756,0.4756,0.4456,0.3871,67.16,7,1,2,1
01_SS3-98-C_comp,allinone+btc+demucs+tau0.5,10,9,16,0.5513,0.5513,0.5072,0.3871,67.16,6,1,2,1
01_SS3-98-C_comp,allinone+btc+demucs+tau0.6,11,10,16,0.6088,0.6088,0.4947,0.3871,67.16,4,0,2,0
01_SS3-98-C_comp,allinone+btc+demucs+tau0.7,8,7,16,0.8313,0.8313,0.6754,0.3871,67.16,1,0,2,0
01_SS3-98-C_comp,allinone+cnnlstm,5,4,16,0.9283,0.9283,0.7542,0.3871,56.82,0,0,2,0
01_SS3-98-C_comp,allinone+cnnlstm+tau0.3,10,10,16,0.4253,0.4253,0.4048,0.3871,56.93,9,1,2,1
01_SS3-98-C_comp,allinone+cnnlstm+tau0.4,10,9,16,0.4828,0.4828,0.4515,0.3871,56.93,7,1,2,1
01_SS3-98-C_comp,allinone+cnnlstm+tau0.5,9,8,16,0.5586,0.5586,0.5131,0.3871,56.93,6,1,2,1
01_SS3-98-C_comp,allinone+cnnlstm+tau0.6,10,9,16,0.5586,0.5586,0.4538,0.3871,56.93,5,0,2,0
01_SS3-98-C_comp,allinone+cnnlstm+tau0.7,7,6,16,0.781,0.781,0.6346,0.3871,56.93,2,0,2,0
01_SS3-98-C_comp,allinone+cnnlstm+demucs,5,4,16,0.9283,0.9283,0.7542,0.3871,67.48,0,0,2,0
01_SS3-98-C_comp,allinone+cnnlstm+demucs+tau0.3,10,10,16,0.4253,0.4253,0.4048,0.3871,67.59,9,1,2,1
01_SS3-98-C_comp,allinone+cnnlstm+demucs+tau0.4,10,9,16,0.4828,0.4828,0.4515,0.3871,67.59,7,1,2,1
01_SS3-98-C_comp,allinone+cnnlstm+demucs+tau0.5,9,8,16,0.5586,0.5586,0.5131,0.3871,67.59,6,1,2,1
01_SS3-98-C_comp,allinone+cnnlstm+demucs+tau0.6,10,9,16,0.5586,0.5586,0.4538,0.3871,67.59,5,0,2,0
01_SS3-98-C_comp,allinone+cnnlstm+demucs+tau0.7,7,6,16,0.781,0.781,0.6346,0.3871,67.59,2,0,2,0
01_SS3-98-C_comp,madmom+btc,4,3,16,0.969,0.969,0.7873,1.0,2.03,0,0,2,0
01_SS3-98-C_comp,madmom+btc+tau0.3,9,9,16,0.4567,0.4567,0.4327,1.0,2.14,9,1,2,1
01_SS3-98-C_comp,madmom+btc+tau0.4,8,7,16,0.5326,0.5326,0.4945,1.0,2.14,7,1,2,1
01_SS3-98-C_comp,madmom+btc+tau0.5,7,6,16,0.6084,0.6084,0.556,1.0,2.14,6,1,2,1
01_SS3-98-C_comp,madmom+btc+tau0.6,6,5,16,0.7413,0.7413,0.664,1.0,2.14,4,1,2,1
01_SS3-98-C_comp,madmom+btc+tau0.7,5,4,16,0.8932,0.8932,0.7257,1.0,2.14,1,0,2,0
01_SS3-98-C_comp,madmom+btc+demucs,4,3,16,0.969,0.969,0.7873,1.0,12.72,0,0,2,0
01_SS3-98-C_comp,madmom+btc+demucs+tau0.3,9,9,16,0.4567,0.4567,0.4327,1.0,12.83,9,1,2,1
01_SS3-98-C_comp,madmom+btc+demucs+tau0.4,8,7,16,0.5326,0.5326,0.4945,1.0,12.83,7,1,2,1
01_SS3-98-C_comp,madmom+btc+demucs+tau0.5,7,6,16,0.6084,0.6084,0.556,1.0,12.83,6,1,2,1
01_SS3-98-C_comp,madmom+btc+demucs+tau0.6,6,5,16,0.7413,0.7413,0.664,1.0,12.83,4,1,2,1
01_SS3-98-C_comp,madmom+btc+demucs+tau0.7,5,4,16,0.8932,0.8932,0.7257,1.0,12.83,1,0,2,0
01_SS3-98-C_comp,madmom+cnnlstm,3,2,16,0.9865,0.9865,0.8015,1.0,2.48,0,0,2,0
01_SS3-98-C_comp,madmom+cnnlstm+tau0.3,9,9,16,0.4555,0.4555,0.4318,1.0,2.59,9,1,2,1
01_SS3-98-C_comp,madmom+cnnlstm+tau0.4,8,7,16,0.5315,0.5315,0.4935,1.0,2.59,7,1,2,1
01_SS3-98-C_comp,madmom+cnnlstm+tau0.5,7,6,16,0.6072,0.6072,0.5551,1.0,2.59,6,1,2,1
01_SS3-98-C_comp,madmom+cnnlstm+tau0.6,6,5,16,0.683,0.683,0.6166,1.0,2.59,5,1,2,1
01_SS3-98-C_comp,madmom+cnnlstm+tau0.7,5,4,16,0.8348,0.8348,0.6783,1.0,2.59,2,0,2,0
01_SS3-98-C_comp,madmom+cnnlstm+demucs,3,2,16,0.9865,0.9865,0.8015,1.0,13.15,0,0,2,0
01_SS3-98-C_comp,madmom+cnnlstm+demucs+tau0.3,9,9,16,0.4555,0.4555,0.4318,1.0,13.25,9,1,2,1
01_SS3-98-C_comp,madmom+cnnlstm+demucs+tau0.4,8,7,16,0.5315,0.5315,0.4935,1.0,13.25,7,1,2,1
01_SS3-98-C_comp,madmom+cnnlstm+demucs+tau0.5,7,6,16,0.6072,0.6072,0.5551,1.0,13.25,6,1,2,1
01_SS3-98-C_comp,madmom+cnnlstm+demucs+tau0.6,6,5,16,0.683,0.683,0.6166,1.0,13.25,5,1,2,1
01_SS3-98-C_comp,madmom+cnnlstm+demucs+tau0.7,5,4,16,0.8348,0.8348,0.6783,1.0,13.25,2,0,2,0
02_Rock1-130-A_comp,allinone+btc,11,9,12,0.8533,0.7171,0.4182,0.0,35.93,0,0,0,0
02_Rock1-130-A_comp,allinone+btc+tau0.3,11,11,12,0.6018,0.448,0.2613,0.0,36.0,4,0,0,0
02_Rock1-130-A_comp,allinone+btc+tau0.4,11,10,12,0.6828,0.5754,0.3356,0.0,36.0,2,0,0,0
02_Rock1-130-A_comp,allinone+btc+tau0.5,11,9,12,0.773,0.7171,0.4182,0.0,36.0,1,0,0,0
02_Rock1-130-A_comp,allinone+btc+tau0.6,11,9,12,0.773,0.7171,0.4182,0.0,36.0,1,0,0,0
02_Rock1-130-A_comp,allinone+btc+tau0.7,11,9,12,0.773,0.7171,0.4182,0.0,36.0,1,0,0,0
02_Rock1-130-A_comp,allinone+btc+demucs,11,9,12,0.8533,0.7171,0.4182,0.0,42.48,0,0,0,0
02_Rock1-130-A_comp,allinone+btc+demucs+tau0.3,11,11,12,0.6018,0.448,0.2613,0.0,42.54,4,0,0,0
02_Rock1-130-A_comp,allinone+btc+demucs+tau0.4,11,10,12,0.6828,0.5754,0.3356,0.0,42.54,2,0,0,0
02_Rock1-130-A_comp,allinone+btc+demucs+tau0.5,11,9,12,0.773,0.7171,0.4182,0.0,42.54,1,0,0,0
02_Rock1-130-A_comp,allinone+btc+demucs+tau0.6,11,9,12,0.773,0.7171,0.4182,0.0,42.54,1,0,0,0
02_Rock1-130-A_comp,allinone+btc+demucs+tau0.7,11,9,12,0.773,0.7171,0.4182,0.0,42.54,1,0,0,0
02_Rock1-130-A_comp,allinone+cnnlstm,11,9,12,0.8522,0.7348,0.4286,0.0,36.19,0,0,0,0
02_Rock1-130-A_comp,allinone+cnnlstm+tau0.3,11,11,12,0.6131,0.4658,0.2716,0.0,36.26,3,0,0,0
02_Rock1-130-A_comp,allinone+cnnlstm+tau0.4,11,10,12,0.6941,0.5932,0.3459,0.0,36.26,2,0,0,0
02_Rock1-130-A_comp,allinone+cnnlstm+tau0.5,11,9,12,0.7843,0.7348,0.4286,0.0,36.26,1,0,0,0
02_Rock1-130-A_comp,allinone+cnnlstm+tau0.6,11,9,12,0.7843,0.7348,0.4286,0.0,36.26,1,0,0,0
02_Rock1-130-A_comp,allinone+cnnlstm+tau0.7,11,9,12,0.7843,0.7348,0.4286,0.0,36.26,1,0,0,0
02_Rock1-130-A_comp,allinone+cnnlstm+demucs,11,9,12,0.8522,0.7348,0.4286,0.0,42.71,0,0,0,0
02_Rock1-130-A_comp,allinone+cnnlstm+demucs+tau0.3,11,11,12,0.6131,0.4658,0.2716,0.0,42.78,3,0,0,0
02_Rock1-130-A_comp,allinone+cnnlstm+demucs+tau0.4,11,10,12,0.6941,0.5932,0.3459,0.0,42.78,2,0,0,0
02_Rock1-130-A_comp,allinone+cnnlstm+demucs+tau0.5,11,9,12,0.7843,0.7348,0.4286,0.0,42.78,1,0,0,0
02_Rock1-130-A_comp,allinone+cnnlstm+demucs+tau0.6,11,9,12,0.7843,0.7348,0.4286,0.0,42.78,1,0,0,0
02_Rock1-130-A_comp,allinone+cnnlstm+demucs+tau0.7,11,9,12,0.7843,0.7348,0.4286,0.0,42.78,1,0,0,0
02_Rock1-130-A_comp,madmom+btc,11,8,12,0.933,0.8036,0.4687,0.0,1.21,0,0,0,0
02_Rock1-130-A_comp,madmom+btc+tau0.3,11,10,12,0.681,0.5345,0.3117,0.0,1.27,4,0,0,0
02_Rock1-130-A_comp,madmom+btc+tau0.4,11,9,12,0.7615,0.6611,0.3856,0.0,1.27,2,0,0,0
02_Rock1-130-A_comp,madmom+btc+tau0.5,11,8,12,0.8521,0.8036,0.4687,0.0,1.27,1,0,0,0
02_Rock1-130-A_comp,madmom+btc+tau0.6,11,8,12,0.8521,0.8036,0.4687,0.0,1.27,1,0,0,0
02_Rock1-130-A_comp,madmom+btc+tau0.7,11,8,12,0.8521,0.8036,0.4687,0.0,1.27,1,0,0,0
02_Rock1-130-A_comp,madmom+btc+demucs,11,8,12,0.933,0.8036,0.4687,0.0,7.75,0,0,0,0
02_Rock1-130-A_comp,madmom+btc+demucs+tau0.3,11,10,12,0.681,0.5345,0.3117,0.0,7.82,4,0,0,0
02_Rock1-130-A_comp,madmom+btc+demucs+tau0.4,11,9,12,0.7615,0.6611,0.3856,0.0,7.82,2,0,0,0
02_Rock1-130-A_comp,madmom+btc+demucs+tau0.5,11,8,12,0.8521,0.8036,0.4687,0.0,7.82,1,0,0,0
02_Rock1-130-A_comp,madmom+btc+demucs+tau0.6,11,8,12,0.8521,0.8036,0.4687,0.0,7.82,1,0,0,0
02_Rock1-130-A_comp,madmom+btc+demucs+tau0.7,11,8,12,0.8521,0.8036,0.4687,0.0,7.82,1,0,0,0
02_Rock1-130-A_comp,madmom+cnnlstm,11,8,12,0.9309,0.8198,0.4781,0.0,1.47,0,0,0,0
02_Rock1-130-A_comp,madmom+cnnlstm+tau0.3,11,10,12,0.6913,0.5507,0.3212,0.0,1.54,3,0,0,0
02_Rock1-130-A_comp,madmom+cnnlstm+tau0.4,11,9,12,0.7718,0.6773,0.395,0.0,1.54,2,0,0,0
02_Rock1-130-A_comp,madmom+cnnlstm+tau0.5,11,8,12,0.8625,0.8198,0.4781,0.0,1.54,1,0,0,0
02_Rock1-130-A_comp,madmom+cnnlstm+tau0.6,11,8,12,0.8625,0.8198,0.4781,0.0,1.54,1,0,0,0
02_Rock1-130-A_comp,madmom+cnnlstm+tau0.7,11,8,12,0.8625,0.8198,0.4781,0.0,1.54,1,0,0,0
02_Rock1-130-A_comp,madmom+cnnlstm+demucs,11,8,12,0.9309,0.8198,0.4781,0.0,7.99,0,0,0,0
02_Rock1-130-A_comp,madmom+cnnlstm+demucs+tau0.3,11,10,12,0.6913,0.5507,0.3212,0.0,8.06,3,0,0,0
02_Rock1-130-A_comp,madmom+cnnlstm+demucs+tau0.4,11,9,12,0.7718,0.6773,0.395,0.0,8.06,2,0,0,0
02_Rock1-130-A_comp,madmom+cnnlstm+demucs+tau0.5,11,8,12,0.8625,0.8198,0.4781,0.0,8.06,1,0,0,0
02_Rock1-130-A_comp,madmom+cnnlstm+demucs+tau0.6,11,8,12,0.8625,0.8198,0.4781,0.0,8.06,1,0,0,0
02_Rock1-130-A_comp,madmom+cnnlstm+demucs+tau0.7,11,8,12,0.8625,0.8198,0.4781,0.0,8.06,1,0,0,0
02_Rock1-90-C#_comp,allinone+btc,3,3,12,0.9078,0.9078,0.8322,0.9565,47.95,0,0,0,0
02_Rock1-90-C#_comp,allinone+btc+tau0.3,11,11,12,0.1357,0.1357,0.1244,0.9565,48.05,11,0,0,0
02_Rock1-90-C#_comp,allinone+btc+tau0.4,4,4,12,0.7692,0.7692,0.7051,0.9565,48.05,4,0,0,0
02_Rock1-90-C#_comp,allinone+btc+tau0.5,4,4,12,0.7692,0.7692,0.7051,0.9565,48.05,4,0,0,0
02_Rock1-90-C#_comp,allinone+btc+tau0.6,4,4,12,0.7692,0.7692,0.7051,0.9565,48.05,4,0,0,0
02_Rock1-90-C#_comp,allinone+btc+tau0.7,4,4,12,0.7692,0.7692,0.7051,0.9565,48.05,4,0,0,0
02_Rock1-90-C#_comp,allinone+btc+demucs,4,4,12,0.8864,0.8864,0.8125,0.9565,57.15,0,0,0,0
02_Rock1-90-C#_comp,allinone+btc+demucs+tau0.3,11,11,12,0.2045,0.2045,0.1875,0.9565,57.24,11,0,0,0
02_Rock1-90-C#_comp,allinone+btc+demucs+tau0.4,5,5,12,0.7477,0.7477,0.6854,0.9565,57.24,5,0,0,0
02_Rock1-90-C#_comp,allinone+btc+demucs+tau0.5,5,5,12,0.7477,0.7477,0.6854,0.9565,57.24,5,0,0,0
02_Rock1-90-C#_comp,allinone+btc+demucs+tau0.6,5,5,12,0.7477,0.7477,0.6854,0.9565,57.24,5,0,0,0
02_Rock1-90-C#_comp,allinone+btc+demucs+tau0.7,5,5,12,0.7477,0.7477,0.6854,0.9565,57.24,5,0,0,0
02_Rock1-90-C#_comp,allinone+cnnlstm,3,3,12,0.9303,0.9303,0.8528,0.9565,48.32,0,0,0,0
02_Rock1-90-C#_comp,allinone+cnnlstm+tau0.3,11,11,12,0.1367,0.1367,0.1253,0.9565,48.41,10,0,0,0
02_Rock1-90-C#_comp,allinone+cnnlstm+tau0.4,4,4,12,0.7702,0.7702,0.706,0.9565,48.41,3,0,0,0
02_Rock1-90-C#_comp,allinone+cnnlstm+tau0.5,4,4,12,0.7702,0.7702,0.706,0.9565,48.41,3,0,0,0
02_Rock1-90-C#_comp,allinone+cnnlstm+tau0.6,4,4,12,0.7702,0.7702,0.706,0.9565,48.41,3,0,0,0
02_Rock1-90-C#_comp,allinone+cnnlstm+tau0.7,4,4,12,0.7702,0.7702,0.706,0.9565,48.41,3,0,0,0
02_Rock1-90-C#_comp,allinone+cnnlstm+demucs,3,3,12,0.9303,0.9303,0.8528,0.9565,57.49,0,0,0,0
02_Rock1-90-C#_comp,allinone+cnnlstm+demucs+tau0.3,11,11,12,0.1367,0.1367,0.1253,0.9565,57.58,10,0,0,0
02_Rock1-90-C#_comp,allinone+cnnlstm+demucs+tau0.4,4,4,12,0.7702,0.7702,0.706,0.9565,57.58,3,0,0,0
02_Rock1-90-C#_comp,allinone+cnnlstm+demucs+tau0.5,4,4,12,0.7702,0.7702,0.706,0.9565,57.58,3,0,0,0
02_Rock1-90-C#_comp,allinone+cnnlstm+demucs+tau0.6,4,4,12,0.7702,0.7702,0.706,0.9565,57.58,3,0,0,0
02_Rock1-90-C#_comp,allinone+cnnlstm+demucs+tau0.7,4,4,12,0.7702,0.7702,0.706,0.9565,57.58,3,0,0,0
02_Rock1-90-C#_comp,madmom+btc,12,12,12,0.9327,0.9327,0.855,0.0,1.7,0,0,0,0
02_Rock1-90-C#_comp,madmom+btc+tau0.3,12,12,12,0.2275,0.2275,0.2085,0.0,1.79,10,0,0,0
02_Rock1-90-C#_comp,madmom+btc+tau0.4,12,12,12,0.637,0.637,0.584,0.0,1.79,5,0,0,0
02_Rock1-90-C#_comp,madmom+btc+tau0.5,12,12,12,0.7274,0.7274,0.6668,0.0,1.79,4,0,0,0
02_Rock1-90-C#_comp,madmom+btc+tau0.6,12,12,12,0.7949,0.7949,0.7286,0.0,1.79,3,0,0,0
02_Rock1-90-C#_comp,madmom+btc+tau0.7,12,12,12,0.7949,0.7949,0.7286,0.0,1.79,3,0,0,0
02_Rock1-90-C#_comp,madmom+btc+demucs,12,12,12,0.9116,0.9116,0.8356,0.0,10.9,0,0,0,0
02_Rock1-90-C#_comp,madmom+btc+demucs+tau0.3,12,12,12,0.2739,0.2739,0.251,0.0,10.98,10,0,0,0
02_Rock1-90-C#_comp,madmom+btc+demucs+tau0.4,12,12,12,0.6834,0.6834,0.6265,0.0,10.98,5,0,0,0
02_Rock1-90-C#_comp,madmom+btc+demucs+tau0.5,12,12,12,0.7737,0.7737,0.7093,0.0,10.98,4,0,0,0
02_Rock1-90-C#_comp,madmom+btc+demucs+tau0.6,12,12,12,0.7737,0.7737,0.7093,0.0,10.98,4,0,0,0
02_Rock1-90-C#_comp,madmom+btc+demucs+tau0.7,12,12,12,0.797,0.797,0.7306,0.0,10.98,3,0,0,0
02_Rock1-90-C#_comp,madmom+cnnlstm,12,12,12,0.9556,0.9556,0.8759,0.0,2.06,0,0,0,0
02_Rock1-90-C#_comp,madmom+cnnlstm+tau0.3,12,12,12,0.2043,0.2043,0.1873,0.0,2.16,11,0,0,0
02_Rock1-90-C#_comp,madmom+cnnlstm+tau0.4,12,12,12,0.6139,0.6139,0.5627,0.0,2.16,6,0,0,0
02_Rock1-90-C#_comp,madmom+cnnlstm+tau0.5,12,12,12,0.7042,0.7042,0.6455,0.0,2.16,5,0,0,0
02_Rock1-90-C#_comp,madmom+cnnlstm+tau0.6,12,12,12,0.7952,0.7952,0.729,0.0,2.16,3,0,0,0
02_Rock1-90-C#_comp,madmom+cnnlstm+tau0.7,12,12,12,0.8185,0.8185,0.7503,0.0,2.16,2,0,0,0
02_Rock1-90-C#_comp,madmom+cnnlstm+demucs,12,12,12,0.9556,0.9556,0.8759,0.0,11.24,0,0,0,0
02_Rock1-90-C#_comp,madmom+cnnlstm+demucs+tau0.3,12,12,12,0.2043,0.2043,0.1873,0.0,11.32,11,0,0,0
02_Rock1-90-C#_comp,madmom+cnnlstm+demucs+tau0.4,12,12,12,0.6139,0.6139,0.5627,0.0,11.32,6,0,0,0
02_Rock1-90-C#_comp,madmom+cnnlstm+demucs+tau0.5,12,12,12,0.7042,0.7042,0.6455,0.0,11.32,5,0,0,0
02_Rock1-90-C#_comp,madmom+cnnlstm+demucs+tau0.6,12,12,12,0.7952,0.7952,0.729,0.0,11.32,3,0,0,0
02_Rock1-90-C#_comp,madmom+cnnlstm+demucs+tau0.7,12,12,12,0.8185,0.8185,0.7503,0.0,11.32,2,0,0,0
02_Rock2-142-D_comp,allinone+btc,14,10,16,0.6098,0.5896,0.5159,0.0,41.94,0,0,0,0
02_Rock2-142-D_comp,allinone+btc+tau0.3,14,12,16,0.5503,0.5258,0.4601,0.0,42.02,2,0,0,0
02_Rock2-142-D_comp,allinone+btc+tau0.4,14,10,16,0.6098,0.5896,0.5159,0.0,42.02,0,0,0,0
02_Rock2-142-D_comp,allinone+btc+tau0.5,14,10,16,0.6098,0.5896,0.5159,0.0,42.02,0,0,0,0
02_Rock2-142-D_comp,allinone+btc+tau0.6,14,10,16,0.6098,0.5896,0.5159,0.0,42.02,0,0,0,0
02_Rock2-142-D_comp,allinone+btc+tau0.7,14,10,16,0.6098,0.5896,0.5159,0.0,42.02,0,0,0,0
02_Rock2-142-D_comp,allinone+btc+demucs,14,10,16,0.6098,0.5896,0.5159,0.0,49.73,0,0,0,0
02_Rock2-142-D_comp,allinone+btc+demucs+tau0.3,14,12,16,0.5503,0.5258,0.4601,0.0,49.8,2,0,0,0
02_Rock2-142-D_comp,allinone+btc+demucs+tau0.4,14,10,16,0.6098,0.5896,0.5159,0.0,49.8,0,0,0,0
02_Rock2-142-D_comp,allinone+btc+demucs+tau0.5,14,10,16,0.6098,0.5896,0.5159,0.0,49.8,0,0,0,0
02_Rock2-142-D_comp,allinone+btc+demucs+tau0.6,14,10,16,0.6098,0.5896,0.5159,0.0,49.8,0,0,0,0
02_Rock2-142-D_comp,allinone+btc+demucs+tau0.7,14,10,16,0.6098,0.5896,0.5159,0.0,49.8,0,0,0,0
02_Rock2-142-D_comp,allinone+cnnlstm,14,11,16,0.6321,0.6135,0.5368,0.0,42.25,0,0,0,0
02_Rock2-142-D_comp,allinone+cnnlstm+tau0.3,14,12,16,0.5311,0.5053,0.4421,0.0,42.33,2,0,0,0
02_Rock2-142-D_comp,allinone+cnnlstm+tau0.4,14,11,16,0.5906,0.5691,0.4979,0.0,42.33,1,0,0,0
02_Rock2-142-D_comp,allinone+cnnlstm+tau0.5,14,11,16,0.5906,0.5691,0.4979,0.0,42.33,1,0,0,0
02_Rock2-142-D_comp,allinone+cnnlstm+tau0.6,14,11,16,0.5906,0.5691,0.4979,0.0,42.33,1,0,0,0
02_Rock2-142-D_comp,allinone+cnnlstm+tau0.7,14,11,16,0.5906,0.5691,0.4979,0.0,42.33,1,0,0,0
02_Rock2-142-D_comp,allinone+cnnlstm+demucs,14,11,16,0.6321,0.6135,0.5368,0.0,50.02,0,0,0,0
02_Rock2-142-D_comp,allinone+cnnlstm+demucs+tau0.3,14,12,16,0.5311,0.5053,0.4421,0.0,50.1,2,0,0,0
02_Rock2-142-D_comp,allinone+cnnlstm+demucs+tau0.4,14,11,16,0.5906,0.5691,0.4979,0.0,50.1,1,0,0,0
02_Rock2-142-D_comp,allinone+cnnlstm+demucs+tau0.5,14,11,16,0.5906,0.5691,0.4979,0.0,50.1,1,0,0,0
02_Rock2-142-D_comp,allinone+cnnlstm+demucs+tau0.6,14,11,16,0.5906,0.5691,0.4979,0.0,50.1,1,0,0,0
02_Rock2-142-D_comp,allinone+cnnlstm+demucs+tau0.7,14,11,16,0.5906,0.5691,0.4979,0.0,50.1,1,0,0,0
02_Rock2-142-D_comp,madmom+btc,16,16,16,0.8283,0.7608,0.6657,0.0,1.45,0,0,0,0
02_Rock2-142-D_comp,madmom+btc+tau0.3,16,16,16,0.4666,0.437,0.3824,0.0,1.53,11,0,0,0
02_Rock2-142-D_comp,madmom+btc+tau0.4,16,16,16,0.5002,0.4729,0.4138,0.0,1.53,10,0,0,0
02_Rock2-142-D_comp,madmom+btc+tau0.5,16,16,16,0.6516,0.5992,0.5243,0.0,1.53,5,0,0,0
02_Rock2-142-D_comp,madmom+btc+tau0.6,16,16,16,0.6942,0.6449,0.5643,0.0,1.53,4,0,0,0
02_Rock2-142-D_comp,madmom+btc+tau0.7,16,16,16,0.776,0.7325,0.6409,0.0,1.53,2,0,0,0
02_Rock2-142-D_comp,madmom+btc+demucs,16,16,16,0.8283,0.7608,0.6657,0.0,9.24,0,0,0,0
02_Rock2-142-D_comp,madmom+btc+demucs+tau0.3,16,16,16,0.4666,0.437,0.3824,0.0,9.32,11,0,0,0
02_Rock2-142-D_comp,madmom+btc+demucs+tau0.4,16,16,16,0.5337,0.5089,0.4452,0.0,9.32,9,0,0,0
02_Rock2-142-D_comp,madmom+btc+demucs+tau0.5,16,16,16,0.6516,0.5992,0.5243,0.0,9.32,5,0,0,0
02_Rock2-142-D_comp,madmom+btc+demucs+tau0.6,16,16,16,0.6942,0.6449,0.5643,0.0,9.32,4,0,0,0
02_Rock2-142-D_comp,madmom+btc+demucs+tau0.7,16,16,16,0.776,0.7325,0.6409,0.0,9.32,2,0,0,0
02_Rock2-142-D_comp,madmom+cnnlstm,16,16,16,0.8736,0.8008,0.7007,0.0,1.76,0,0,0,0
02_Rock2-142-D_comp,madmom+cnnlstm+tau0.3,16,16,16,0.5274,0.4936,0.4319,0.0,1.85,11,0,0,0
02_Rock2-142-D_comp,madmom+cnnlstm+tau0.4,16,16,16,0.5609,0.5296,0.4634,0.0,1.85,10,0,0,0
02_Rock2-142-D_comp,madmom+cnnlstm+tau0.5,16,16,16,0.6799,0.6212,0.5435,0.0,1.85,6,0,0,0
02_Rock2-142-D_comp,madmom+cnnlstm+tau0.6,16,16,16,0.7387,0.6841,0.5986,0.0,1.85,4,0,0,0
02_Rock2-142-D_comp,madmom+cnnlstm+tau0.7,16,16,16,0.7802,0.7286,0.6375,0.0,1.85,3,0,0,0
02_Rock2-142-D_comp,madmom+cnnlstm+demucs,16,16,16,0.8736,0.8008,0.7007,0.0,9.54,0,0,0,0
02_Rock2-142-D_comp,madmom+cnnlstm+demucs+tau0.3,16,16,16,0.5274,0.4936,0.4319,0.0,9.61,11,0,0,0
02_Rock2-142-D_comp,madmom+cnnlstm+demucs+tau0.4,16,16,16,0.5609,0.5296,0.4634,0.0,9.61,10,0,0,0
02_Rock2-142-D_comp,madmom+cnnlstm+demucs+tau0.5,16,16,16,0.6799,0.6212,0.5435,0.0,9.61,6,0,0,0
02_Rock2-142-D_comp,madmom+cnnlstm+demucs+tau0.6,16,16,16,0.7387,0.6841,0.5986,0.0,9.61,4,0,0,0
02_Rock2-142-D_comp,madmom+cnnlstm+demucs+tau0.7,16,16,16,0.7802,0.7286,0.6375,0.0,9.61,3,0,0,0
02_Rock2-85-F_comp,allinone+btc,16,16,16,0.5468,0.5468,0.2734,0.0,63.1,0,0,1,0
02_Rock2-85-F_comp,allinone+btc+tau0.3,16,16,16,0.5468,0.5468,0.2734,0.0,63.23,10,0,1,0
02_Rock2-85-F_comp,allinone+btc+tau0.4,16,16,16,0.5468,0.5468,0.2734,0.0,63.23,7,0,1,0
02_Rock2-85-F_comp,allinone+btc+tau0.5,16,16,16,0.5468,0.5468,0.2734,0.0,63.23,4,0,1,0
02_Rock2-85-F_comp,allinone+btc+tau0.6,16,16,16,0.5468,0.5468,0.2734,0.0,63.23,1,0,1,0
02_Rock2-85-F_comp,allinone+btc+tau0.7,16,16,16,0.5468,0.5468,0.2734,0.0,63.23,1,0,1,0
02_Rock2-85-F_comp,allinone+btc+demucs,16,16,16,0.5924,0.5924,0.2962,0.0,75.33,0,0,1,0
02_Rock2-85-F_comp,allinone+btc+demucs+tau0.3,16,16,16,0.5924,0.5924,0.2962,0.0,75.45,10,0,1,0
02_Rock2-85-F_comp,allinone+btc+demucs+tau0.4,16,16,16,0.5924,0.5924,0.2962,0.0,75.45,7,0,1,0
02_Rock2-85-F_comp,allinone+btc+demucs+tau0.5,16,16,16,0.5924,0.5924,0.2962,0.0,75.45,4,0,1,0
02_Rock2-85-F_comp,allinone+btc+demucs+tau0.6,16,16,16,0.5924,0.5924,0.2962,0.0,75.45,1,0,1,0
02_Rock2-85-F_comp,allinone+btc+demucs+tau0.7,16,16,16,0.5924,0.5924,0.2962,0.0,75.45,1,0,1,0
02_Rock2-85-F_comp,allinone+cnnlstm,16,16,16,0.6522,0.6522,0.3261,0.0,63.64,0,0,1,0
02_Rock2-85-F_comp,allinone+cnnlstm+tau0.3,16,16,16,0.5902,0.5902,0.3416,0.0,63.76,15,0,1,0
02_Rock2-85-F_comp,allinone+cnnlstm+tau0.4,16,16,16,0.6217,0.6217,0.3573,0.0,63.76,9,0,1,0
02_Rock2-85-F_comp,allinone+cnnlstm+tau0.5,16,16,16,0.6217,0.6217,0.3416,0.0,63.76,7,0,1,0
02_Rock2-85-F_comp,allinone+cnnlstm+tau0.6,16,16,16,0.6217,0.6217,0.3108,0.0,63.76,4,0,1,0
02_Rock2-85-F_comp,allinone+cnnlstm+tau0.7,16,16,16,0.6217,0.6217,0.3108,0.0,63.76,3,0,1,0
02_Rock2-85-F_comp,allinone+cnnlstm+demucs,16,16,16,0.6522,0.6522,0.3261,0.0,75.83,0,0,1,0
02_Rock2-85-F_comp,allinone+cnnlstm+demucs+tau0.3,16,16,16,0.5902,0.5902,0.3416,0.0,75.94,15,0,1,0
02_Rock2-85-F_comp,allinone+cnnlstm+demucs+tau0.4,16,16,16,0.6217,0.6217,0.3573,0.0,75.94,9,0,1,0
02_Rock2-85-F_comp,allinone+cnnlstm+demucs+tau0.5,16,16,16,0.6217,0.6217,0.3416,0.0,75.94,6,0,1,0
02_Rock2-85-F_comp,allinone+cnnlstm+demucs+tau0.6,16,16,16,0.6217,0.6217,0.3108,0.0,75.94,4,0,1,0
02_Rock2-85-F_comp,allinone+cnnlstm+demucs+tau0.7,16,16,16,0.6217,0.6217,0.3108,0.0,75.94,3,0,1,0
02_Rock2-85-F_comp,madmom+btc,16,16,16,0.6507,0.6507,0.3253,0.0,2.3,0,0,1,0
02_Rock2-85-F_comp,madmom+btc+tau0.3,16,16,16,0.6507,0.6507,0.3253,0.0,2.42,4,0,1,0
02_Rock2-85-F_comp,madmom+btc+tau0.4,16,16,16,0.6507,0.6507,0.3253,0.0,2.42,1,0,1,0
02_Rock2-85-F_comp,madmom+btc+tau0.5,16,16,16,0.6507,0.6507,0.3253,0.0,2.42,1,0,1,0
02_Rock2-85-F_comp,madmom+btc+tau0.6,16,16,16,0.6507,0.6507,0.3253,0.0,2.42,1,0,1,0
02_Rock2-85-F_comp,madmom+btc+tau0.7,16,16,16,0.6507,0.6507,0.3253,0.0,2.42,0,0,1,0
02_Rock2-85-F_comp,madmom+btc+demucs,16,16,16,0.6502,0.6502,0.3251,0.0,14.53,0,0,1,0
02_Rock2-85-F_comp,madmom+btc+demucs+tau0.3,16,16,16,0.5586,0.5586,0.2793,0.0,14.64,5,0,1,0
02_Rock2-85-F_comp,madmom+btc+demucs+tau0.4,16,16,16,0.5586,0.5586,0.2793,0.0,14.64,2,0,1,0
02_Rock2-85-F_comp,madmom+btc+demucs+tau0.5,16,16,16,0.6502,0.6502,0.3251,0.0,14.64,1,0,1,0
02_Rock2-85-F_comp,madmom+btc+demucs+tau0.6,16,16,16,0.6502,0.6502,0.3251,0.0,14.64,1,0,1,0
02_Rock2-85-F_comp,madmom+btc+demucs+tau0.7,16,16,16,0.6502,0.6502,0.3251,0.0,14.64,0,0,1,0
02_Rock2-85-F_comp,madmom+cnnlstm,16,16,16,0.6818,0.6818,0.3409,0.0,2.83,0,0,1,0
02_Rock2-85-F_comp,madmom+cnnlstm+tau0.3,16,16,16,0.5902,0.5902,0.3417,0.0,2.96,6,0,1,0
02_Rock2-85-F_comp,madmom+cnnlstm+tau0.4,16,16,16,0.5902,0.5902,0.3417,0.0,2.96,3,0,1,0
02_Rock2-85-F_comp,madmom+cnnlstm+tau0.5,16,16,16,0.6818,0.6818,0.3409,0.0,2.96,2,0,1,0
02_Rock2-85-F_comp,madmom+cnnlstm+tau0.6,16,16,16,0.6818,0.6818,0.3409,0.0,2.96,2,0,1,0
02_Rock2-85-F_comp,madmom+cnnlstm+tau0.7,16,16,16,0.6818,0.6818,0.3409,0.0,2.96,0,0,1,0
02_Rock2-85-F_comp,madmom+cnnlstm+demucs,16,16,16,0.6818,0.6818,0.3409,0.0,15.02,0,0,1,0
02_Rock2-85-F_comp,madmom+cnnlstm+demucs+tau0.3,16,16,16,0.5902,0.5902,0.3417,0.0,15.14,6,0,1,0
02_Rock2-85-F_comp,madmom+cnnlstm+demucs+tau0.4,16,16,16,0.5902,0.5902,0.3417,0.0,15.14,3,0,1,0
02_Rock2-85-F_comp,madmom+cnnlstm+demucs+tau0.5,16,16,16,0.6818,0.6818,0.3409,0.0,15.14,2,0,1,0
02_Rock2-85-F_comp,madmom+cnnlstm+demucs+tau0.6,16,16,16,0.6818,0.6818,0.3409,0.0,15.14,2,0,1,0
02_Rock2-85-F_comp,madmom+cnnlstm+demucs+tau0.7,16,16,16,0.6818,0.6818,0.3409,0.0,15.14,0,0,1,0
02_Rock3-117-Bb_comp,allinone+btc,3,2,16,0.9123,0.9123,0.8552,0.9677,48.88,0,0,0,0
02_Rock3-117-Bb_comp,allinone+btc+tau0.3,16,16,16,0.0008,0.0008,0.0007,0.9677,48.97,15,0,0,0
02_Rock3-117-Bb_comp,allinone+btc+tau0.4,14,13,16,0.1326,0.1326,0.1243,0.9677,48.97,12,0,0,0
02_Rock3-117-Bb_comp,allinone+btc+tau0.5,14,13,16,0.1326,0.1326,0.1243,0.9677,48.97,12,0,0,0
02_Rock3-117-Bb_comp,allinone+btc+tau0.6,11,10,16,0.3307,0.3307,0.31,0.9677,48.97,9,0,0,0
02_Rock3-117-Bb_comp,allinone+btc+tau0.7,7,6,16,0.5953,0.5953,0.5581,0.9677,48.97,5,0,0,0
02_Rock3-117-Bb_comp,allinone+btc+demucs,4,3,16,0.8632,0.8632,0.8092,0.9677,58.35,0,0,0,0
02_Rock3-117-Bb_comp,allinone+btc+demucs+tau0.3,15,15,16,0.0836,0.0836,0.0784,0.9677,58.44,13,0,0,0
02_Rock3-117-Bb_comp,allinone+btc+demucs+tau0.4,14,13,16,0.1495,0.1495,0.1402,0.9677,58.44,11,0,0,0
02_Rock3-117-Bb_comp,allinone+btc+demucs+tau0.5,13,12,16,0.2156,0.2156,0.2021,0.9677,58.44,10,0,0,0
02_Rock3-117-Bb_comp,allinone+btc+demucs+tau0.6,11,10,16,0.3474,0.3474,0.3257,0.9677,58.44,8,0,0,0
02_Rock3-117-Bb_comp,allinone+btc+demucs+tau0.7,9,8,16,0.4796,0.4796,0.4496,0.9677,58.44,6,0,0,0
02_Rock3-117-Bb_comp,allinone+cnnlstm,3,2,16,0.8613,0.8613,0.8075,0.9677,49.24,0,0,0,0
02_Rock3-117-Bb_comp,allinone+cnnlstm+tau0.3,16,16,16,0.0,0.0,0.0,0.9677,49.34,14,0,0,0
02_Rock3-117-Bb_comp,allinone+cnnlstm+tau0.4,14,13,16,0.1318,0.1318,0.1236,0.9677,49.34,11,0,0,0
02_Rock3-117-Bb_comp,allinone+cnnlstm+tau0.5,14,13,16,0.1318,0.1318,0.1236,0.9677,49.34,11,0,0,0
02_Rock3-117-Bb_comp,allinone+cnnlstm+tau0.6,12,11,16,0.2639,0.2639,0.2474,0.9677,49.34,9,0,0,0
02_Rock3-117-Bb_comp,allinone+cnnlstm+tau0.7,8,7,16,0.5286,0.5286,0.4955,0.9677,49.34,5,0,0,0
02_Rock3-117-Bb_comp,allinone+cnnlstm+demucs,3,2,16,0.8613,0.8613,0.8075,0.9677,58.7,0,0,0,0
02_Rock3-117-Bb_comp,allinone+cnnlstm+demucs+tau0.3,15,15,16,0.0659,0.0659,0.0618,0.9677,58.79,13,0,0,0
02_Rock3-117-Bb_comp,allinone+cnnlstm+demucs+tau0.4,14,13,16,0.1318,0.1318,0.1236,0.9677,58.79,11,0,0,0
02_Rock3-117-Bb_comp,allinone+cnnlstm+demucs+tau0.5,13,12,16,0.1979,0.1979,0.1856,0.9677,58.79,10,0,0,0
02_Rock3-117-Bb_comp,allinone+cnnlstm+demucs+tau0.6,11,10,16,0.3297,0.3297,0.3091,0.9677,58.79,8,0,0,0
02_Rock3-117-Bb_comp,allinone+cnnlstm+demucs+tau0.7,9,8,16,0.4619,0.4619,0.433,0.9677,58.79,6,0,0,0
02_Rock3-117-Bb_comp,madmom+btc,2,1,16,0.9772,0.9772,0.9162,1.0,1.73,0,0,0,0
02_Rock3-117-Bb_comp,madmom+btc+tau0.3,16,16,16,0.0008,0.0008,0.0007,1.0,1.83,16,0,0,0
02_Rock3-117-Bb_comp,madmom+btc+tau0.4,13,12,16,0.198,0.198,0.1856,1.0,1.83,12,0,0,0
02_Rock3-117-Bb_comp,madmom+btc+tau0.5,13,12,16,0.198,0.198,0.1856,1.0,1.83,12,0,0,0
02_Rock3-117-Bb_comp,madmom+btc+tau0.6,10,9,16,0.3959,0.3959,0.3711,1.0,1.83,9,0,0,0
02_Rock3-117-Bb_comp,madmom+btc+tau0.7,6,5,16,0.6605,0.6605,0.6192,1.0,1.83,5,0,0,0
02_Rock3-117-Bb_comp,madmom+btc+demucs,3,2,16,0.9283,0.9283,0.8703,1.0,11.2,0,0,0,0
02_Rock3-117-Bb_comp,madmom+btc+demucs+tau0.3,15,15,16,0.0839,0.0839,0.0787,1.0,11.29,14,0,0,0
02_Rock3-117-Bb_comp,madmom+btc+demucs+tau0.4,13,12,16,0.2152,0.2152,0.2017,1.0,11.29,11,0,0,0
02_Rock3-117-Bb_comp,madmom+btc+demucs+tau0.5,12,11,16,0.2816,0.2816,0.264,1.0,11.29,10,0,0,0
02_Rock3-117-Bb_comp,madmom+btc+demucs+tau0.6,10,9,16,0.4128,0.4128,0.387,1.0,11.29,8,0,0,0
02_Rock3-117-Bb_comp,madmom+btc+demucs+tau0.7,8,7,16,0.5449,0.5449,0.5108,1.0,11.29,6,0,0,0
02_Rock3-117-Bb_comp,madmom+cnnlstm,2,1,16,0.9261,0.9261,0.8682,1.0,2.1,0,0,0,0
02_Rock3-117-Bb_comp,madmom+cnnlstm+tau0.3,16,16,16,0.0,0.0,0.0,1.0,2.19,15,0,0,0
02_Rock3-117-Bb_comp,madmom+cnnlstm+tau0.4,13,12,16,0.1972,0.1972,0.1849,1.0,2.19,11,0,0,0
02_Rock3-117-Bb_comp,madmom+cnnlstm+tau0.5,13,12,16,0.1972,0.1972,0.1849,1.0,2.19,11,0,0,0
02_Rock3-117-Bb_comp,madmom+cnnlstm+tau0.6,11,10,16,0.329,0.329,0.3084,1.0,2.19,9,0,0,0
02_Rock3-117-Bb_comp,madmom+cnnlstm+tau0.7,7,6,16,0.5935,0.5935,0.5564,1.0,2.19,5,0,0,0
02_Rock3-117-Bb_comp,madmom+cnnlstm+demucs,2,1,16,0.9261,0.9261,0.8682,1.0,11.55,0,0,0,0
02_Rock3-117-Bb_comp,madmom+cnnlstm+demucs+tau0.3,15,15,16,0.0659,0.0659,0.0618,1.0,11.64,14,0,0,0
02_Rock3-117-Bb_comp,madmom+cnnlstm+demucs+tau0.4,13,12,16,0.1972,0.1972,0.1849,1.0,11.64,11,0,0,0
02_Rock3-117-Bb_comp,madmom+cnnlstm+demucs+tau0.5,12,11,16,0.2636,0.2636,0.2472,1.0,11.64,10,0,0,0
02_Rock3-117-Bb_comp,madmom+cnnlstm+demucs+tau0.6,10,9,16,0.3948,0.3948,0.3701,1.0,11.64,8,0,0,0
02_Rock3-117-Bb_comp,madmom+cnnlstm+demucs+tau0.7,8,7,16,0.5269,0.5269,0.494,1.0,11.64,6,0,0,0
02_Rock3-148-C_comp,allinone+btc,16,16,16,0.7594,0.689,0.6029,0.0,40.95,0,0,2,0
02_Rock3-148-C_comp,allinone+btc+tau0.3,16,16,16,0.1248,0.1248,0.2033,0.0,41.03,22,0,2,0
02_Rock3-148-C_comp,allinone+btc+tau0.4,16,16,16,0.1974,0.1974,0.2352,0.0,41.03,18,0,2,0
02_Rock3-148-C_comp,allinone+btc+tau0.5,16,16,16,0.233,0.233,0.2039,0.0,41.03,15,0,2,0
02_Rock3-148-C_comp,allinone+btc+tau0.6,16,16,16,0.3388,0.3388,0.2964,0.0,41.03,12,0,2,0
02_Rock3-148-C_comp,allinone+btc+tau0.7,16,16,16,0.5144,0.4791,0.4192,0.0,41.03,7,0,2,0
02_Rock3-148-C_comp,allinone+btc+demucs,16,16,16,0.7594,0.689,0.6029,0.0,48.76,0,0,2,0
02_Rock3-148-C_comp,allinone+btc+demucs+tau0.3,16,16,16,0.1248,0.1248,0.2033,0.0,48.83,22,0,2,0
02_Rock3-148-C_comp,allinone+btc+demucs+tau0.4,16,16,16,0.1974,0.1974,0.2352,0.0,48.83,18,0,2,0
02_Rock3-148-C_comp,allinone+btc+demucs+tau0.5,16,16,16,0.233,0.233,0.2039,0.0,48.83,15,0,2,0
02_Rock3-148-C_comp,allinone+btc+demucs+tau0.6,16,16,16,0.2678,0.2678,0.2344,0.0,48.83,14,0,2,0
02_Rock3-148-C_comp,allinone+btc+demucs+tau0.7,16,16,16,0.5144,0.4791,0.4192,0.0,48.83,7,0,2,0
02_Rock3-148-C_comp,allinone+cnnlstm,16,16,16,0.7594,0.689,0.6029,0.0,41.26,0,0,2,0
02_Rock3-148-C_comp,allinone+cnnlstm+tau0.3,16,16,16,0.1248,0.1248,0.2033,0.0,41.34,22,0,2,0
02_Rock3-148-C_comp,allinone+cnnlstm+tau0.4,16,16,16,0.1974,0.1974,0.2352,0.0,41.34,18,0,2,0
02_Rock3-148-C_comp,allinone+cnnlstm+tau0.5,16,16,16,0.233,0.233,0.2039,0.0,41.34,15,0,2,0
02_Rock3-148-C_comp,allinone+cnnlstm+tau0.6,16,16,16,0.3388,0.3388,0.2964,0.0,41.34,12,0,2,0
02_Rock3-148-C_comp,allinone+cnnlstm+tau0.7,16,16,16,0.5144,0.4791,0.4192,0.0,41.34,7,0,2,0
02_Rock3-148-C_comp,allinone+cnnlstm+demucs,16,16,16,0.7594,0.689,0.6029,0.0,49.05,0,0,2,0
02_Rock3-148-C_comp,allinone+cnnlstm+demucs+tau0.3,16,16,16,0.1248,0.1248,0.2033,0.0,49.13,22,0,2,0
02_Rock3-148-C_comp,allinone+cnnlstm+demucs+tau0.4,16,16,16,0.1974,0.1974,0.2352,0.0,49.13,18,0,2,0
02_Rock3-148-C_comp,allinone+cnnlstm+demucs+tau0.5,16,16,16,0.233,0.233,0.2039,0.0,49.13,15,0,2,0
02_Rock3-148-C_comp,allinone+cnnlstm+demucs+tau0.6,16,16,16,0.2678,0.2678,0.2344,0.0,49.13,14,0,2,0
02_Rock3-148-C_comp,allinone+cnnlstm+demucs+tau0.7,16,16,16,0.5144,0.4791,0.4192,0.0,49.13,7,0,2,0
02_Rock3-148-C_comp,madmom+btc,6,4,16,0.9728,0.902,0.7892,1.0,1.39,0,0,2,0
02_Rock3-148-C_comp,madmom+btc+tau0.3,15,12,16,0.2133,0.2133,0.2472,1.0,1.46,12,0,2,0
02_Rock3-148-C_comp,madmom+btc+tau0.4,14,12,16,0.2843,0.2843,0.2487,1.0,1.46,10,0,2,0
02_Rock3-148-C_comp,madmom+btc+tau0.5,13,11,16,0.3548,0.3548,0.3105,1.0,1.46,9,0,2,0
02_Rock3-148-C_comp,madmom+btc+tau0.6,12,10,16,0.48,0.48,0.42,1.0,1.46,7,0,2,0
02_Rock3-148-C_comp,madmom+btc+tau0.7,8,6,16,0.8315,0.7606,0.6655,1.0,1.46,2,0,2,0
02_Rock3-148-C_comp,madmom+btc+demucs,6,4,16,0.9728,0.902,0.7892,1.0,9.19,0,0,2,0
02_Rock3-148-C_comp,madmom+btc+demucs+tau0.3,16,12,16,0.1418,0.1418,0.2464,1.0,9.26,14,0,2,0
02_Rock3-148-C_comp,madmom+btc+demucs+tau0.4,14,12,16,0.2843,0.2843,0.2487,1.0,9.26,10,0,2,0
02_Rock3-148-C_comp,madmom+btc+demucs+tau0.5,13,11,16,0.3548,0.3548,0.3105,1.0,9.26,9,0,2,0
02_Rock3-148-C_comp,madmom+btc+demucs+tau0.6,12,10,16,0.48,0.48,0.42,1.0,9.26,7,0,2,0
02_Rock3-148-C_comp,madmom+btc+demucs+tau0.7,8,6,16,0.8315,0.7606,0.6655,1.0,9.26,2,0,2,0
02_Rock3-148-C_comp,madmom+cnnlstm,6,4,16,0.9728,0.902,0.7892,1.0,1.69,0,0,2,0
02_Rock3-148-C_comp,madmom+cnnlstm+tau0.3,15,12,16,0.2133,0.2133,0.2472,1.0,1.77,12,0,2,0
02_Rock3-148-C_comp,madmom+cnnlstm+tau0.4,14,12,16,0.2843,0.2843,0.2487,1.0,1.77,10,0,2,0
02_Rock3-148-C_comp,madmom+cnnlstm+tau0.5,13,11,16,0.3548,0.3548,0.3105,1.0,1.77,9,0,2,0
02_Rock3-148-C_comp,madmom+cnnlstm+tau0.6,12,10,16,0.48,0.48,0.42,1.0,1.77,7,0,2,0
02_Rock3-148-C_comp,madmom+cnnlstm+tau0.7,8,6,16,0.8315,0.7606,0.6655,1.0,1.77,2,0,2,0
02_Rock3-148-C_comp,madmom+cnnlstm+demucs,6,4,16,0.9728,0.902,0.7892,1.0,9.48,0,0,2,0
02_Rock3-148-C_comp,madmom+cnnlstm+demucs+tau0.3,16,12,16,0.1418,0.1418,0.2464,1.0,9.56,14,0,2,0
02_Rock3-148-C_comp,madmom+cnnlstm+demucs+tau0.4,14,12,16,0.2843,0.2843,0.2487,1.0,9.56,10,0,2,0
02_Rock3-148-C_comp,madmom+cnnlstm+demucs+tau0.5,13,11,16,0.3548,0.3548,0.3105,1.0,9.56,9,0,2,0
02_Rock3-148-C_comp,madmom+cnnlstm+demucs+tau0.6,12,10,16,0.48,0.48,0.42,1.0,9.56,7,0,2,0
02_Rock3-148-C_comp,madmom+cnnlstm+demucs+tau0.7,8,6,16,0.8315,0.7606,0.6655,1.0,9.56,2,0,2,0
02_SS1-100-C#_comp,allinone+btc,11,11,12,0.8771,0.8771,0.8771,0.0,45.0,0,0,0,0
02_SS1-100-C#_comp,allinone+btc+tau0.3,12,12,12,0.0795,0.0795,0.0795,0.0,45.08,11,0,0,0
02_SS1-100-C#_comp,allinone+btc+tau0.4,12,12,12,0.0795,0.0795,0.0795,0.0,45.08,11,0,0,0
02_SS1-100-C#_comp,allinone+btc+tau0.5,11,11,12,0.5163,0.5163,0.5163,0.0,45.08,5,0,0,0
02_SS1-100-C#_comp,allinone+btc+tau0.6,11,11,12,0.6628,0.6628,0.6628,0.0,45.08,3,0,0,0
02_SS1-100-C#_comp,allinone+btc+tau0.7,11,11,12,0.8128,0.8128,0.8128,0.0,45.08,1,0,0,0
02_SS1-100-C#_comp,allinone+btc+demucs,11,11,12,0.8771,0.8771,0.8771,0.0,52.7,0,0,0,0
02_SS1-100-C#_comp,allinone+btc+demucs+tau0.3,12,12,12,0.0795,0.0795,0.0795,0.0,52.78,11,0,0,0
02_SS1-100-C#_comp,allinone+btc+demucs+tau0.4,12,12,12,0.1628,0.1628,0.1628,0.0,52.78,10,0,0,0
02_SS1-100-C#_comp,allinone+btc+demucs+tau0.5,11,11,12,0.5997,0.5997,0.5997,0.0,52.78,4,0,0,0
02_SS1-100-C#_comp,allinone+btc+demucs+tau0.6,11,11,12,0.6628,0.6628,0.6628,0.0,52.78,3,0,0,0
02_SS1-100-C#_comp,allinone+btc+demucs+tau0.7,11,11,12,0.8128,0.8128,0.8128,0.0,52.78,1,0,0,0
02_SS1-100-C#_comp,allinone+cnnlstm,11,11,12,0.8622,0.8622,0.8622,0.0,45.34,0,0,0,0
02_SS1-100-C#_comp,allinone+cnnlstm+tau0.3,12,12,12,0.0503,0.0503,0.0503,0.0,45.43,11,0,0,0
02_SS1-100-C#_comp,allinone+cnnlstm+tau0.4,12,12,12,0.0503,0.0503,0.0503,0.0,45.43,11,0,0,0
02_SS1-100-C#_comp,allinone+cnnlstm+tau0.5,12,12,12,0.4285,0.4285,0.4285,0.0,45.43,6,0,0,0
02_SS1-100-C#_comp,allinone+cnnlstm+tau0.6,12,12,12,0.575,0.575,0.575,0.0,45.43,4,0,0,0
02_SS1-100-C#_comp,allinone+cnnlstm+tau0.7,11,11,12,0.7979,0.7979,0.7979,0.0,45.43,1,0,0,0
02_SS1-100-C#_comp,allinone+cnnlstm+demucs,11,11,12,0.8622,0.8622,0.8622,0.0,53.02,0,0,0,0
02_SS1-100-C#_comp,allinone+cnnlstm+demucs+tau0.3,12,12,12,0.0503,0.0503,0.0503,0.0,53.1,11,0,0,0
02_SS1-100-C#_comp,allinone+cnnlstm+demucs+tau0.4,12,12,12,0.1337,0.1337,0.1337,0.0,53.1,10,0,0,0
02_SS1-100-C#_comp,allinone+cnnlstm+demucs+tau0.5,12,12,12,0.5118,0.5118,0.5118,0.0,53.1,5,0,0,0
02_SS1-100-C#_comp,allinone+cnnlstm+demucs+tau0.6,12,12,12,0.575,0.575,0.575,0.0,53.1,4,0,0,0
02_SS1-100-C#_comp,allinone+cnnlstm+demucs+tau0.7,11,11,12,0.7979,0.7979,0.7979,0.0,53.1,1,0,0,0
02_SS1-100-C#_comp,madmom+btc,12,12,12,0.9583,0.9583,0.9583,0.0,1.53,0,0,0,0
02_SS1-100-C#_comp,madmom+btc+tau0.3,12,12,12,0.0302,0.0302,0.0302,0.0,1.62,26,0,0,0
02_SS1-100-C#_comp,madmom+btc+tau0.4,12,12,12,0.1986,0.1986,0.1986,0.0,1.62,22,0,0,0
02_SS1-100-C#_comp,madmom+btc+tau0.5,12,12,12,0.5944,0.5944,0.5944,0.0,1.62,11,0,0,0
02_SS1-100-C#_comp,madmom+btc+tau0.6,12,12,12,0.7608,0.7608,0.7608,0.0,1.62,7,0,0,0
02_SS1-100-C#_comp,madmom+btc+tau0.7,12,12,12,0.8233,0.8233,0.8233,0.0,1.62,4,0,0,0
02_SS1-100-C#_comp,madmom+btc+demucs,12,12,12,0.9583,0.9583,0.9583,0.0,9.23,0,0,0,0
02_SS1-100-C#_comp,madmom+btc+demucs+tau0.3,12,12,12,0.0302,0.0302,0.0302,0.0,9.31,26,0,0,0
02_SS1-100-C#_comp,madmom+btc+demucs+tau0.4,12,12,12,0.2413,0.2413,0.2413,0.0,9.31,21,0,0,0
02_SS1-100-C#_comp,madmom+btc+demucs+tau0.5,12,12,12,0.5944,0.5944,0.5944,0.0,9.31,11,0,0,0
02_SS1-100-C#_comp,madmom+btc+demucs+tau0.6,12,12,12,0.7608,0.7608,0.7608,0.0,9.31,7,0,0,0
02_SS1-100-C#_comp,madmom+btc+demucs+tau0.7,12,12,12,0.8233,0.8233,0.8233,0.0,9.31,4,0,0,0
02_SS1-100-C#_comp,madmom+cnnlstm,12,12,12,0.976,0.976,0.976,0.0,1.87,0,0,0,0
02_SS1-100-C#_comp,madmom+cnnlstm+tau0.3,12,12,12,0.0403,0.0403,0.0403,0.0,1.96,24,0,0,0
02_SS1-100-C#_comp,madmom+cnnlstm+tau0.4,12,12,12,0.2087,0.2087,0.2087,0.0,1.96,20,0,0,0
02_SS1-100-C#_comp,madmom+cnnlstm+tau0.5,12,12,12,0.5722,0.5722,0.5722,0.0,1.96,11,0,0,0
02_SS1-100-C#_comp,madmom+cnnlstm+tau0.6,12,12,12,0.7698,0.7698,0.7698,0.0,1.96,6,0,0,0
02_SS1-100-C#_comp,madmom+cnnlstm+tau0.7,12,12,12,0.8003,0.8003,0.8003,0.0,1.96,5,0,0,0
02_SS1-100-C#_comp,madmom+cnnlstm+demucs,12,12,12,0.976,0.976,0.976,0.0,9.55,0,0,0,0
02_SS1-100-C#_comp,madmom+cnnlstm+demucs+tau0.3,12,12,12,0.0403,0.0403,0.0403,0.0,9.63,24,0,0,0
02_SS1-100-C#_comp,madmom+cnnlstm+demucs+tau0.4,12,12,12,0.2514,0.2514,0.2514,0.0,9.63,19,0,0,0
02_SS1-100-C#_comp,madmom+cnnlstm+demucs+tau0.5,12,12,12,0.5722,0.5722,0.5722,0.0,9.63,11,0,0,0
02_SS1-100-C#_comp,madmom+cnnlstm+demucs+tau0.6,12,12,12,0.7698,0.7698,0.7698,0.0,9.63,6,0,0,0
02_SS1-100-C#_comp,madmom+cnnlstm+demucs+tau0.7,12,12,12,0.8003,0.8003,0.8003,0.0,9.63,5,0,0,0
02_SS1-68-E_comp,allinone+btc,2,2,12,0.9339,0.9339,0.9339,0.6087,60.4,0,0,0,0
02_SS1-68-E_comp,allinone+btc+tau0.3,3,3,12,0.8519,0.8519,0.8519,0.6087,60.52,1,0,0,0
02_SS1-68-E_comp,allinone+btc+tau0.4,2,2,12,0.9339,0.9339,0.9339,0.6087,60.52,0,0,0,0
02_SS1-68-E_comp,allinone+btc+tau0.5,2,2,12,0.9339,0.9339,0.9339,0.6087,60.52,0,0,0,0
02_SS1-68-E_comp,allinone+btc+tau0.6,2,2,12,0.9339,0.9339,0.9339,0.6087,60.52,0,0,0,0
02_SS1-68-E_comp,allinone+btc+tau0.7,2,2,12,0.9339,0.9339,0.9339,0.6087,60.52,0,0,0,0
02_SS1-68-E_comp,allinone+btc+demucs,2,2,12,0.9339,0.9339,0.9339,0.6087,72.47,0,0,0,0
02_SS1-68-E_comp,allinone+btc+demucs+tau0.3,3,3,12,0.8519,0.8519,0.8519,0.6087,72.58,1,0,0,0
02_SS1-68-E_comp,allinone+btc+demucs+tau0.4,2,2,12,0.9339,0.9339,0.9339,0.6087,72.58,0,0,0,0
02_SS1-68-E_comp,allinone+btc+demucs+tau0.5,2,2,12,0.9339,0.9339,0.9339,0.6087,72.58,0,0,0,0
02_SS1-68-E_comp,allinone+btc+demucs+tau0.6,2,2,12,0.9339,0.9339,0.9339,0.6087,72.58,0,0,0,0
02_SS1-68-E_comp,allinone+btc+demucs+tau0.7,2,2,12,0.9339,0.9339,0.9339,0.6087,72.58,0,0,0,0
02_SS1-68-E_comp,allinone+cnnlstm,2,2,12,0.9339,0.9339,0.9339,0.6087,60.88,0,0,0,0
02_SS1-68-E_comp,allinone+cnnlstm+tau0.3,3,3,12,0.8519,0.8519,0.8519,0.6087,60.99,1,0,0,0
02_SS1-68-E_comp,allinone+cnnlstm+tau0.4,2,2,12,0.9339,0.9339,0.9339,0.6087,60.99,0,0,0,0
02_SS1-68-E_comp,allinone+cnnlstm+tau0.5,2,2,12,0.9339,0.9339,0.9339,0.6087,60.99,0,0,0,0
02_SS1-68-E_comp,allinone+cnnlstm+tau0.6,2,2,12,0.9339,0.9339,0.9339,0.6087,60.99,0,0,0,0
02_SS1-68-E_comp,allinone+cnnlstm+tau0.7,2,2,12,0.9339,0.9339,0.9339,0.6087,60.99,0,0,0,0
02_SS1-68-E_comp,allinone+cnnlstm+demucs,2,2,12,0.9339,0.9339,0.9339,0.6087,72.92,0,0,0,0
02_SS1-68-E_comp,allinone+cnnlstm+demucs+tau0.3,3,3,12,0.8519,0.8519,0.8519,0.6087,73.03,1,0,0,0
02_SS1-68-E_comp,allinone+cnnlstm+demucs+tau0.4,2,2,12,0.9339,0.9339,0.9339,0.6087,73.03,0,0,0,0
02_SS1-68-E_comp,allinone+cnnlstm+demucs+tau0.5,2,2,12,0.9339,0.9339,0.9339,0.6087,73.03,0,0,0,0
02_SS1-68-E_comp,allinone+cnnlstm+demucs+tau0.6,2,2,12,0.9339,0.9339,0.9339,0.6087,73.03,0,0,0,0
02_SS1-68-E_comp,allinone+cnnlstm+demucs+tau0.7,2,2,12,0.9339,0.9339,0.9339,0.6087,73.03,0,0,0,0
02_SS1-68-E_comp,madmom+btc,0,0,12,0.9957,0.9957,0.9957,0.6667,2.16,0,0,0,0
02_SS1-68-E_comp,madmom+btc+tau0.3,1,1,12,0.9136,0.9136,0.9136,0.6667,2.27,1,0,0,0
02_SS1-68-E_comp,madmom+btc+tau0.4,0,0,12,0.9957,0.9957,0.9957,0.6667,2.27,0,0,0,0
02_SS1-68-E_comp,madmom+btc+tau0.5,0,0,12,0.9957,0.9957,0.9957,0.6667,2.27,0,0,0,0
02_SS1-68-E_comp,madmom+btc+tau0.6,0,0,12,0.9957,0.9957,0.9957,0.6667,2.27,0,0,0,0
02_SS1-68-E_comp,madmom+btc+tau0.7,0,0,12,0.9957,0.9957,0.9957,0.6667,2.27,0,0,0,0
02_SS1-68-E_comp,madmom+btc+demucs,0,0,12,0.9957,0.9957,0.9957,0.6667,14.23,0,0,0,0
02_SS1-68-E_comp,madmom+btc+demucs+tau0.3,1,1,12,0.9136,0.9136,0.9136,0.6667,14.34,1,0,0,0
02_SS1-68-E_comp,madmom+btc+demucs+tau0.4,0,0,12,0.9957,0.9957,0.9957,0.6667,14.34,0,0,0,0
02_SS1-68-E_comp,madmom+btc+demucs+tau0.5,0,0,12,0.9957,0.9957,0.9957,0.6667,14.34,0,0,0,0
02_SS1-68-E_comp,madmom+btc+demucs+tau0.6,0,0,12,0.9957,0.9957,0.9957,0.6667,14.34,0,0,0,0
02_SS1-68-E_comp,madmom+btc+demucs+tau0.7,0,0,12,0.9957,0.9957,0.9957,0.6667,14.34,0,0,0,0
02_SS1-68-E_comp,madmom+cnnlstm,0,0,12,0.9957,0.9957,0.9957,0.6667,2.63,0,0,0,0
02_SS1-68-E_comp,madmom+cnnlstm+tau0.3,1,1,12,0.9136,0.9136,0.9136,0.6667,2.75,1,0,0,0
02_SS1-68-E_comp,madmom+cnnlstm+tau0.4,0,0,12,0.9957,0.9957,0.9957,0.6667,2.75,0,0,0,0
02_SS1-68-E_comp,madmom+cnnlstm+tau0.5,0,0,12,0.9957,0.9957,0.9957,0.6667,2.75,0,0,0,0
02_SS1-68-E_comp,madmom+cnnlstm+tau0.6,0,0,12,0.9957,0.9957,0.9957,0.6667,2.75,0,0,0,0
02_SS1-68-E_comp,madmom+cnnlstm+tau0.7,0,0,12,0.9957,0.9957,0.9957,0.6667,2.75,0,0,0,0
02_SS1-68-E_comp,madmom+cnnlstm+demucs,0,0,12,0.9957,0.9957,0.9957,0.6667,14.68,0,0,0,0
02_SS1-68-E_comp,madmom+cnnlstm+demucs+tau0.3,1,1,12,0.9136,0.9136,0.9136,0.6667,14.78,1,0,0,0
02_SS1-68-E_comp,madmom+cnnlstm+demucs+tau0.4,0,0,12,0.9957,0.9957,0.9957,0.6667,14.78,0,0,0,0
02_SS1-68-E_comp,madmom+cnnlstm+demucs+tau0.5,0,0,12,0.9957,0.9957,0.9957,0.6667,14.78,0,0,0,0
02_SS1-68-E_comp,madmom+cnnlstm+demucs+tau0.6,0,0,12,0.9957,0.9957,0.9957,0.6667,14.78,0,0,0,0
02_SS1-68-E_comp,madmom+cnnlstm+demucs+tau0.7,0,0,12,0.9957,0.9957,0.9957,0.6667,14.78,0,0,0,0
02_SS2-107-Ab_comp,allinone+btc,16,16,16,0.5757,0.5087,0.4133,0.0,53.09,0,0,0,0
02_SS2-107-Ab_comp,allinone+btc+tau0.3,16,16,16,0.2767,0.2097,0.1704,0.0,53.19,13,0,0,0
02_SS2-107-Ab_comp,allinone+btc+tau0.4,16,16,16,0.2767,0.2097,0.1704,0.0,53.19,11,0,0,0
02_SS2-107-Ab_comp,allinone+btc+tau0.5,16,16,16,0.3054,0.2384,0.1937,0.0,53.19,10,0,0,0
02_SS2-107-Ab_comp,allinone+btc+tau0.6,16,16,16,0.3438,0.2768,0.2249,0.0,53.19,9,0,0,0
02_SS2-107-Ab_comp,allinone+btc+tau0.7,16,16,16,0.4117,0.3447,0.2801,0.0,53.19,7,0,0,0
02_SS2-107-Ab_comp,allinone+btc+demucs,16,16,16,0.5572,0.4803,0.3902,0.0,63.77,0,0,0,0
02_SS2-107-Ab_comp,allinone+btc+demucs+tau0.3,16,16,16,0.2675,0.1906,0.1548,0.0,63.87,14,0,0,0
02_SS2-107-Ab_comp,allinone+btc+demucs+tau0.4,16,16,16,0.2675,0.1906,0.1548,0.0,63.87,12,0,0,0
02_SS2-107-Ab_comp,allinone+btc+demucs+tau0.5,16,16,16,0.3157,0.2388,0.194,0.0,63.87,10,0,0,0
02_SS2-107-Ab_comp,allinone+btc+demucs+tau0.6,16,16,16,0.3541,0.2772,0.2252,0.0,63.87,9,0,0,0
02_SS2-107-Ab_comp,allinone+btc+demucs+tau0.7,16,16,16,0.422,0.3451,0.2804,0.0,63.87,6,0,0,0
02_SS2-107-Ab_comp,allinone+cnnlstm,16,16,16,0.7486,0.6716,0.5457,0.0,53.5,0,0,0,0
02_SS2-107-Ab_comp,allinone+cnnlstm+tau0.3,16,16,16,0.3531,0.2762,0.2244,0.0,53.6,17,0,0,0
02_SS2-107-Ab_comp,allinone+cnnlstm+tau0.4,16,16,16,0.3531,0.2762,0.2244,0.0,53.6,15,0,0,0
02_SS2-107-Ab_comp,allinone+cnnlstm+tau0.5,16,16,16,0.3531,0.2762,0.2244,0.0,53.6,15,0,0,0
02_SS2-107-Ab_comp,allinone+cnnlstm+tau0.6,16,16,16,0.4202,0.3433,0.2789,0.0,53.6,13,0,0,0
02_SS2-107-Ab_comp,allinone+cnnlstm+tau0.7,16,16,16,0.4881,0.4112,0.3341,0.0,53.6,11,0,0,0
02_SS2-107-Ab_comp,allinone+cnnlstm+demucs,16,16,16,0.7486,0.6716,0.5457,0.0,64.16,0,0,0,0
02_SS2-107-Ab_comp,allinone+cnnlstm+demucs+tau0.3,16,16,16,0.3531,0.2762,0.2244,0.0,64.26,17,0,0,0
02_SS2-107-Ab_comp,allinone+cnnlstm+demucs+tau0.4,16,16,16,0.3531,0.2762,0.2244,0.0,64.26,15,0,0,0
02_SS2-107-Ab_comp,allinone+cnnlstm+demucs+tau0.5,16,16,16,0.3531,0.2762,0.2244,0.0,64.26,15,0,0,0
02_SS2-107-Ab_comp,allinone+cnnlstm+demucs+tau0.6,16,16,16,0.4202,0.3433,0.2789,0.0,64.26,13,0,0,0
02_SS2-107-Ab_comp,allinone+cnnlstm+demucs+tau0.7,16,16,16,0.4881,0.4112,0.3341,0.0,64.26,11,0,0,0
02_SS2-107-Ab_comp,madmom+btc,11,8,16,0.6512,0.5743,0.4666,1.0,1.86,0,0,0,0
02_SS2-107-Ab_comp,madmom+btc+tau0.3,15,14,16,0.1725,0.0955,0.0776,1.0,1.96,8,0,0,0
02_SS2-107-Ab_comp,madmom+btc+tau0.4,15,13,16,0.2487,0.1718,0.1396,1.0,1.96,7,0,0,0
02_SS2-107-Ab_comp,madmom+btc+tau0.5,14,12,16,0.3256,0.2487,0.2021,1.0,1.96,6,0,0,0
02_SS2-107-Ab_comp,madmom+btc+tau0.6,14,12,16,0.3256,0.2487,0.2021,1.0,1.96,6,0,0,0
02_SS2-107-Ab_comp,madmom+btc+tau0.7,13,11,16,0.4593,0.3823,0.3106,1.0,1.96,4,0,0,0
02_SS2-107-Ab_comp,madmom+btc+demucs,11,8,16,0.6324,0.5555,0.4513,1.0,12.54,0,0,0,0
02_SS2-107-Ab_comp,madmom+btc+demucs+tau0.3,15,14,16,0.1537,0.0767,0.0623,1.0,12.64,8,0,0,0
02_SS2-107-Ab_comp,madmom+btc+demucs+tau0.4,15,13,16,0.2299,0.153,0.1243,1.0,12.64,7,0,0,0
02_SS2-107-Ab_comp,madmom+btc+demucs+tau0.5,14,12,16,0.3068,0.2299,0.1868,1.0,12.64,6,0,0,0
02_SS2-107-Ab_comp,madmom+btc+demucs+tau0.6,14,12,16,0.3068,0.2299,0.1868,1.0,12.64,6,0,0,0
02_SS2-107-Ab_comp,madmom+btc+demucs+tau0.7,13,11,16,0.4404,0.3635,0.2954,1.0,12.64,4,0,0,0
02_SS2-107-Ab_comp,madmom+cnnlstm,8,4,16,0.8234,0.7465,0.6065,1.0,2.26,0,0,0,0
02_SS2-107-Ab_comp,madmom+cnnlstm+tau0.3,14,13,16,0.2295,0.1526,0.124,1.0,2.37,10,0,0,0
02_SS2-107-Ab_comp,madmom+cnnlstm+tau0.4,14,12,16,0.3057,0.2288,0.1859,1.0,2.37,9,0,0,0
02_SS2-107-Ab_comp,madmom+cnnlstm+tau0.5,13,10,16,0.3827,0.3057,0.2484,1.0,2.37,7,0,0,0
02_SS2-107-Ab_comp,madmom+cnnlstm+tau0.6,13,10,16,0.3827,0.3057,0.2484,1.0,2.37,7,0,0,0
02_SS2-107-Ab_comp,madmom+cnnlstm+tau0.7,12,9,16,0.5163,0.4394,0.357,1.0,2.37,5,0,0,0
02_SS2-107-Ab_comp,madmom+cnnlstm+demucs,8,4,16,0.8234,0.7465,0.6065,1.0,12.93,0,0,0,0
02_SS2-107-Ab_comp,madmom+cnnlstm+demucs+tau0.3,14,13,16,0.2295,0.1526,0.124,1.0,13.03,10,0,0,0
02_SS2-107-Ab_comp,madmom+cnnlstm+demucs+tau0.4,14,12,16,0.3057,0.2288,0.1859,1.0,13.03,9,0,0,0
02_SS2-107-Ab_comp,madmom+cnnlstm+demucs+tau0.5,13,10,16,0.3827,0.3057,0.2484,1.0,13.03,7,0,0,0
02_SS2-107-Ab_comp,madmom+cnnlstm+demucs+tau0.6,13,10,16,0.3827,0.3057,0.2484,1.0,13.03,7,0,0,0
02_SS2-107-Ab_comp,madmom+cnnlstm+demucs+tau0.7,12,9,16,0.5163,0.4394,0.357,1.0,13.03,5,0,0,0
02_SS2-88-F_comp,allinone+btc,16,16,16,0.6057,0.532,0.4655,0.0,61.84,0,0,0,0
02_SS2-88-F_comp,allinone+btc+tau0.3,16,16,16,0.4018,0.3281,0.2871,0.0,61.96,15,0,0,0
02_SS2-88-F_comp,allinone+btc+tau0.4,16,16,16,0.4556,0.3819,0.3342,0.0,61.96,13,0,0,0
02_SS2-88-F_comp,allinone+btc+tau0.5,16,16,16,0.4989,0.4252,0.3721,0.0,61.96,9,0,0,0
02_SS2-88-F_comp,allinone+btc+tau0.6,16,16,16,0.5348,0.4611,0.4035,0.0,61.96,7,0,0,0
02_SS2-88-F_comp,allinone+btc+tau0.7,16,16,16,0.5348,0.4611,0.4035,0.0,61.96,5,0,0,0
02_SS2-88-F_comp,allinone+btc+demucs,16,16,16,0.6057,0.532,0.4655,0.0,74.04,0,0,0,0
02_SS2-88-F_comp,allinone+btc+demucs+tau0.3,16,16,16,0.4018,0.3281,0.2871,0.0,74.16,15,0,0,0
02_SS2-88-F_comp,allinone+btc+demucs+tau0.4,16,16,16,0.4556,0.3819,0.3342,0.0,74.16,13,0,0,0
02_SS2-88-F_comp,allinone+btc+demucs+tau0.5,16,16,16,0.4989,0.4252,0.3721,0.0,74.16,9,0,0,0
02_SS2-88-F_comp,allinone+btc+demucs+tau0.6,16,16,16,0.5348,0.4611,0.4035,0.0,74.16,7,0,0,0
02_SS2-88-F_comp,allinone+btc+demucs+tau0.7,16,16,16,0.5348,0.4611,0.4035,0.0,74.16,5,0,0,0
02_SS2-88-F_comp,allinone+cnnlstm,16,16,16,0.6502,0.6316,0.5527,0.0,62.4,0,0,0,0
02_SS2-88-F_comp,allinone+cnnlstm+tau0.3,16,16,16,0.3832,0.3646,0.319,0.0,62.51,17,0,0,0
02_SS2-88-F_comp,allinone+cnnlstm+tau0.4,16,16,16,0.4371,0.4185,0.3661,0.0,62.51,15,0,0,0
02_SS2-88-F_comp,allinone+cnnlstm+tau0.5,16,16,16,0.456,0.4374,0.3827,0.0,62.51,13,0,0,0
02_SS2-88-F_comp,allinone+cnnlstm+tau0.6,16,16,16,0.5101,0.4915,0.4301,0.0,62.51,10,0,0,0
02_SS2-88-F_comp,allinone+cnnlstm+tau0.7,16,16,16,0.5101,0.4915,0.4301,0.0,62.51,8,0,0,0
02_SS2-88-F_comp,allinone+cnnlstm+demucs,16,16,16,0.6502,0.6316,0.5527,0.0,74.51,0,0,0,0
02_SS2-88-F_comp,allinone+cnnlstm+demucs+tau0.3,16,16,16,0.3832,0.3646,0.319,0.0,74.63,17,0,0,0
02_SS2-88-F_comp,allinone+cnnlstm+demucs+tau0.4,16,16,16,0.4371,0.4185,0.3661,0.0,74.63,15,0,0,0
02_SS2-88-F_comp,allinone+cnnlstm+demucs+tau0.5,16,16,16,0.456,0.4374,0.3827,0.0,74.63,13,0,0,0
02_SS2-88-F_comp,allinone+cnnlstm+demucs+tau0.6,16,16,16,0.5101,0.4915,0.4301,0.0,74.63,10,0,0,0
02_SS2-88-F_comp,allinone+cnnlstm+demucs+tau0.7,16,16,16,0.5101,0.4915,0.4301,0.0,74.63,8,0,0,0
02_SS2-88-F_comp,madmom+btc,14,14,16,0.6019,0.5293,0.4631,0.2632,2.24,0,0,0,0
02_SS2-88-F_comp,madmom+btc+tau0.3,15,15,16,0.3167,0.244,0.2135,0.2632,2.36,14,0,0,0
02_SS2-88-F_comp,madmom+btc+tau0.4,14,14,16,0.4528,0.3801,0.3326,0.2632,2.36,10,0,0,0
02_SS2-88-F_comp,madmom+btc+tau0.5,14,14,16,0.4528,0.3801,0.3326,0.2632,2.36,9,0,0,0
02_SS2-88-F_comp,madmom+btc+tau0.6,14,14,16,0.5304,0.4578,0.4005,0.2632,2.36,5,0,0,0
02_SS2-88-F_comp,madmom+btc+tau0.7,14,14,16,0.5537,0.4811,0.4209,0.2632,2.36,4,0,0,0
02_SS2-88-F_comp,madmom+btc+demucs,14,14,16,0.6132,0.5405,0.473,0.2632,14.44,0,0,0,0
02_SS2-88-F_comp,madmom+btc+demucs+tau0.3,15,15,16,0.3279,0.2553,0.2234,0.2632,14.56,14,0,0,0
02_SS2-88-F_comp,madmom+btc+demucs+tau0.4,14,14,16,0.464,0.3914,0.3425,0.2632,14.56,10,0,0,0
02_SS2-88-F_comp,madmom+btc+demucs+tau0.5,14,14,16,0.464,0.3914,0.3425,0.2632,14.56,9,0,0,0
02_SS2-88-F_comp,madmom+btc+demucs+tau0.6,14,14,16,0.5416,0.469,0.4104,0.2632,14.56,5,0,0,0
02_SS2-88-F_comp,madmom+btc+demucs+tau0.7,14,14,16,0.565,0.4923,0.4308,0.2632,14.56,4,0,0,0
02_SS2-88-F_comp,madmom+cnnlstm,12,12,16,0.6861,0.6685,0.5849,0.2632,2.8,0,0,0,0
02_SS2-88-F_comp,madmom+cnnlstm+tau0.3,13,13,16,0.3806,0.3631,0.3177,0.2632,2.91,13,0,0,0
02_SS2-88-F_comp,madmom+cnnlstm+tau0.4,12,12,16,0.5167,0.4992,0.4368,0.2632,2.91,10,0,0,0
02_SS2-88-F_comp,madmom+cnnlstm+tau0.5,12,12,16,0.5167,0.4992,0.4368,0.2632,2.91,9,0,0,0
02_SS2-88-F_comp,madmom+cnnlstm+tau0.6,12,12,16,0.5167,0.4992,0.4368,0.2632,2.91,7,0,0,0
02_SS2-88-F_comp,madmom+cnnlstm+tau0.7,12,12,16,0.5167,0.4992,0.4368,0.2632,2.91,7,0,0,0
02_SS2-88-F_comp,madmom+cnnlstm+demucs,12,12,16,0.6861,0.6685,0.5849,0.2632,14.91,0,0,0,0
02_SS2-88-F_comp,madmom+cnnlstm+demucs+tau0.3,13,13,16,0.3806,0.3631,0.3177,0.2632,15.03,13,0,0,0
02_SS2-88-F_comp,madmom+cnnlstm+demucs+tau0.4,12,12,16,0.5167,0.4992,0.4368,0.2632,15.03,10,0,0,0
02_SS2-88-F_comp,madmom+cnnlstm+demucs+tau0.5,12,12,16,0.5167,0.4992,0.4368,0.2632,15.03,9,0,0,0
02_SS2-88-F_comp,madmom+cnnlstm+demucs+tau0.6,12,12,16,0.5167,0.4992,0.4368,0.2632,15.03,7,0,0,0
02_SS2-88-F_comp,madmom+cnnlstm+demucs+tau0.7,12,12,16,0.5167,0.4992,0.4368,0.2632,15.03,7,0,0,0
02_SS3-84-Bb_comp,allinone+btc,8,5,16,0.881,0.7922,0.5446,0.9375,63.68,0,0,1,0
02_SS3-84-Bb_comp,allinone+btc+tau0.3,13,12,16,0.2941,0.2941,0.2022,0.9375,63.81,11,0,1,0
02_SS3-84-Bb_comp,allinone+btc+tau0.4,13,11,16,0.2941,0.2941,0.2022,0.9375,63.81,10,0,1,0
02_SS3-84-Bb_comp,allinone+btc+tau0.5,13,10,16,0.2941,0.2941,0.2022,0.9375,63.81,9,0,1,0
02_SS3-84-Bb_comp,allinone+btc+tau0.6,12,9,16,0.385,0.385,0.2647,0.9375,63.81,8,0,1,0
02_SS3-84-Bb_comp,allinone+btc+tau0.7,10,7,16,0.5587,0.5587,0.3841,0.9375,63.81,4,0,1,0
02_SS3-84-Bb_comp,allinone+btc+demucs,8,5,16,0.881,0.7922,0.5446,0.9375,76.32,0,0,1,0
02_SS3-84-Bb_comp,allinone+btc+demucs+tau0.3,13,12,16,0.2941,0.2941,0.2022,0.9375,76.44,11,0,1,0
02_SS3-84-Bb_comp,allinone+btc+demucs+tau0.4,13,11,16,0.2941,0.2941,0.2022,0.9375,76.44,10,0,1,0
02_SS3-84-Bb_comp,allinone+btc+demucs+tau0.5,13,10,16,0.2941,0.2941,0.2022,0.9375,76.44,9,0,1,0
02_SS3-84-Bb_comp,allinone+btc+demucs+tau0.6,11,8,16,0.4678,0.4678,0.3216,0.9375,76.44,7,0,1,0
02_SS3-84-Bb_comp,allinone+btc+demucs+tau0.7,10,7,16,0.5587,0.5587,0.3841,0.9375,76.44,4,0,1,0
02_SS3-84-Bb_comp,allinone+cnnlstm,8,5,16,0.881,0.7922,0.5446,0.9375,64.26,0,0,1,0
02_SS3-84-Bb_comp,allinone+cnnlstm+tau0.3,13,12,16,0.2941,0.2941,0.2022,0.9375,64.38,11,0,1,0
02_SS3-84-Bb_comp,allinone+cnnlstm+tau0.4,13,11,16,0.2941,0.2941,0.2022,0.9375,64.38,10,0,1,0
02_SS3-84-Bb_comp,allinone+cnnlstm+tau0.5,13,10,16,0.2941,0.2941,0.2022,0.9375,64.38,9,0,1,0
02_SS3-84-Bb_comp,allinone+cnnlstm+tau0.6,12,9,16,0.385,0.385,0.2647,0.9375,64.38,8,0,1,0
02_SS3-84-Bb_comp,allinone+cnnlstm+tau0.7,10,7,16,0.5587,0.5587,0.3841,0.9375,64.38,4,0,1,0
02_SS3-84-Bb_comp,allinone+cnnlstm+demucs,8,5,16,0.881,0.7922,0.5446,0.9375,76.88,0,0,1,0
02_SS3-84-Bb_comp,allinone+cnnlstm+demucs+tau0.3,13,12,16,0.2941,0.2941,0.2022,0.9375,77.0,11,0,1,0
02_SS3-84-Bb_comp,allinone+cnnlstm+demucs+tau0.4,13,11,16,0.2941,0.2941,0.2022,0.9375,77.0,10,0,1,0
02_SS3-84-Bb_comp,allinone+cnnlstm+demucs+tau0.5,13,10,16,0.2941,0.2941,0.2022,0.9375,77.0,9,0,1,0
02_SS3-84-Bb_comp,allinone+cnnlstm+demucs+tau0.6,11,8,16,0.4678,0.4678,0.3216,0.9375,77.0,7,0,1,0
02_SS3-84-Bb_comp,allinone+cnnlstm+demucs+tau0.7,10,7,16,0.5587,0.5587,0.3841,0.9375,77.0,4,0,1,0
02_SS3-84-Bb_comp,madmom+btc,7,4,16,0.9023,0.8135,0.5592,1.0,2.39,0,0,1,0
02_SS3-84-Bb_comp,madmom+btc+tau0.3,13,12,16,0.2711,0.2711,0.1864,1.0,2.51,11,0,1,0
02_SS3-84-Bb_comp,madmom+btc+tau0.4,13,11,16,0.2711,0.2711,0.1864,1.0,2.51,10,0,1,0
02_SS3-84-Bb_comp,madmom+btc+tau0.5,13,10,16,0.2711,0.2711,0.1864,1.0,2.51,9,0,1,0
02_SS3-84-Bb_comp,madmom+btc+tau0.6,11,8,16,0.4529,0.4529,0.3114,1.0,2.51,7,0,1,0
02_SS3-84-Bb_comp,madmom+btc+tau0.7,10,7,16,0.5432,0.5432,0.3734,1.0,2.51,4,0,1,0
02_SS3-84-Bb_comp,madmom+btc+demucs,7,4,16,0.9023,0.8135,0.5592,1.0,15.03,0,0,1,0
02_SS3-84-Bb_comp,madmom+btc+demucs+tau0.3,13,12,16,0.2711,0.2711,0.1864,1.0,15.15,11,0,1,0
02_SS3-84-Bb_comp,madmom+btc+demucs+tau0.4,13,11,16,0.2711,0.2711,0.1864,1.0,15.15,10,0,1,0
02_SS3-84-Bb_comp,madmom+btc+demucs+tau0.5,13,10,16,0.2711,0.2711,0.1864,1.0,15.15,9,0,1,0
02_SS3-84-Bb_comp,madmom+btc+demucs+tau0.6,11,8,16,0.4529,0.4529,0.3114,1.0,15.15,7,0,1,0
02_SS3-84-Bb_comp,madmom+btc+demucs+tau0.7,10,7,16,0.5432,0.5432,0.3734,1.0,15.15,4,0,1,0
02_SS3-84-Bb_comp,madmom+cnnlstm,7,4,16,0.9023,0.8135,0.5592,1.0,2.96,0,0,1,0
02_SS3-84-Bb_comp,madmom+cnnlstm+tau0.3,13,12,16,0.2711,0.2711,0.1864,1.0,3.09,11,0,1,0
02_SS3-84-Bb_comp,madmom+cnnlstm+tau0.4,13,11,16,0.2711,0.2711,0.1864,1.0,3.09,10,0,1,0
02_SS3-84-Bb_comp,madmom+cnnlstm+tau0.5,13,10,16,0.2711,0.2711,0.1864,1.0,3.09,9,0,1,0
02_SS3-84-Bb_comp,madmom+cnnlstm+tau0.6,11,8,16,0.4529,0.4529,0.3114,1.0,3.09,7,0,1,0
02_SS3-84-Bb_comp,madmom+cnnlstm+tau0.7,10,7,16,0.5432,0.5432,0.3734,1.0,3.09,4,0,1,0
02_SS3-84-Bb_comp,madmom+cnnlstm+demucs,7,4,16,0.9023,0.8135,0.5592,1.0,15.58,0,0,1,0
02_SS3-84-Bb_comp,madmom+cnnlstm+demucs+tau0.3,13,12,16,0.2711,0.2711,0.1864,1.0,15.7,11,0,1,0
02_SS3-84-Bb_comp,madmom+cnnlstm+demucs+tau0.4,13,11,16,0.2711,0.2711,0.1864,1.0,15.7,10,0,1,0
02_SS3-84-Bb_comp,madmom+cnnlstm+demucs+tau0.5,13,10,16,0.2711,0.2711,0.1864,1.0,15.7,9,0,1,0
02_SS3-84-Bb_comp,madmom+cnnlstm+demucs+tau0.6,11,8,16,0.4529,0.4529,0.3114,1.0,15.7,7,0,1,0
02_SS3-84-Bb_comp,madmom+cnnlstm+demucs+tau0.7,10,7,16,0.5432,0.5432,0.3734,1.0,15.7,4,0,1,0
02_SS3-98-C_comp,allinone+btc,8,8,16,0.8127,0.7634,0.7157,0.9677,56.41,0,0,1,0
02_SS3-98-C_comp,allinone+btc+tau0.3,13,12,16,0.1992,0.1992,0.2493,0.9677,56.52,12,0,1,0
02_SS3-98-C_comp,allinone+btc+tau0.4,13,13,16,0.2485,0.2485,0.233,0.9677,56.52,10,0,1,0
02_SS3-98-C_comp,allinone+btc+tau0.5,12,12,16,0.4151,0.4151,0.3891,0.9677,56.52,7,0,1,0
02_SS3-98-C_comp,allinone+btc+tau0.6,11,11,16,0.5316,0.5316,0.4983,0.9677,56.52,5,0,1,0
02_SS3-98-C_comp,allinone+btc+tau0.7,8,8,16,0.7797,0.7305,0.6848,0.9677,56.52,1,0,1,0
02_SS3-98-C_comp,allinone+btc+demucs,8,8,16,0.8127,0.7634,0.7157,0.9677,67.05,0,0,1,0
02_SS3-98-C_comp,allinone+btc+demucs+tau0.3,13,12,16,0.1992,0.1992,0.2493,0.9677,67.15,12,0,1,0
02_SS3-98-C_comp,allinone+btc+demucs+tau0.4,13,12,16,0.2485,0.2485,0.2955,0.9677,67.15,11,0,1,0
02_SS3-98-C_comp,allinone+btc+demucs+tau0.5,12,12,16,0.4151,0.4151,0.3891,0.9677,67.15,7,0,1,0
02_SS3-98-C_comp,allinone+btc+demucs+tau0.6,11,11,16,0.5316,0.5316,0.4983,0.9677,67.15,5,0,1,0
02_SS3-98-C_comp,allinone+btc+demucs+tau0.7,8,8,16,0.7797,0.7305,0.6848,0.9677,67.15,1,0,1,0
02_SS3-98-C_comp,allinone+cnnlstm,5,5,16,0.8611,0.7952,0.7455,0.9677,56.87,0,0,1,0
02_SS3-98-C_comp,allinone+cnnlstm+tau0.3,14,13,16,0.1991,0.1991,0.2492,0.9677,56.99,11,0,1,0
02_SS3-98-C_comp,allinone+cnnlstm+tau0.4,12,12,16,0.3303,0.3303,0.3097,0.9677,56.99,8,0,1,0
02_SS3-98-C_comp,allinone+cnnlstm+tau0.5,10,10,16,0.4633,0.4633,0.4344,0.9677,56.99,6,0,1,0
02_SS3-98-C_comp,allinone+cnnlstm+tau0.6,9,9,16,0.53,0.53,0.4969,0.9677,56.99,5,0,1,0
02_SS3-98-C_comp,allinone+cnnlstm+tau0.7,5,5,16,0.7952,0.7952,0.7455,0.9677,56.99,1,0,1,0
02_SS3-98-C_comp,allinone+cnnlstm+demucs,5,5,16,0.8611,0.7952,0.7455,0.9677,67.49,0,0,1,0
02_SS3-98-C_comp,allinone+cnnlstm+demucs+tau0.3,14,13,16,0.1991,0.1991,0.2492,0.9677,67.59,11,0,1,0
02_SS3-98-C_comp,allinone+cnnlstm+demucs+tau0.4,12,11,16,0.3303,0.3303,0.3722,0.9677,67.59,9,0,1,0
02_SS3-98-C_comp,allinone+cnnlstm+demucs+tau0.5,10,10,16,0.4633,0.4633,0.4344,0.9677,67.59,6,0,1,0
02_SS3-98-C_comp,allinone+cnnlstm+demucs+tau0.6,9,9,16,0.53,0.53,0.4969,0.9677,67.59,5,0,1,0
02_SS3-98-C_comp,allinone+cnnlstm+demucs+tau0.7,5,5,16,0.7952,0.7952,0.7455,0.9677,67.59,1,0,1,0
02_SS3-98-C_comp,madmom+btc,7,7,16,0.8803,0.831,0.7791,0.9677,2.07,0,0,1,0
02_SS3-98-C_comp,madmom+btc+tau0.3,13,12,16,0.1984,0.1984,0.2484,0.9677,2.18,13,0,1,0
02_SS3-98-C_comp,madmom+btc+tau0.4,13,13,16,0.1984,0.1984,0.186,0.9677,2.18,12,0,1,0
02_SS3-98-C_comp,madmom+btc+tau0.5,11,11,16,0.4661,0.4661,0.437,0.9677,2.18,7,0,1,0
02_SS3-98-C_comp,madmom+btc+tau0.6,10,10,16,0.5824,0.5824,0.546,0.9677,2.18,5,0,1,0
02_SS3-98-C_comp,madmom+btc+tau0.7,8,8,16,0.8137,0.7644,0.7166,0.9677,2.18,1,0,1,0
02_SS3-98-C_comp,madmom+btc+demucs,7,7,16,0.8803,0.831,0.7791,0.9677,12.71,0,0,1,0
02_SS3-98-C_comp,madmom+btc+demucs+tau0.3,13,12,16,0.1984,0.1984,0.2484,0.9677,12.81,13,0,1,0
02_SS3-98-C_comp,madmom+btc+demucs+tau0.4,13,12,16,0.1984,0.1984,0.2484,0.9677,12.81,13,0,1,0
02_SS3-98-C_comp,madmom+btc+demucs+tau0.5,11,11,16,0.4661,0.4661,0.437,0.9677,12.81,7,0,1,0
02_SS3-98-C_comp,madmom+btc+demucs+tau0.6,10,10,16,0.5824,0.5824,0.546,0.9677,12.81,5,0,1,0
02_SS3-98-C_comp,madmom+btc+demucs+tau0.7,8,8,16,0.8137,0.7644,0.7166,0.9677,12.81,1,0,1,0
02_SS3-98-C_comp,madmom+cnnlstm,5,5,16,0.9454,0.8794,0.8244,0.9677,2.53,0,0,1,0
02_SS3-98-C_comp,madmom+cnnlstm+tau0.3,14,13,16,0.1822,0.1822,0.2332,0.9677,2.64,13,0,1,0
02_SS3-98-C_comp,madmom+cnnlstm+tau0.4,13,13,16,0.2985,0.2985,0.2798,0.9677,2.64,10,0,1,0
02_SS3-98-C_comp,madmom+cnnlstm+tau0.5,10,10,16,0.498,0.498,0.4669,0.9677,2.64,7,0,1,0
02_SS3-98-C_comp,madmom+cnnlstm+tau0.6,9,9,16,0.5647,0.5647,0.5294,0.9677,2.64,6,0,1,0
02_SS3-98-C_comp,madmom+cnnlstm+tau0.7,6,6,16,0.7629,0.7629,0.7153,0.9677,2.64,3,0,1,0
02_SS3-98-C_comp,madmom+cnnlstm+demucs,5,5,16,0.9454,0.8794,0.8244,0.9677,13.15,0,0,1,0
02_SS3-98-C_comp,madmom+cnnlstm+demucs+tau0.3,14,13,16,0.1822,0.1822,0.2332,0.9677,13.25,13,0,1,0
02_SS3-98-C_comp,madmom+cnnlstm+demucs+tau0.4,13,12,16,0.2985,0.2985,0.3422,0.9677,13.25,11,0,1,0
02_SS3-98-C_comp,madmom+cnnlstm+demucs+tau0.5,10,10,16,0.498,0.498,0.4669,0.9677,13.25,7,0,1,0
02_SS3-98-C_comp,madmom+cnnlstm+demucs+tau0.6,9,9,16,0.5647,0.5647,0.5294,0.9677,13.25,6,0,1,0
02_SS3-98-C_comp,madmom+cnnlstm+demucs+tau0.7,6,6,16,0.7629,0.7629,0.7153,0.9677,13.25,3,0,1,0
03_Rock1-130-A_comp,allinone+btc,10,8,12,0.8867,0.8615,0.6461,0.9565,35.74,0,0,1,0
03_Rock1-130-A_comp,allinone+btc+tau0.3,10,8,12,0.6145,0.7508,0.6463,0.9565,35.81,4,0,1,0
03_Rock1-130-A_comp,allinone+btc+tau0.4,10,8,12,0.8867,0.8615,0.6461,0.9565,35.81,1,0,1,0
03_Rock1-130-A_comp,allinone+btc+tau0.5,10,8,12,0.8867,0.8615,0.6461,0.9565,35.81,1,0,1,0
03_Rock1-130-A_comp,allinone+btc+tau0.6,10,8,12,0.8867,0.8615,0.6461,0.9565,35.81,0,0,1,0
03_Rock1-130-A_comp,allinone+btc+tau0.7,10,8,12,0.8867,0.8615,0.6461,0.9565,35.81,0,0,1,0
03_Rock1-130-A_comp,allinone+btc+demucs,9,7,12,0.9094,0.8892,0.6669,0.9565,41.98,0,0,1,0
03_Rock1-130-A_comp,allinone+btc+demucs+tau0.3,10,8,12,0.5465,0.6677,0.584,0.9565,42.05,5,0,1,0
03_Rock1-130-A_comp,allinone+btc+demucs+tau0.4,10,8,12,0.8188,0.7785,0.5838,0.9565,42.05,2,0,1,0
03_Rock1-130-A_comp,allinone+btc+demucs+tau0.5,9,7,12,0.9094,0.8892,0.6669,0.9565,42.05,1,0,1,0
03_Rock1-130-A_comp,allinone+btc+demucs+tau0.6,9,7,12,0.9094,0.8892,0.6669,0.9565,42.05,0,0,1,0
03_Rock1-130-A_comp,allinone+btc+demucs+tau0.7,9,7,12,0.9094,0.8892,0.6669,0.9565,42.05,0,0,1,0
03_Rock1-130-A_comp,allinone+cnnlstm,9,6,12,0.9329,0.9183,0.6887,0.9565,35.99,0,0,1,0
03_Rock1-130-A_comp,allinone+cnnlstm+tau0.3,10,8,12,0.4787,0.5851,0.5221,0.9565,36.06,6,0,1,0
03_Rock1-130-A_comp,allinone+cnnlstm+tau0.4,9,6,12,0.9329,0.9183,0.6887,0.9565,36.06,1,0,1,0
03_Rock1-130-A_comp,allinone+cnnlstm+tau0.5,9,6,12,0.9329,0.9183,0.6887,0.9565,36.06,1,0,1,0
03_Rock1-130-A_comp,allinone+cnnlstm+tau0.6,9,6,12,0.9329,0.9183,0.6887,0.9565,36.06,0,0,1,0
03_Rock1-130-A_comp,allinone+cnnlstm+tau0.7,9,6,12,0.9329,0.9183,0.6887,0.9565,36.06,0,0,1,0
03_Rock1-130-A_comp,allinone+cnnlstm+demucs,9,6,12,0.9329,0.9183,0.6887,0.9565,42.22,0,0,1,0
03_Rock1-130-A_comp,allinone+cnnlstm+demucs+tau0.3,10,8,12,0.4787,0.5851,0.5221,0.9565,42.28,6,0,1,0
03_Rock1-130-A_comp,allinone+cnnlstm+demucs+tau0.4,9,6,12,0.9329,0.9183,0.6887,0.9565,42.28,1,0,1,0
03_Rock1-130-A_comp,allinone+cnnlstm+demucs+tau0.5,9,6,12,0.9329,0.9183,0.6887,0.9565,42.28,1,0,1,0
03_Rock1-130-A_comp,allinone+cnnlstm+demucs+tau0.6,9,6,12,0.9329,0.9183,0.6887,0.9565,42.28,0,0,1,0
03_Rock1-130-A_comp,allinone+cnnlstm+demucs+tau0.7,9,6,12,0.9329,0.9183,0.6887,0.9565,42.28,0,0,1,0
03_Rock1-130-A_comp,madmom+btc,10,7,12,0.9083,0.8879,0.6658,0.9565,1.21,0,0,1,0
03_Rock1-130-A_comp,madmom+btc+tau0.3,10,7,12,0.6358,0.7771,0.666,0.9565,1.28,4,0,1,0
03_Rock1-130-A_comp,madmom+btc+tau0.4,10,7,12,0.9083,0.8879,0.6658,0.9565,1.28,1,0,1,0
03_Rock1-130-A_comp,madmom+btc+tau0.5,10,7,12,0.9083,0.8879,0.6658,0.9565,1.28,1,0,1,0
03_Rock1-130-A_comp,madmom+btc+tau0.6,10,7,12,0.9083,0.8879,0.6658,0.9565,1.28,0,0,1,0
03_Rock1-130-A_comp,madmom+btc+tau0.7,10,7,12,0.9083,0.8879,0.6658,0.9565,1.28,0,0,1,0
03_Rock1-130-A_comp,madmom+btc+demucs,9,6,12,0.9309,0.9156,0.6866,0.9565,7.45,0,0,1,0
03_Rock1-130-A_comp,madmom+btc+demucs+tau0.3,10,7,12,0.5678,0.694,0.6037,0.9565,7.51,5,0,1,0
03_Rock1-130-A_comp,madmom+btc+demucs+tau0.4,10,7,12,0.8403,0.8048,0.6035,0.9565,7.51,2,0,1,0
03_Rock1-130-A_comp,madmom+btc+demucs+tau0.5,9,6,12,0.9309,0.9156,0.6866,0.9565,7.51,1,0,1,0
03_Rock1-130-A_comp,madmom+btc+demucs+tau0.6,9,6,12,0.9309,0.9156,0.6866,0.9565,7.51,0,0,1,0
03_Rock1-130-A_comp,madmom+btc+demucs+tau0.7,9,6,12,0.9309,0.9156,0.6866,0.9565,7.51,0,0,1,0
03_Rock1-130-A_comp,madmom+cnnlstm,9,5,12,0.9555,0.9456,0.7091,0.9565,1.46,0,0,1,0
03_Rock1-130-A_comp,madmom+cnnlstm+tau0.3,10,7,12,0.5012,0.6127,0.5427,0.9565,1.53,6,0,1,0
03_Rock1-130-A_comp,madmom+cnnlstm+tau0.4,9,5,12,0.9555,0.9456,0.7091,0.9565,1.53,1,0,1,0
03_Rock1-130-A_comp,madmom+cnnlstm+tau0.5,9,5,12,0.9555,0.9456,0.7091,0.9565,1.53,1,0,1,0
03_Rock1-130-A_comp,madmom+cnnlstm+tau0.6,9,5,12,0.9555,0.9456,0.7091,0.9565,1.53,0,0,1,0
03_Rock1-130-A_comp,madmom+cnnlstm+tau0.7,9,5,12,0.9555,0.9456,0.7091,0.9565,1.53,0,0,1,0
03_Rock1-130-A_comp,madmom+cnnlstm+demucs,9,5,12,0.9555,0.9456,0.7091,0.9565,7.69,0,0,1,0
03_Rock1-130-A_comp,madmom+cnnlstm+demucs+tau0.3,10,7,12,0.5012,0.6127,0.5427,0.9565,7.75,6,0,1,0
03_Rock1-130-A_comp,madmom+cnnlstm+demucs+tau0.4,9,5,12,0.9555,0.9456,0.7091,0.9565,7.75,1,0,1,0
03_Rock1-130-A_comp,madmom+cnnlstm+demucs+tau0.5,9,5,12,0.9555,0.9456,0.7091,0.9565,7.75,1,0,1,0
03_Rock1-130-A_comp,madmom+cnnlstm+demucs+tau0.6,9,5,12,0.9555,0.9456,0.7091,0.9565,7.75,0,0,1,0
03_Rock1-130-A_comp,madmom+cnnlstm+demucs+tau0.7,9,5,12,0.9555,0.9456,0.7091,0.9565,7.75,0,0,1,0
03_Rock1-90-C#_comp,allinone+btc,12,12,12,0.5735,0.2757,0.2298,0.0,48.02,0,0,0,0
03_Rock1-90-C#_comp,allinone+btc+tau0.3,12,12,12,0.3009,0.2757,0.2298,0.0,48.11,5,0,0,0
03_Rock1-90-C#_comp,allinone+btc+tau0.4,12,12,12,0.3009,0.2757,0.2298,0.0,48.11,4,0,0,0
03_Rock1-90-C#_comp,allinone+btc+tau0.5,12,12,12,0.3009,0.2757,0.2298,0.0,48.11,4,0,0,0
03_Rock1-90-C#_comp,allinone+btc+tau0.6,12,12,12,0.3995,0.2757,0.2298,0.0,48.11,3,0,0,0
03_Rock1-90-C#_comp,allinone+btc+tau0.7,12,12,12,0.4749,0.2757,0.2298,0.0,48.11,2,0,0,0
03_Rock1-90-C#_comp,allinone+btc+demucs,12,12,12,0.5735,0.251,0.2092,0.0,57.34,0,0,0,0
03_Rock1-90-C#_comp,allinone+btc+demucs+tau0.3,12,12,12,0.3009,0.251,0.2092,0.0,57.43,5,0,0,0
03_Rock1-90-C#_comp,allinone+btc+demucs+tau0.4,12,12,12,0.3009,0.251,0.2092,0.0,57.43,4,0,0,0
03_Rock1-90-C#_comp,allinone+btc+demucs+tau0.5,12,12,12,0.3009,0.251,0.2092,0.0,57.43,4,0,0,0
03_Rock1-90-C#_comp,allinone+btc+demucs+tau0.6,12,12,12,0.3995,0.251,0.2092,0.0,57.43,3,0,0,0
03_Rock1-90-C#_comp,allinone+btc+demucs+tau0.7,12,12,12,0.4749,0.251,0.2092,0.0,57.43,2,0,0,0
03_Rock1-90-C#_comp,allinone+cnnlstm,12,12,12,0.9491,0.6514,0.5428,0.0,48.37,0,0,0,0
03_Rock1-90-C#_comp,allinone+cnnlstm+tau0.3,12,12,12,0.5232,0.4745,0.3954,0.0,48.47,6,0,0,0
03_Rock1-90-C#_comp,allinone+cnnlstm+tau0.4,12,12,12,0.6249,0.5761,0.4801,0.0,48.47,4,0,0,0
03_Rock1-90-C#_comp,allinone+cnnlstm+tau0.5,12,12,12,0.7001,0.6514,0.5428,0.0,48.47,3,0,0,0
03_Rock1-90-C#_comp,allinone+cnnlstm+tau0.6,12,12,12,0.7987,0.6514,0.5428,0.0,48.47,2,0,0,0
03_Rock1-90-C#_comp,allinone+cnnlstm+tau0.7,12,12,12,0.8741,0.6514,0.5428,0.0,48.47,1,0,0,0
03_Rock1-90-C#_comp,allinone+cnnlstm+demucs,12,12,12,0.9491,0.6514,0.5428,0.0,57.69,0,0,0,0
03_Rock1-90-C#_comp,allinone+cnnlstm+demucs+tau0.3,12,12,12,0.5232,0.4745,0.3954,0.0,57.77,6,0,0,0
03_Rock1-90-C#_comp,allinone+cnnlstm+demucs+tau0.4,12,12,12,0.6249,0.5761,0.4801,0.0,57.77,4,0,0,0
03_Rock1-90-C#_comp,allinone+cnnlstm+demucs+tau0.5,12,12,12,0.7001,0.6514,0.5428,0.0,57.77,3,0,0,0
03_Rock1-90-C#_comp,allinone+cnnlstm+demucs+tau0.6,12,12,12,0.7987,0.6514,0.5428,0.0,57.77,2,0,0,0
03_Rock1-90-C#_comp,allinone+cnnlstm+demucs+tau0.7,12,12,12,0.8741,0.6514,0.5428,0.0,57.77,1,0,0,0
03_Rock1-90-C#_comp,madmom+btc,12,12,12,0.5628,0.2524,0.2103,0.6286,1.7,0,0,0,0
03_Rock1-90-C#_comp,madmom+btc+tau0.3,12,12,12,0.2166,0.2029,0.1691,0.6286,1.79,9,0,0,0
03_Rock1-90-C#_comp,madmom+btc+tau0.4,12,12,12,0.2661,0.2524,0.2103,0.6286,1.79,7,0,0,0
03_Rock1-90-C#_comp,madmom+btc+tau0.5,12,12,12,0.2661,0.2524,0.2103,0.6286,1.79,7,0,0,0
03_Rock1-90-C#_comp,madmom+btc+tau0.6,12,12,12,0.3153,0.2524,0.2103,0.6286,1.79,6,0,0,0
03_Rock1-90-C#_comp,madmom+btc+tau0.7,12,12,12,0.4649,0.2524,0.2103,0.6286,1.79,3,0,0,0
03_Rock1-90-C#_comp,madmom+btc+demucs,12,12,12,0.5629,0.2524,0.2103,0.6286,11.02,0,0,0,0
03_Rock1-90-C#_comp,madmom+btc+demucs+tau0.3,12,12,12,0.1669,0.153,0.1275,0.6286,11.11,10,0,0,0
03_Rock1-90-C#_comp,madmom+btc+demucs+tau0.4,12,12,12,0.2662,0.2524,0.2103,0.6286,11.11,7,0,0,0
03_Rock1-90-C#_comp,madmom+btc+demucs+tau0.5,12,12,12,0.2662,0.2524,0.2103,0.6286,11.11,7,0,0,0
03_Rock1-90-C#_comp,madmom+btc+demucs+tau0.6,12,12,12,0.3656,0.2524,0.2103,0.6286,11.11,5,0,0,0
03_Rock1-90-C#_comp,madmom+btc+demucs+tau0.7,12,12,12,0.465,0.2524,0.2103,0.6286,11.11,3,0,0,0
03_Rock1-90-C#_comp,madmom+cnnlstm,12,12,12,0.9735,0.6769,0.5641,0.6286,2.05,0,0,0,0
03_Rock1-90-C#_comp,madmom+cnnlstm+tau0.3,12,12,12,0.476,0.4756,0.3964,0.6286,2.14,11,0,0,0
03_Rock1-90-C#_comp,madmom+cnnlstm+tau0.4,12,12,12,0.626,0.6256,0.5214,0.6286,2.14,7,0,0,0
03_Rock1-90-C#_comp,madmom+cnnlstm+tau0.5,12,12,12,0.626,0.6256,0.5214,0.6286,2.14,7,0,0,0
03_Rock1-90-C#_comp,madmom+cnnlstm+tau0.6,12,12,12,0.7264,0.6769,0.5641,0.6286,2.14,5,0,0,0
03_Rock1-90-C#_comp,madmom+cnnlstm+tau0.7,12,12,12,0.876,0.6769,0.5641,0.6286,2.14,2,0,0,0
03_Rock1-90-C#_comp,madmom+cnnlstm+demucs,12,12,12,0.9735,0.6769,0.5641,0.6286,11.37,0,0,0,0
03_Rock1-90-C#_comp,madmom+cnnlstm+demucs+tau0.3,12,12,12,0.389,0.3886,0.3239,0.6286,11.45,13,0,0,0
03_Rock1-90-C#_comp,madmom+cnnlstm+demucs+tau0.4,12,12,12,0.626,0.6256,0.5214,0.6286,11.45,7,0,0,0
03_Rock1-90-C#_comp,madmom+cnnlstm+demucs+tau0.5,12,12,12,0.6772,0.6769,0.5641,0.6286,11.45,6,0,0,0
03_Rock1-90-C#_comp,madmom+cnnlstm+demucs+tau0.6,12,12,12,0.7766,0.6769,0.5641,0.6286,11.45,4,0,0,0
03_Rock1-90-C#_comp,madmom+cnnlstm+demucs+tau0.7,12,12,12,0.876,0.6769,0.5641,0.6286,11.45,2,0,0,0
03_Rock2-142-D_comp,allinone+btc,10,7,16,0.8752,0.8752,0.7658,0.9677,42.28,0,0,0,0
03_Rock2-142-D_comp,allinone+btc+tau0.3,11,8,16,0.6604,0.6604,0.5779,0.9677,42.36,4,0,0,0
03_Rock2-142-D_comp,allinone+btc+tau0.4,10,7,16,0.7674,0.7674,0.6715,0.9677,42.36,2,0,0,0
03_Rock2-142-D_comp,allinone+btc+tau0.5,10,7,16,0.8219,0.8219,0.7192,0.9677,42.36,1,0,0,0
03_Rock2-142-D_comp,allinone+btc+tau0.6,10,7,16,0.8752,0.8752,0.7658,0.9677,42.36,0,0,0,0
03_Rock2-142-D_comp,allinone+btc+tau0.7,10,7,16,0.8752,0.8752,0.7658,0.9677,42.36,0,0,0,0
03_Rock2-142-D_comp,allinone+btc+demucs,10,7,16,0.8752,0.8752,0.7658,0.9677,49.99,0,0,0,0
03_Rock2-142-D_comp,allinone+btc+demucs+tau0.3,11,8,16,0.6604,0.6604,0.5779,0.9677,50.06,4,0,0,0
03_Rock2-142-D_comp,allinone+btc+demucs+tau0.4,10,7,16,0.7674,0.7674,0.6715,0.9677,50.06,2,0,0,0
03_Rock2-142-D_comp,allinone+btc+demucs+tau0.5,10,7,16,0.8219,0.8219,0.7192,0.9677,50.06,1,0,0,0
03_Rock2-142-D_comp,allinone+btc+demucs+tau0.6,10,7,16,0.8752,0.8752,0.7658,0.9677,50.06,0,0,0,0
03_Rock2-142-D_comp,allinone+btc+demucs+tau0.7,10,7,16,0.8752,0.8752,0.7658,0.9677,50.06,0,0,0,0
03_Rock2-142-D_comp,allinone+cnnlstm,9,5,16,0.925,0.925,0.8094,0.9677,42.6,0,0,0,0
03_Rock2-142-D_comp,allinone+cnnlstm+tau0.3,11,8,16,0.6583,0.6583,0.576,0.9677,42.68,4,0,0,0
03_Rock2-142-D_comp,allinone+cnnlstm+tau0.4,10,7,16,0.7289,0.7289,0.6378,0.9677,42.68,3,0,0,0
03_Rock2-142-D_comp,allinone+cnnlstm+tau0.5,10,7,16,0.7289,0.7289,0.6378,0.9677,42.68,3,0,0,0
03_Rock2-142-D_comp,allinone+cnnlstm+tau0.6,9,5,16,0.925,0.925,0.8094,0.9677,42.68,0,0,0,0
03_Rock2-142-D_comp,allinone+cnnlstm+tau0.7,9,5,16,0.925,0.925,0.8094,0.9677,42.68,0,0,0,0
03_Rock2-142-D_comp,allinone+cnnlstm+demucs,9,5,16,0.925,0.925,0.8094,0.9677,50.29,0,0,0,0
03_Rock2-142-D_comp,allinone+cnnlstm+demucs+tau0.3,11,8,16,0.6583,0.6583,0.576,0.9677,50.37,4,0,0,0
03_Rock2-142-D_comp,allinone+cnnlstm+demucs+tau0.4,10,7,16,0.7289,0.7289,0.6378,0.9677,50.37,3,0,0,0
03_Rock2-142-D_comp,allinone+cnnlstm+demucs+tau0.5,10,7,16,0.7289,0.7289,0.6378,0.9677,50.37,3,0,0,0
03_Rock2-142-D_comp,allinone+cnnlstm+demucs+tau0.6,9,5,16,0.925,0.925,0.8094,0.9677,50.37,0,0,0,0
03_Rock2-142-D_comp,allinone+cnnlstm+demucs+tau0.7,9,5,16,0.925,0.925,0.8094,0.9677,50.37,0,0,0,0
03_Rock2-142-D_comp,madmom+btc,9,6,16,0.9106,0.9106,0.7968,1.0,1.45,0,0,0,0
03_Rock2-142-D_comp,madmom+btc+tau0.3,10,7,16,0.6951,0.6951,0.6082,1.0,1.53,4,0,0,0
03_Rock2-142-D_comp,madmom+btc+tau0.4,9,6,16,0.8025,0.8025,0.7022,1.0,1.53,2,0,0,0
03_Rock2-142-D_comp,madmom+btc+tau0.5,9,6,16,0.857,0.857,0.7498,1.0,1.53,1,0,0,0
03_Rock2-142-D_comp,madmom+btc+tau0.6,9,6,16,0.9106,0.9106,0.7968,1.0,1.53,0,0,0,0
03_Rock2-142-D_comp,madmom+btc+tau0.7,9,6,16,0.9106,0.9106,0.7968,1.0,1.53,0,0,0,0
03_Rock2-142-D_comp,madmom+btc+demucs,9,6,16,0.9106,0.9106,0.7968,1.0,9.16,0,0,0,0
03_Rock2-142-D_comp,madmom+btc+demucs+tau0.3,10,7,16,0.6951,0.6951,0.6082,1.0,9.24,4,0,0,0
03_Rock2-142-D_comp,madmom+btc+demucs+tau0.4,9,6,16,0.8025,0.8025,0.7022,1.0,9.24,2,0,0,0
03_Rock2-142-D_comp,madmom+btc+demucs+tau0.5,9,6,16,0.857,0.857,0.7498,1.0,9.24,1,0,0,0
03_Rock2-142-D_comp,madmom+btc+demucs+tau0.6,9,6,16,0.9106,0.9106,0.7968,1.0,9.24,0,0,0,0
03_Rock2-142-D_comp,madmom+btc+demucs+tau0.7,9,6,16,0.9106,0.9106,0.7968,1.0,9.24,0,0,0,0
03_Rock2-142-D_comp,madmom+cnnlstm,8,4,16,0.9613,0.9613,0.8411,1.0,1.77,0,0,0,0
03_Rock2-142-D_comp,madmom+cnnlstm+tau0.3,10,7,16,0.693,0.693,0.6063,1.0,1.85,4,0,0,0
03_Rock2-142-D_comp,madmom+cnnlstm+tau0.4,9,6,16,0.7636,0.7636,0.6681,1.0,1.85,3,0,0,0
03_Rock2-142-D_comp,madmom+cnnlstm+tau0.5,9,6,16,0.7636,0.7636,0.6681,1.0,1.85,3,0,0,0
03_Rock2-142-D_comp,madmom+cnnlstm+tau0.6,8,4,16,0.9613,0.9613,0.8411,1.0,1.85,0,0,0,0
03_Rock2-142-D_comp,madmom+cnnlstm+tau0.7,8,4,16,0.9613,0.9613,0.8411,1.0,1.85,0,0,0,0
03_Rock2-142-D_comp,madmom+cnnlstm+demucs,8,4,16,0.9613,0.9613,0.8411,1.0,9.46,0,0,0,0
03_Rock2-142-D_comp,madmom+cnnlstm+demucs+tau0.3,10,7,16,0.693,0.693,0.6063,1.0,9.54,4,0,0,0
03_Rock2-142-D_comp,madmom+cnnlstm+demucs+tau0.4,9,6,16,0.7636,0.7636,0.6681,1.0,9.54,3,0,0,0
03_Rock2-142-D_comp,madmom+cnnlstm+demucs+tau0.5,9,6,16,0.7636,0.7636,0.6681,1.0,9.54,3,0,0,0
03_Rock2-142-D_comp,madmom+cnnlstm+demucs+tau0.6,8,4,16,0.9613,0.9613,0.8411,1.0,9.54,0,0,0,0
03_Rock2-142-D_comp,madmom+cnnlstm+demucs+tau0.7,8,4,16,0.9613,0.9613,0.8411,1.0,9.54,0,0,0,0
03_Rock2-85-F_comp,allinone+btc,11,10,16,0.666,0.6064,0.4323,0.9677,63.2,0,0,0,0
03_Rock2-85-F_comp,allinone+btc+tau0.3,13,13,16,0.2846,0.3364,0.2467,0.9677,63.32,5,0,0,0
03_Rock2-85-F_comp,allinone+btc+tau0.4,13,13,16,0.4375,0.3364,0.2467,0.9677,63.32,3,0,0,0
03_Rock2-85-F_comp,allinone+btc+tau0.5,13,12,16,0.5142,0.427,0.309,0.9677,63.32,2,0,0,0
03_Rock2-85-F_comp,allinone+btc+tau0.6,11,10,16,0.666,0.6064,0.4323,0.9677,63.32,0,0,0,0
03_Rock2-85-F_comp,allinone+btc+tau0.7,11,10,16,0.666,0.6064,0.4323,0.9677,63.32,0,0,0,0
03_Rock2-85-F_comp,allinone+btc+demucs,11,10,16,0.6848,0.6286,0.4476,0.9677,75.28,0,0,0,0
03_Rock2-85-F_comp,allinone+btc+demucs+tau0.3,13,13,16,0.3034,0.3586,0.262,0.9677,75.4,5,0,0,0
03_Rock2-85-F_comp,allinone+btc+demucs+tau0.4,13,13,16,0.4563,0.3586,0.262,0.9677,75.4,3,0,0,0
03_Rock2-85-F_comp,allinone+btc+demucs+tau0.5,13,12,16,0.533,0.4492,0.3243,0.9677,75.4,2,0,0,0
03_Rock2-85-F_comp,allinone+btc+demucs+tau0.6,11,10,16,0.6848,0.6286,0.4476,0.9677,75.4,0,0,0,0
03_Rock2-85-F_comp,allinone+btc+demucs+tau0.7,11,10,16,0.6848,0.6286,0.4476,0.9677,75.4,0,0,0,0
03_Rock2-85-F_comp,allinone+cnnlstm,10,9,16,0.8387,0.7871,0.5411,0.9677,63.72,0,0,0,0
03_Rock2-85-F_comp,allinone+cnnlstm+tau0.3,14,14,16,0.2653,0.29,0.1994,0.9677,63.84,8,0,0,0
03_Rock2-85-F_comp,allinone+cnnlstm+tau0.4,14,14,16,0.4181,0.29,0.1994,0.9677,63.84,6,0,0,0
03_Rock2-85-F_comp,allinone+cnnlstm+tau0.5,14,13,16,0.4948,0.3806,0.2617,0.9677,63.84,5,0,0,0
03_Rock2-85-F_comp,allinone+cnnlstm+tau0.6,12,11,16,0.6466,0.5601,0.385,0.9677,63.84,3,0,0,0
03_Rock2-85-F_comp,allinone+cnnlstm+tau0.7,11,10,16,0.7619,0.6963,0.4787,0.9677,63.84,1,0,0,0
03_Rock2-85-F_comp,allinone+cnnlstm+demucs,10,9,16,0.8387,0.7871,0.5411,0.9677,75.78,0,0,0,0
03_Rock2-85-F_comp,allinone+cnnlstm+demucs+tau0.3,14,14,16,0.2653,0.29,0.1994,0.9677,75.9,8,0,0,0
03_Rock2-85-F_comp,allinone+cnnlstm+demucs+tau0.4,14,14,16,0.4181,0.29,0.1994,0.9677,75.9,6,0,0,0
03_Rock2-85-F_comp,allinone+cnnlstm+demucs+tau0.5,14,13,16,0.4948,0.3806,0.2617,0.9677,75.9,5,0,0,0
03_Rock2-85-F_comp,allinone+cnnlstm+demucs+tau0.6,12,11,16,0.6466,0.5601,0.385,0.9677,75.9,3,0,0,0
03_Rock2-85-F_comp,allinone+cnnlstm+demucs+tau0.7,11,10,16,0.7619,0.6963,0.4787,0.9677,75.9,1,0,0,0
03_Rock2-85-F_comp,madmom+btc,16,16,16,0.6762,0.6188,0.4406,0.0,2.33,0,0,0,0
03_Rock2-85-F_comp,madmom+btc+tau0.3,16,16,16,0.4008,0.3613,0.2636,0.0,2.45,9,0,0,0
03_Rock2-85-F_comp,madmom+btc+tau0.4,16,16,16,0.4771,0.3835,0.2789,0.0,2.45,6,0,0,0
03_Rock2-85-F_comp,madmom+btc+tau0.5,16,16,16,0.5334,0.4501,0.3246,0.0,2.45,4,0,0,0
03_Rock2-85-F_comp,madmom+btc+tau0.6,16,16,16,0.6762,0.6188,0.4406,0.0,2.45,0,0,0,0
03_Rock2-85-F_comp,madmom+btc+tau0.7,16,16,16,0.6762,0.6188,0.4406,0.0,2.45,0,0,0,0
03_Rock2-85-F_comp,madmom+btc+demucs,16,16,16,0.6762,0.6188,0.4406,0.0,14.41,0,0,0,0
03_Rock2-85-F_comp,madmom+btc+demucs+tau0.3,16,16,16,0.4008,0.3613,0.2636,0.0,14.53,9,0,0,0
03_Rock2-85-F_comp,madmom+btc+demucs+tau0.4,16,16,16,0.4771,0.3835,0.2789,0.0,14.53,6,0,0,0
03_Rock2-85-F_comp,madmom+btc+demucs+tau0.5,16,16,16,0.5334,0.4501,0.3246,0.0,14.53,4,0,0,0
03_Rock2-85-F_comp,madmom+btc+demucs+tau0.6,16,16,16,0.6762,0.6188,0.4406,0.0,14.53,0,0,0,0
03_Rock2-85-F_comp,madmom+btc+demucs+tau0.7,16,16,16,0.6762,0.6188,0.4406,0.0,14.53,0,0,0,0
03_Rock2-85-F_comp,madmom+cnnlstm,16,16,16,0.914,0.8651,0.5947,0.0,2.85,0,0,0,0
03_Rock2-85-F_comp,madmom+cnnlstm+tau0.3,16,16,16,0.4357,0.3677,0.2528,0.0,2.97,14,0,0,0
03_Rock2-85-F_comp,madmom+cnnlstm+tau0.4,16,16,16,0.4932,0.3677,0.2528,0.0,2.97,12,0,0,0
03_Rock2-85-F_comp,madmom+cnnlstm+tau0.5,16,16,16,0.5495,0.4343,0.2986,0.0,2.97,10,0,0,0
03_Rock2-85-F_comp,madmom+cnnlstm+tau0.6,16,16,16,0.7702,0.6951,0.4779,0.0,2.97,4,0,0,0
03_Rock2-85-F_comp,madmom+cnnlstm+tau0.7,16,16,16,0.808,0.7398,0.5086,0.0,2.97,3,0,0,0
03_Rock2-85-F_comp,madmom+cnnlstm+demucs,16,16,16,0.9045,0.8538,0.587,0.0,14.92,0,0,0,0
03_Rock2-85-F_comp,madmom+cnnlstm+demucs+tau0.3,16,16,16,0.4261,0.3564,0.245,0.0,15.03,14,0,0,0
03_Rock2-85-F_comp,madmom+cnnlstm+demucs+tau0.4,16,16,16,0.4836,0.3564,0.245,0.0,15.03,12,0,0,0
03_Rock2-85-F_comp,madmom+cnnlstm+demucs+tau0.5,16,16,16,0.54,0.423,0.2908,0.0,15.03,10,0,0,0
03_Rock2-85-F_comp,madmom+cnnlstm+demucs+tau0.6,16,16,16,0.7606,0.6838,0.4701,0.0,15.03,4,0,0,0
03_Rock2-85-F_comp,madmom+cnnlstm+demucs+tau0.7,16,16,16,0.7985,0.7286,0.5009,0.0,15.03,3,0,0,0
03_Rock3-117-Bb_comp,allinone+btc,16,16,16,0.9791,0.9764,0.8544,0.0,49.1,0,0,0,0
03_Rock3-117-Bb_comp,allinone+btc+tau0.3,16,16,16,0.5156,0.4468,0.3909,0.0,49.19,10,0,0,0
03_Rock3-117-Bb_comp,allinone+btc+tau0.4,16,16,16,0.6077,0.552,0.483,0.0,49.19,8,0,0,0
03_Rock3-117-Bb_comp,allinone+btc+tau0.5,16,16,16,0.6077,0.552,0.483,0.0,49.19,8,0,0,0
03_Rock3-117-Bb_comp,allinone+btc+tau0.6,16,16,16,0.7005,0.6581,0.5758,0.0,49.19,6,0,0,0
03_Rock3-117-Bb_comp,allinone+btc+tau0.7,16,16,16,0.7935,0.7643,0.6688,0.0,49.19,4,0,0,0
03_Rock3-117-Bb_comp,allinone+btc+demucs,16,16,16,0.9791,0.9764,0.8544,0.0,58.24,0,0,0,0
03_Rock3-117-Bb_comp,allinone+btc+demucs+tau0.3,16,16,16,0.5156,0.4468,0.3909,0.0,58.33,10,0,0,0
03_Rock3-117-Bb_comp,allinone+btc+demucs+tau0.4,16,16,16,0.6077,0.552,0.483,0.0,58.33,8,0,0,0
03_Rock3-117-Bb_comp,allinone+btc+demucs+tau0.5,16,16,16,0.6077,0.552,0.483,0.0,58.33,8,0,0,0
03_Rock3-117-Bb_comp,allinone+btc+demucs+tau0.6,16,16,16,0.7005,0.6581,0.5758,0.0,58.33,6,0,0,0
03_Rock3-117-Bb_comp,allinone+btc+demucs+tau0.7,16,16,16,0.7935,0.7643,0.6688,0.0,58.33,4,0,0,0
03_Rock3-117-Bb_comp,allinone+cnnlstm,16,16,16,0.9477,0.9406,0.823,0.0,49.47,0,0,0,0
03_Rock3-117-Bb_comp,allinone+cnnlstm+tau0.3,16,16,16,0.4842,0.4109,0.3596,0.0,49.56,10,0,0,0
03_Rock3-117-Bb_comp,allinone+cnnlstm+tau0.4,16,16,16,0.5763,0.5161,0.4516,0.0,49.56,8,0,0,0
03_Rock3-117-Bb_comp,allinone+cnnlstm+tau0.5,16,16,16,0.5763,0.5161,0.4516,0.0,49.56,8,0,0,0
03_Rock3-117-Bb_comp,allinone+cnnlstm+tau0.6,16,16,16,0.6691,0.6222,0.5445,0.0,49.56,6,0,0,0
03_Rock3-117-Bb_comp,allinone+cnnlstm+tau0.7,16,16,16,0.7621,0.7285,0.6374,0.0,49.56,4,0,0,0
03_Rock3-117-Bb_comp,allinone+cnnlstm+demucs,16,16,16,0.9635,0.9587,0.8388,0.0,58.6,0,0,0,0
03_Rock3-117-Bb_comp,allinone+cnnlstm+demucs+tau0.3,16,16,16,0.5001,0.429,0.3754,0.0,58.69,10,0,0,0
03_Rock3-117-Bb_comp,allinone+cnnlstm+demucs+tau0.4,16,16,16,0.5921,0.5343,0.4675,0.0,58.69,8,0,0,0
03_Rock3-117-Bb_comp,allinone+cnnlstm+demucs+tau0.5,16,16,16,0.5921,0.5343,0.4675,0.0,58.69,8,0,0,0
03_Rock3-117-Bb_comp,allinone+cnnlstm+demucs+tau0.6,16,16,16,0.685,0.6404,0.5603,0.0,58.69,6,0,0,0
03_Rock3-117-Bb_comp,allinone+cnnlstm+demucs+tau0.7,16,16,16,0.7779,0.7466,0.6532,0.0,58.69,4,0,0,0
03_Rock3-117-Bb_comp,madmom+btc,16,16,16,0.9638,0.9594,0.8394,0.0,1.73,0,0,0,0
03_Rock3-117-Bb_comp,madmom+btc+tau0.3,16,16,16,0.5168,0.4485,0.3925,0.0,1.83,10,0,0,0
03_Rock3-117-Bb_comp,madmom+btc+tau0.4,16,16,16,0.5629,0.5011,0.4385,0.0,1.83,9,0,0,0
03_Rock3-117-Bb_comp,madmom+btc+tau0.5,16,16,16,0.5943,0.537,0.4699,0.0,1.83,8,0,0,0
03_Rock3-117-Bb_comp,madmom+btc+tau0.6,16,16,16,0.6868,0.6428,0.5624,0.0,1.83,6,0,0,0
03_Rock3-117-Bb_comp,madmom+btc+tau0.7,16,16,16,0.7791,0.7483,0.6548,0.0,1.83,4,0,0,0
03_Rock3-117-Bb_comp,madmom+btc+demucs,16,16,16,0.9638,0.9594,0.8394,0.0,10.88,0,0,0,0
03_Rock3-117-Bb_comp,madmom+btc+demucs+tau0.3,16,16,16,0.5168,0.4485,0.3925,0.0,10.97,10,0,0,0
03_Rock3-117-Bb_comp,madmom+btc+demucs+tau0.4,16,16,16,0.5629,0.5011,0.4385,0.0,10.97,9,0,0,0
03_Rock3-117-Bb_comp,madmom+btc+demucs+tau0.5,16,16,16,0.5943,0.537,0.4699,0.0,10.97,8,0,0,0
03_Rock3-117-Bb_comp,madmom+btc+demucs+tau0.6,16,16,16,0.6868,0.6428,0.5624,0.0,10.97,6,0,0,0
03_Rock3-117-Bb_comp,madmom+btc+demucs+tau0.7,16,16,16,0.7791,0.7483,0.6548,0.0,10.97,4,0,0,0
03_Rock3-117-Bb_comp,madmom+cnnlstm,16,16,16,0.9315,0.9225,0.8071,0.0,2.1,0,0,0,0
03_Rock3-117-Bb_comp,madmom+cnnlstm+tau0.3,16,16,16,0.4845,0.4116,0.3602,0.0,2.2,10,0,0,0
03_Rock3-117-Bb_comp,madmom+cnnlstm+tau0.4,16,16,16,0.5306,0.4642,0.4062,0.0,2.2,9,0,0,0
03_Rock3-117-Bb_comp,madmom+cnnlstm+tau0.5,16,16,16,0.562,0.5001,0.4376,0.0,2.2,8,0,0,0
03_Rock3-117-Bb_comp,madmom+cnnlstm+tau0.6,16,16,16,0.6545,0.6059,0.5301,0.0,2.2,6,0,0,0
03_Rock3-117-Bb_comp,madmom+cnnlstm+tau0.7,16,16,16,0.7468,0.7114,0.6225,0.0,2.2,4,0,0,0
03_Rock3-117-Bb_comp,madmom+cnnlstm+demucs,16,16,16,0.9477,0.9409,0.8233,0.0,11.24,0,0,0,0
03_Rock3-117-Bb_comp,madmom+cnnlstm+demucs+tau0.3,16,16,16,0.5007,0.4301,0.3763,0.0,11.33,10,0,0,0
03_Rock3-117-Bb_comp,madmom+cnnlstm+demucs+tau0.4,16,16,16,0.5467,0.4827,0.4223,0.0,11.33,9,0,0,0
03_Rock3-117-Bb_comp,madmom+cnnlstm+demucs+tau0.5,16,16,16,0.5781,0.5186,0.4538,0.0,11.33,8,0,0,0
03_Rock3-117-Bb_comp,madmom+cnnlstm+demucs+tau0.6,16,16,16,0.6707,0.6243,0.5463,0.0,11.33,6,0,0,0
03_Rock3-117-Bb_comp,madmom+cnnlstm+demucs+tau0.7,16,16,16,0.763,0.7298,0.6386,0.0,11.33,4,0,0,0
03_Rock3-148-C_comp,allinone+btc,11,11,16,0.7241,0.6764,0.6764,0.0,40.98,0,0,0,0
03_Rock3-148-C_comp,allinone+btc+tau0.3,15,15,16,0.3794,0.3317,0.3317,0.0,41.06,6,0,0,0
03_Rock3-148-C_comp,allinone+btc+tau0.4,15,15,16,0.3794,0.3317,0.3317,0.0,41.06,6,0,0,0
03_Rock3-148-C_comp,allinone+btc+tau0.5,15,15,16,0.4743,0.4266,0.4266,0.0,41.06,4,0,0,0
03_Rock3-148-C_comp,allinone+btc+tau0.6,15,15,16,0.4743,0.4266,0.4266,0.0,41.06,4,0,0,0
03_Rock3-148-C_comp,allinone+btc+tau0.7,15,15,16,0.4743,0.4266,0.4266,0.0,41.06,4,0,0,0
03_Rock3-148-C_comp,allinone+btc+demucs,11,11,16,0.7241,0.6764,0.6764,0.0,48.77,0,0,0,0
03_Rock3-148-C_comp,allinone+btc+demucs+tau0.3,15,15,16,0.3794,0.3317,0.3317,0.0,48.85,6,0,0,0
03_Rock3-148-C_comp,allinone+btc+demucs+tau0.4,15,15,16,0.3794,0.3317,0.3317,0.0,48.85,6,0,0,0
03_Rock3-148-C_comp,allinone+btc+demucs+tau0.5,15,15,16,0.4743,0.4266,0.4266,0.0,48.85,4,0,0,0
03_Rock3-148-C_comp,allinone+btc+demucs+tau0.6,15,15,16,0.4743,0.4266,0.4266,0.0,48.85,4,0,0,0
03_Rock3-148-C_comp,allinone+btc+demucs+tau0.7,15,15,16,0.4743,0.4266,0.4266,0.0,48.85,4,0,0,0
03_Rock3-148-C_comp,allinone+cnnlstm,12,12,16,0.7225,0.6748,0.6748,0.0,41.28,0,0,0,0
03_Rock3-148-C_comp,allinone+cnnlstm+tau0.3,16,16,16,0.3777,0.33,0.33,0.0,41.35,6,0,0,0
03_Rock3-148-C_comp,allinone+cnnlstm+tau0.4,16,16,16,0.3777,0.33,0.33,0.0,41.35,6,0,0,0
03_Rock3-148-C_comp,allinone+cnnlstm+tau0.5,16,16,16,0.4726,0.4249,0.4249,0.0,41.35,4,0,0,0
03_Rock3-148-C_comp,allinone+cnnlstm+tau0.6,16,16,16,0.4726,0.4249,0.4249,0.0,41.35,4,0,0,0
03_Rock3-148-C_comp,allinone+cnnlstm+tau0.7,16,16,16,0.4726,0.4249,0.4249,0.0,41.35,4,0,0,0
03_Rock3-148-C_comp,allinone+cnnlstm+demucs,12,12,16,0.7225,0.6748,0.6748,0.0,49.05,0,0,0,0
03_Rock3-148-C_comp,allinone+cnnlstm+demucs+tau0.3,16,16,16,0.3777,0.33,0.33,0.0,49.13,6,0,0,0
03_Rock3-148-C_comp,allinone+cnnlstm+demucs+tau0.4,16,16,16,0.3777,0.33,0.33,0.0,49.13,6,0,0,0
03_Rock3-148-C_comp,allinone+cnnlstm+demucs+tau0.5,16,16,16,0.4726,0.4249,0.4249,0.0,49.13,4,0,0,0
03_Rock3-148-C_comp,allinone+cnnlstm+demucs+tau0.6,16,16,16,0.4726,0.4249,0.4249,0.0,49.13,4,0,0,0
03_Rock3-148-C_comp,allinone+cnnlstm+demucs+tau0.7,16,16,16,0.4726,0.4249,0.4249,0.0,49.13,4,0,0,0
03_Rock3-148-C_comp,madmom+btc,16,16,16,0.9016,0.8393,0.8393,0.0,1.4,0,0,0,0
03_Rock3-148-C_comp,madmom+btc+tau0.3,16,16,16,0.3716,0.3558,0.3558,0.0,1.47,14,0,0,0
03_Rock3-148-C_comp,madmom+btc+tau0.4,16,16,16,0.4642,0.4484,0.4484,0.0,1.47,12,0,0,0
03_Rock3-148-C_comp,madmom+btc+tau0.5,16,16,16,0.5745,0.5587,0.5587,0.0,1.47,9,0,0,0
03_Rock3-148-C_comp,madmom+btc+tau0.6,16,16,16,0.6843,0.622,0.622,0.0,1.47,6,0,0,0
03_Rock3-148-C_comp,madmom+btc+tau0.7,16,16,16,0.7305,0.6683,0.6683,0.0,1.47,5,0,0,0
03_Rock3-148-C_comp,madmom+btc+demucs,16,16,16,0.9016,0.8393,0.8393,0.0,9.19,0,0,0,0
03_Rock3-148-C_comp,madmom+btc+demucs+tau0.3,16,16,16,0.3716,0.3558,0.3558,0.0,9.27,14,0,0,0
03_Rock3-148-C_comp,madmom+btc+demucs+tau0.4,16,16,16,0.4642,0.4484,0.4484,0.0,9.27,12,0,0,0
03_Rock3-148-C_comp,madmom+btc+demucs+tau0.5,16,16,16,0.5745,0.5587,0.5587,0.0,9.27,9,0,0,0
03_Rock3-148-C_comp,madmom+btc+demucs+tau0.6,16,16,16,0.6843,0.622,0.622,0.0,9.27,6,0,0,0
03_Rock3-148-C_comp,madmom+btc+demucs+tau0.7,16,16,16,0.7463,0.684,0.684,0.0,9.27,4,0,0,0
03_Rock3-148-C_comp,madmom+cnnlstm,16,16,16,0.9478,0.8855,0.8855,0.0,1.69,0,0,0,0
03_Rock3-148-C_comp,madmom+cnnlstm+tau0.3,16,16,16,0.3872,0.3714,0.3714,0.0,1.77,14,0,0,0
03_Rock3-148-C_comp,madmom+cnnlstm+tau0.4,16,16,16,0.5261,0.5103,0.5103,0.0,1.77,11,0,0,0
03_Rock3-148-C_comp,madmom+cnnlstm+tau0.5,16,16,16,0.6364,0.6206,0.6206,0.0,1.77,8,0,0,0
03_Rock3-148-C_comp,madmom+cnnlstm+tau0.6,16,16,16,0.7462,0.684,0.684,0.0,1.77,5,0,0,0
03_Rock3-148-C_comp,madmom+cnnlstm+tau0.7,16,16,16,0.7925,0.7302,0.7302,0.0,1.77,4,0,0,0
03_Rock3-148-C_comp,madmom+cnnlstm+demucs,16,16,16,0.9478,0.8855,0.8855,0.0,9.47,0,0,0,0
03_Rock3-148-C_comp,madmom+cnnlstm+demucs+tau0.3,16,16,16,0.3872,0.3714,0.3714,0.0,9.55,14,0,0,0
03_Rock3-148-C_comp,madmom+cnnlstm+demucs+tau0.4,16,16,16,0.5261,0.5103,0.5103,0.0,9.55,11,0,0,0
03_Rock3-148-C_comp,madmom+cnnlstm+demucs+tau0.5,16,16,16,0.6364,0.6206,0.6206,0.0,9.55,8,0,0,0
03_Rock3-148-C_comp,madmom+cnnlstm+demucs+tau0.6,16,16,16,0.7462,0.684,0.684,0.0,9.55,5,0,0,0
03_Rock3-148-C_comp,madmom+cnnlstm+demucs+tau0.7,16,16,16,0.7925,0.7302,0.7302,0.0,9.55,4,0,0,0
03_SS1-100-C#_comp,allinone+btc,7,7,12,0.8238,0.7807,0.5205,0.8,43.46,0,0,0,0
03_SS1-100-C#_comp,allinone+btc+tau0.3,12,12,12,0.0496,0.062,0.0413,0.8,43.54,8,0,0,0
03_SS1-100-C#_comp,allinone+btc+tau0.4,9,9,12,0.4492,0.437,0.2913,0.8,43.54,4,0,0,0
03_SS1-100-C#_comp,allinone+btc+tau0.5,9,9,12,0.5487,0.437,0.2913,0.8,43.54,3,0,0,0
03_SS1-100-C#_comp,allinone+btc+tau0.6,9,9,12,0.5487,0.437,0.2913,0.8,43.54,3,0,0,0
03_SS1-100-C#_comp,allinone+btc+tau0.7,9,9,12,0.5487,0.437,0.2913,0.8,43.54,3,0,0,0
03_SS1-100-C#_comp,allinone+btc+demucs,7,7,12,0.8238,0.7807,0.5205,0.8,51.13,0,0,0,0
03_SS1-100-C#_comp,allinone+btc+demucs+tau0.3,12,12,12,0.0496,0.062,0.0413,0.8,51.21,8,0,0,0
03_SS1-100-C#_comp,allinone+btc+demucs+tau0.4,9,9,12,0.4492,0.437,0.2913,0.8,51.21,4,0,0,0
03_SS1-100-C#_comp,allinone+btc+demucs+tau0.5,9,9,12,0.5487,0.437,0.2913,0.8,51.21,3,0,0,0
03_SS1-100-C#_comp,allinone+btc+demucs+tau0.6,9,9,12,0.5487,0.437,0.2913,0.8,51.21,3,0,0,0
03_SS1-100-C#_comp,allinone+btc+demucs+tau0.7,9,9,12,0.5487,0.437,0.2913,0.8,51.21,3,0,0,0
03_SS1-100-C#_comp,allinone+cnnlstm,7,7,12,0.8238,0.7807,0.5205,0.8,43.81,0,0,0,0
03_SS1-100-C#_comp,allinone+cnnlstm+tau0.3,12,12,12,0.0496,0.062,0.0413,0.8,43.89,8,0,0,0
03_SS1-100-C#_comp,allinone+cnnlstm+tau0.4,9,9,12,0.4492,0.437,0.2913,0.8,43.89,4,0,0,0
03_SS1-100-C#_comp,allinone+cnnlstm+tau0.5,9,9,12,0.5487,0.437,0.2913,0.8,43.89,3,0,0,0
03_SS1-100-C#_comp,allinone+cnnlstm+tau0.6,9,9,12,0.5487,0.437,0.2913,0.8,43.89,3,0,0,0
03_SS1-100-C#_comp,allinone+cnnlstm+tau0.7,9,9,12,0.5487,0.437,0.2913,0.8,43.89,3,0,0,0
03_SS1-100-C#_comp,allinone+cnnlstm+demucs,7,7,12,0.8238,0.7807,0.5205,0.8,51.47,0,0,0,0
03_SS1-100-C#_comp,allinone+cnnlstm+demucs+tau0.3,12,12,12,0.0496,0.062,0.0413,0.8,51.55,8,0,0,0
03_SS1-100-C#_comp,allinone+cnnlstm+demucs+tau0.4,9,9,12,0.4492,0.437,0.2913,0.8,51.55,4,0,0,0
03_SS1-100-C#_comp,allinone+cnnlstm+demucs+tau0.5,9,9,12,0.5487,0.437,0.2913,0.8,51.55,3,0,0,0
03_SS1-100-C#_comp,allinone+cnnlstm+demucs+tau0.6,9,9,12,0.5487,0.437,0.2913,0.8,51.55,3,0,0,0
03_SS1-100-C#_comp,allinone+cnnlstm+demucs+tau0.7,9,9,12,0.5487,0.437,0.2913,0.8,51.55,3,0,0,0
03_SS1-100-C#_comp,madmom+btc,5,5,12,0.9742,0.9693,0.6462,0.9565,1.53,0,0,0,0
03_SS1-100-C#_comp,madmom+btc+tau0.3,11,11,12,0.1758,0.2198,0.1465,0.9565,1.61,10,0,0,0
03_SS1-100-C#_comp,madmom+btc+tau0.4,8,8,12,0.575,0.5948,0.3965,0.9565,1.61,4,0,0,0
03_SS1-100-C#_comp,madmom+btc+tau0.5,8,8,12,0.6746,0.5948,0.3965,0.9565,1.61,3,0,0,0
03_SS1-100-C#_comp,madmom+btc+tau0.6,8,8,12,0.6746,0.5948,0.3965,0.9565,1.61,3,0,0,0
03_SS1-100-C#_comp,madmom+btc+tau0.7,8,8,12,0.6746,0.5948,0.3965,0.9565,1.61,3,0,0,0
03_SS1-100-C#_comp,madmom+btc+demucs,5,5,12,0.9742,0.9693,0.6462,0.9565,9.2,0,0,0,0
03_SS1-100-C#_comp,madmom+btc+demucs+tau0.3,11,11,12,0.1758,0.2198,0.1465,0.9565,9.28,10,0,0,0
03_SS1-100-C#_comp,madmom+btc+demucs+tau0.4,8,8,12,0.575,0.5948,0.3965,0.9565,9.28,4,0,0,0
03_SS1-100-C#_comp,madmom+btc+demucs+tau0.5,8,8,12,0.6746,0.5948,0.3965,0.9565,9.28,3,0,0,0
03_SS1-100-C#_comp,madmom+btc+demucs+tau0.6,8,8,12,0.6746,0.5948,0.3965,0.9565,9.28,3,0,0,0
03_SS1-100-C#_comp,madmom+btc+demucs+tau0.7,8,8,12,0.6746,0.5948,0.3965,0.9565,9.28,3,0,0,0
03_SS1-100-C#_comp,madmom+cnnlstm,5,5,12,0.9742,0.9693,0.6462,0.9565,1.88,0,0,0,0
03_SS1-100-C#_comp,madmom+cnnlstm+tau0.3,11,11,12,0.1758,0.2198,0.1465,0.9565,1.96,10,0,0,0
03_SS1-100-C#_comp,madmom+cnnlstm+tau0.4,8,8,12,0.575,0.5948,0.3965,0.9565,1.96,4,0,0,0
03_SS1-100-C#_comp,madmom+cnnlstm+tau0.5,8,8,12,0.6746,0.5948,0.3965,0.9565,1.96,3,0,0,0
03_SS1-100-C#_comp,madmom+cnnlstm+tau0.6,8,8,12,0.6746,0.5948,0.3965,0.9565,1.96,3,0,0,0
03_SS1-100-C#_comp,madmom+cnnlstm+tau0.7,8,8,12,0.6746,0.5948,0.3965,0.9565,1.96,3,0,0,0
03_SS1-100-C#_comp,madmom+cnnlstm+demucs,5,5,12,0.9742,0.9693,0.6462,0.9565,9.54,0,0,0,0
03_SS1-100-C#_comp,madmom+cnnlstm+demucs+tau0.3,11,11,12,0.1758,0.2198,0.1465,0.9565,9.61,10,0,0,0
03_SS1-100-C#_comp,madmom+cnnlstm+demucs+tau0.4,8,8,12,0.575,0.5948,0.3965,0.9565,9.61,4,0,0,0
03_SS1-100-C#_comp,madmom+cnnlstm+demucs+tau0.5,8,8,12,0.6746,0.5948,0.3965,0.9565,9.61,3,0,0,0
03_SS1-100-C#_comp,madmom+cnnlstm+demucs+tau0.6,8,8,12,0.6746,0.5948,0.3965,0.9565,9.61,3,0,0,0
03_SS1-100-C#_comp,madmom+cnnlstm+demucs+tau0.7,8,8,12,0.6746,0.5948,0.3965,0.9565,9.61,3,0,0,0
03_SS1-68-E_comp,allinone+btc,12,12,12,0.6649,0.5524,0.5524,0.6471,60.4,0,0,0,0
03_SS1-68-E_comp,allinone+btc+tau0.3,12,12,12,0.6363,0.5524,0.5524,0.6471,60.51,5,0,0,0
03_SS1-68-E_comp,allinone+btc+tau0.4,12,12,12,0.6363,0.5524,0.5524,0.6471,60.51,5,0,0,0
03_SS1-68-E_comp,allinone+btc+tau0.5,12,12,12,0.6649,0.5524,0.5524,0.6471,60.51,4,0,0,0
03_SS1-68-E_comp,allinone+btc+tau0.6,12,12,12,0.6649,0.5524,0.5524,0.6471,60.51,4,0,0,0
03_SS1-68-E_comp,allinone+btc+tau0.7,12,12,12,0.6649,0.5524,0.5524,0.6471,60.51,4,0,0,0
03_SS1-68-E_comp,allinone+btc+demucs,12,12,12,0.6231,0.5392,0.5392,0.6471,72.47,0,0,0,0
03_SS1-68-E_comp,allinone+btc+demucs+tau0.3,12,12,12,0.6231,0.5392,0.5392,0.6471,72.58,4,0,0,0
03_SS1-68-E_comp,allinone+btc+demucs+tau0.4,12,12,12,0.6231,0.5392,0.5392,0.6471,72.58,4,0,0,0
03_SS1-68-E_comp,allinone+btc+demucs+tau0.5,12,12,12,0.6231,0.5392,0.5392,0.6471,72.58,4,0,0,0
03_SS1-68-E_comp,allinone+btc+demucs+tau0.6,12,12,12,0.6231,0.5392,0.5392,0.6471,72.58,4,0,0,0
03_SS1-68-E_comp,allinone+btc+demucs+tau0.7,12,12,12,0.6231,0.5392,0.5392,0.6471,72.58,4,0,0,0
03_SS1-68-E_comp,allinone+cnnlstm,12,12,12,0.7914,0.7069,0.7069,0.6471,60.86,0,0,0,0
03_SS1-68-E_comp,allinone+cnnlstm+tau0.3,12,12,12,0.7069,0.7069,0.7069,0.6471,60.98,2,0,0,0
03_SS1-68-E_comp,allinone+cnnlstm+tau0.4,12,12,12,0.7069,0.7069,0.7069,0.6471,60.98,2,0,0,0
03_SS1-68-E_comp,allinone+cnnlstm+tau0.5,12,12,12,0.7069,0.7069,0.7069,0.6471,60.98,2,0,0,0
03_SS1-68-E_comp,allinone+cnnlstm+tau0.6,12,12,12,0.7069,0.7069,0.7069,0.6471,60.98,2,0,0,0
03_SS1-68-E_comp,allinone+cnnlstm+tau0.7,12,12,12,0.7484,0.7069,0.7069,0.6471,60.98,1,0,0,0
03_SS1-68-E_comp,allinone+cnnlstm+demucs,12,12,12,0.7631,0.6925,0.6925,0.6471,72.91,0,0,0,0
03_SS1-68-E_comp,allinone+cnnlstm+demucs+tau0.3,12,12,12,0.6925,0.6925,0.6925,0.6471,73.02,2,0,0,0
03_SS1-68-E_comp,allinone+cnnlstm+demucs+tau0.4,12,12,12,0.6925,0.6925,0.6925,0.6471,73.02,2,0,0,0
03_SS1-68-E_comp,allinone+cnnlstm+demucs+tau0.5,12,12,12,0.6925,0.6925,0.6925,0.6471,73.02,2,0,0,0
03_SS1-68-E_comp,allinone+cnnlstm+demucs+tau0.6,12,12,12,0.6925,0.6925,0.6925,0.6471,73.02,2,0,0,0
03_SS1-68-E_comp,allinone+cnnlstm+demucs+tau0.7,12,12,12,0.6925,0.6925,0.6925,0.6471,73.02,2,0,0,0
03_SS1-68-E_comp,madmom+btc,12,12,12,0.7345,0.5812,0.5812,0.6667,2.19,0,0,0,0
03_SS1-68-E_comp,madmom+btc+tau0.3,12,12,12,0.6647,0.5812,0.5812,0.6667,2.31,7,0,0,0
03_SS1-68-E_comp,madmom+btc+tau0.4,12,12,12,0.6647,0.5812,0.5812,0.6667,2.31,7,0,0,0
03_SS1-68-E_comp,madmom+btc+tau0.5,12,12,12,0.7345,0.5812,0.5812,0.6667,2.31,4,0,0,0
03_SS1-68-E_comp,madmom+btc+tau0.6,12,12,12,0.7345,0.5812,0.5812,0.6667,2.31,4,0,0,0
03_SS1-68-E_comp,madmom+btc+tau0.7,12,12,12,0.7345,0.5812,0.5812,0.6667,2.31,4,0,0,0
03_SS1-68-E_comp,madmom+btc+demucs,12,12,12,0.6925,0.5529,0.5529,0.6667,14.26,0,0,0,0
03_SS1-68-E_comp,madmom+btc+demucs+tau0.3,12,12,12,0.6512,0.5529,0.5529,0.6667,14.37,6,0,0,0
03_SS1-68-E_comp,madmom+btc+demucs+tau0.4,12,12,12,0.6512,0.5529,0.5529,0.6667,14.37,6,0,0,0
03_SS1-68-E_comp,madmom+btc+demucs+tau0.5,12,12,12,0.6925,0.5529,0.5529,0.6667,14.37,4,0,0,0
03_SS1-68-E_comp,madmom+btc+demucs+tau0.6,12,12,12,0.6925,0.5529,0.5529,0.6667,14.37,4,0,0,0
03_SS1-68-E_comp,madmom+btc+demucs+tau0.7,12,12,12,0.6925,0.5529,0.5529,0.6667,14.37,4,0,0,0
03_SS1-68-E_comp,madmom+cnnlstm,12,12,12,0.8723,0.7883,0.7883,0.6667,2.66,0,0,0,0
03_SS1-68-E_comp,madmom+cnnlstm+tau0.3,12,12,12,0.7883,0.7883,0.7883,0.6667,2.77,2,0,0,0
03_SS1-68-E_comp,madmom+cnnlstm+tau0.4,12,12,12,0.7883,0.7883,0.7883,0.6667,2.77,2,0,0,0
03_SS1-68-E_comp,madmom+cnnlstm+tau0.5,12,12,12,0.7883,0.7883,0.7883,0.6667,2.77,2,0,0,0
03_SS1-68-E_comp,madmom+cnnlstm+tau0.6,12,12,12,0.7883,0.7883,0.7883,0.6667,2.77,2,0,0,0
03_SS1-68-E_comp,madmom+cnnlstm+tau0.7,12,12,12,0.7883,0.7883,0.7883,0.6667,2.77,2,0,0,0
03_SS1-68-E_comp,madmom+cnnlstm+demucs,12,12,12,0.8445,0.7739,0.7739,0.6667,14.71,0,0,0,0
03_SS1-68-E_comp,madmom+cnnlstm+demucs+tau0.3,12,12,12,0.7739,0.7739,0.7739,0.6667,14.81,2,0,0,0
03_SS1-68-E_comp,madmom+cnnlstm+demucs+tau0.4,12,12,12,0.7739,0.7739,0.7739,0.6667,14.81,2,0,0,0
03_SS1-68-E_comp,madmom+cnnlstm+demucs+tau0.5,12,12,12,0.7739,0.7739,0.7739,0.6667,14.81,2,0,0,0
03_SS1-68-E_comp,madmom+cnnlstm+demucs+tau0.6,12,12,12,0.7739,0.7739,0.7739,0.6667,14.81,2,0,0,0
03_SS1-68-E_comp,madmom+cnnlstm+demucs+tau0.7,12,12,12,0.7739,0.7739,0.7739,0.6667,14.81,2,0,0,0
03_SS2-107-Ab_comp,allinone+btc,12,12,16,0.8861,0.7793,0.6332,0.0,53.34,0,0,0,0
03_SS2-107-Ab_comp,allinone+btc+tau0.3,13,13,16,0.5977,0.5877,0.4775,0.0,53.45,6,0,0,0
03_SS2-107-Ab_comp,allinone+btc+tau0.4,12,12,16,0.6557,0.6457,0.5246,0.0,53.45,4,0,0,0
03_SS2-107-Ab_comp,allinone+btc+tau0.5,12,12,16,0.6557,0.6457,0.5246,0.0,53.45,4,0,0,0
03_SS2-107-Ab_comp,allinone+btc+tau0.6,12,12,16,0.6557,0.6457,0.5246,0.0,53.45,4,0,0,0
03_SS2-107-Ab_comp,allinone+btc+tau0.7,12,12,16,0.7612,0.7124,0.5788,0.0,53.45,2,0,0,0
03_SS2-107-Ab_comp,allinone+btc+demucs,12,12,16,0.8861,0.7793,0.6332,0.0,64.12,0,0,0,0
03_SS2-107-Ab_comp,allinone+btc+demucs+tau0.3,13,13,16,0.5977,0.5877,0.4775,0.0,64.22,6,0,0,0
03_SS2-107-Ab_comp,allinone+btc+demucs+tau0.4,12,12,16,0.6557,0.6457,0.5246,0.0,64.22,4,0,0,0
03_SS2-107-Ab_comp,allinone+btc+demucs+tau0.5,12,12,16,0.6557,0.6457,0.5246,0.0,64.22,4,0,0,0
03_SS2-107-Ab_comp,allinone+btc+demucs+tau0.6,12,12,16,0.6557,0.6457,0.5246,0.0,64.22,4,0,0,0
03_SS2-107-Ab_comp,allinone+btc+demucs+tau0.7,12,12,16,0.7612,0.7124,0.5788,0.0,64.22,2,0,0,0
03_SS2-107-Ab_comp,allinone+cnnlstm,13,13,16,0.8854,0.7695,0.6252,0.0,53.76,0,0,0,0
03_SS2-107-Ab_comp,allinone+cnnlstm+tau0.3,14,14,16,0.6358,0.5778,0.4695,0.0,53.87,5,0,0,0
03_SS2-107-Ab_comp,allinone+cnnlstm+tau0.4,13,13,16,0.6938,0.6358,0.5166,0.0,53.87,3,0,0,0
03_SS2-107-Ab_comp,allinone+cnnlstm+tau0.5,13,13,16,0.6938,0.6358,0.5166,0.0,53.87,3,0,0,0
03_SS2-107-Ab_comp,allinone+cnnlstm+tau0.6,13,13,16,0.6938,0.6358,0.5166,0.0,53.87,3,0,0,0
03_SS2-107-Ab_comp,allinone+cnnlstm+tau0.7,13,13,16,0.7605,0.7025,0.5708,0.0,53.87,2,0,0,0
03_SS2-107-Ab_comp,allinone+cnnlstm+demucs,13,13,16,0.8854,0.7695,0.6252,0.0,64.51,0,0,0,0
03_SS2-107-Ab_comp,allinone+cnnlstm+demucs+tau0.3,14,14,16,0.6358,0.5778,0.4695,0.0,64.6,5,0,0,0
03_SS2-107-Ab_comp,allinone+cnnlstm+demucs+tau0.4,13,13,16,0.6938,0.6358,0.5166,0.0,64.6,3,0,0,0
03_SS2-107-Ab_comp,allinone+cnnlstm+demucs+tau0.5,13,13,16,0.6938,0.6358,0.5166,0.0,64.6,3,0,0,0
03_SS2-107-Ab_comp,allinone+cnnlstm+demucs+tau0.6,13,13,16,0.6938,0.6358,0.5166,0.0,64.6,3,0,0,0
03_SS2-107-Ab_comp,allinone+cnnlstm+demucs+tau0.7,13,13,16,0.7605,0.7025,0.5708,0.0,64.6,2,0,0,0
03_SS2-107-Ab_comp,madmom+btc,16,16,16,0.979,0.8639,0.7019,0.6383,1.86,0,0,0,0
03_SS2-107-Ab_comp,madmom+btc+tau0.3,16,16,16,0.6343,0.6339,0.515,0.6383,1.97,10,0,0,0
03_SS2-107-Ab_comp,madmom+btc+tau0.4,16,16,16,0.6725,0.672,0.546,0.6383,1.97,9,0,0,0
03_SS2-107-Ab_comp,madmom+btc+tau0.5,16,16,16,0.7112,0.7108,0.5775,0.6383,1.97,7,0,0,0
03_SS2-107-Ab_comp,madmom+btc+tau0.6,16,16,16,0.7877,0.7873,0.6396,0.6383,1.97,5,0,0,0
03_SS2-107-Ab_comp,madmom+btc+tau0.7,16,16,16,0.7877,0.7873,0.6396,0.6383,1.97,5,0,0,0
03_SS2-107-Ab_comp,madmom+btc+demucs,16,16,16,0.9695,0.8641,0.702,0.6383,12.63,0,0,0,0
03_SS2-107-Ab_comp,madmom+btc+demucs+tau0.3,16,16,16,0.6437,0.634,0.5151,0.6383,12.73,10,0,0,0
03_SS2-107-Ab_comp,madmom+btc+demucs+tau0.4,16,16,16,0.6819,0.6721,0.5461,0.6383,12.73,8,0,0,0
03_SS2-107-Ab_comp,madmom+btc+demucs+tau0.5,16,16,16,0.7399,0.7109,0.5776,0.6383,12.73,6,0,0,0
03_SS2-107-Ab_comp,madmom+btc+demucs+tau0.6,16,16,16,0.8164,0.7874,0.6397,0.6383,12.73,4,0,0,0
03_SS2-107-Ab_comp,madmom+btc+demucs+tau0.7,16,16,16,0.8164,0.7874,0.6397,0.6383,12.73,4,0,0,0
03_SS2-107-Ab_comp,madmom+cnnlstm,16,16,16,0.9684,0.8247,0.6701,0.6383,2.28,0,0,0,0
03_SS2-107-Ab_comp,madmom+cnnlstm+tau0.3,16,16,16,0.6618,0.5946,0.4831,0.6383,2.38,10,0,0,0
03_SS2-107-Ab_comp,madmom+cnnlstm+tau0.4,16,16,16,0.7,0.6328,0.5141,0.6383,2.38,9,0,0,0
03_SS2-107-Ab_comp,madmom+cnnlstm+tau0.5,16,16,16,0.7387,0.6715,0.5456,0.6383,2.38,7,0,0,0
03_SS2-107-Ab_comp,madmom+cnnlstm+tau0.6,16,16,16,0.8152,0.748,0.6077,0.6383,2.38,5,0,0,0
03_SS2-107-Ab_comp,madmom+cnnlstm+tau0.7,16,16,16,0.8152,0.748,0.6077,0.6383,2.38,4,0,0,0
03_SS2-107-Ab_comp,madmom+cnnlstm+demucs,16,16,16,0.9684,0.8247,0.6701,0.6383,13.02,0,0,0,0
03_SS2-107-Ab_comp,madmom+cnnlstm+demucs+tau0.3,16,16,16,0.6618,0.5946,0.4831,0.6383,13.12,10,0,0,0
03_SS2-107-Ab_comp,madmom+cnnlstm+demucs+tau0.4,16,16,16,0.7,0.6328,0.5141,0.6383,13.12,8,0,0,0
03_SS2-107-Ab_comp,madmom+cnnlstm+demucs+tau0.5,16,16,16,0.7387,0.6715,0.5456,0.6383,13.12,7,0,0,0
03_SS2-107-Ab_comp,madmom+cnnlstm+demucs+tau0.6,16,16,16,0.8152,0.748,0.6077,0.6383,13.12,5,0,0,0
03_SS2-107-Ab_comp,madmom+cnnlstm+demucs+tau0.7,16,16,16,0.8152,0.748,0.6077,0.6383,13.12,4,0,0,0
03_SS2-88-F_comp,allinone+btc,16,15,16,0.6604,0.7112,0.5778,0.0741,61.73,0,0,0,0
03_SS2-88-F_comp,allinone+btc+tau0.3,16,15,16,0.5544,0.597,0.4851,0.0741,61.85,2,0,0,0
03_SS2-88-F_comp,allinone+btc+tau0.4,16,15,16,0.6604,0.7112,0.5778,0.0741,61.85,0,0,0,0
03_SS2-88-F_comp,allinone+btc+tau0.5,16,15,16,0.6604,0.7112,0.5778,0.0741,61.85,0,0,0,0
03_SS2-88-F_comp,allinone+btc+tau0.6,16,15,16,0.6604,0.7112,0.5778,0.0741,61.85,0,0,0,0
03_SS2-88-F_comp,allinone+btc+tau0.7,16,15,16,0.6604,0.7112,0.5778,0.0741,61.85,0,0,0,0
03_SS2-88-F_comp,allinone+btc+demucs,16,15,16,0.6764,0.7285,0.5918,0.0741,73.78,0,0,0,0
03_SS2-88-F_comp,allinone+btc+demucs+tau0.3,16,15,16,0.5704,0.6143,0.4991,0.0741,73.89,2,0,0,0
03_SS2-88-F_comp,allinone+btc+demucs+tau0.4,16,15,16,0.6764,0.7285,0.5918,0.0741,73.89,0,0,0,0
03_SS2-88-F_comp,allinone+btc+demucs+tau0.5,16,15,16,0.6764,0.7285,0.5918,0.0741,73.89,0,0,0,0
03_SS2-88-F_comp,allinone+btc+demucs+tau0.6,16,15,16,0.6764,0.7285,0.5918,0.0741,73.89,0,0,0,0
03_SS2-88-F_comp,allinone+btc+demucs+tau0.7,16,15,16,0.6764,0.7285,0.5918,0.0741,73.89,0,0,0,0
03_SS2-88-F_comp,allinone+cnnlstm,16,16,16,0.5673,0.3825,0.3108,0.0741,62.23,0,0,0,0
03_SS2-88-F_comp,allinone+cnnlstm+tau0.3,16,16,16,0.2842,0.2683,0.218,0.0741,62.35,6,0,0,0
03_SS2-88-F_comp,allinone+cnnlstm+tau0.4,16,16,16,0.3372,0.3253,0.2643,0.0741,62.35,5,0,0,0
03_SS2-88-F_comp,allinone+cnnlstm+tau0.5,16,16,16,0.4434,0.3825,0.3108,0.0741,62.35,3,0,0,0
03_SS2-88-F_comp,allinone+cnnlstm+tau0.6,16,16,16,0.5144,0.3825,0.3108,0.0741,62.35,2,0,0,0
03_SS2-88-F_comp,allinone+cnnlstm+tau0.7,16,16,16,0.5144,0.3825,0.3108,0.0741,62.35,1,0,0,0
03_SS2-88-F_comp,allinone+cnnlstm+demucs,16,16,16,0.5673,0.3825,0.3108,0.0741,74.26,0,0,0,0
03_SS2-88-F_comp,allinone+cnnlstm+demucs+tau0.3,16,16,16,0.2842,0.2683,0.218,0.0741,74.37,6,0,0,0
03_SS2-88-F_comp,allinone+cnnlstm+demucs+tau0.4,16,16,16,0.3372,0.3253,0.2643,0.0741,74.37,5,0,0,0
03_SS2-88-F_comp,allinone+cnnlstm+demucs+tau0.5,16,16,16,0.4434,0.3825,0.3108,0.0741,74.37,3,0,0,0
03_SS2-88-F_comp,allinone+cnnlstm+demucs+tau0.6,16,16,16,0.5144,0.3825,0.3108,0.0741,74.37,2,0,0,0
03_SS2-88-F_comp,allinone+cnnlstm+demucs+tau0.7,16,16,16,0.5144,0.3825,0.3108,0.0741,74.37,1,0,0,0
03_SS2-88-F_comp,madmom+btc,8,6,16,0.9614,0.9198,0.7473,0.9032,2.22,0,0,0,0
03_SS2-88-F_comp,madmom+btc+tau0.3,11,9,16,0.7126,0.6907,0.5612,0.9032,2.34,4,0,0,0
03_SS2-88-F_comp,madmom+btc+tau0.4,8,6,16,0.9253,0.9198,0.7473,0.9032,2.34,1,0,0,0
03_SS2-88-F_comp,madmom+btc+tau0.5,8,6,16,0.9614,0.9198,0.7473,0.9032,2.34,0,0,0,0
03_SS2-88-F_comp,madmom+btc+tau0.6,8,6,16,0.9614,0.9198,0.7473,0.9032,2.34,0,0,0,0
03_SS2-88-F_comp,madmom+btc+tau0.7,8,6,16,0.9614,0.9198,0.7473,0.9032,2.34,0,0,0,0
03_SS2-88-F_comp,madmom+btc+demucs,8,6,16,0.9614,0.9177,0.7456,0.9032,14.27,0,0,0,0
03_SS2-88-F_comp,madmom+btc+demucs+tau0.3,11,9,16,0.7126,0.6886,0.5595,0.9032,14.38,4,0,0,0
03_SS2-88-F_comp,madmom+btc+demucs+tau0.4,8,6,16,0.9614,0.9177,0.7456,0.9032,14.38,0,0,0,0
03_SS2-88-F_comp,madmom+btc+demucs+tau0.5,8,6,16,0.9614,0.9177,0.7456,0.9032,14.38,0,0,0,0
03_SS2-88-F_comp,madmom+btc+demucs+tau0.6,8,6,16,0.9614,0.9177,0.7456,0.9032,14.38,0,0,0,0
03_SS2-88-F_comp,madmom+btc+demucs+tau0.7,8,6,16,0.9614,0.9177,0.7456,0.9032,14.38,0,0,0,0
03_SS2-88-F_comp,madmom+cnnlstm,10,10,16,0.833,0.5172,0.4202,0.9032,2.72,0,0,0,0
03_SS2-88-F_comp,madmom+cnnlstm+tau0.3,13,13,16,0.3389,0.2882,0.2341,0.9032,2.84,10,0,0,0
03_SS2-88-F_comp,madmom+cnnlstm+tau0.4,10,10,16,0.5516,0.5172,0.4202,0.9032,2.84,7,0,0,0
03_SS2-88-F_comp,madmom+cnnlstm+tau0.5,10,10,16,0.6218,0.5172,0.4202,0.9032,2.84,6,0,0,0
03_SS2-88-F_comp,madmom+cnnlstm+tau0.6,10,10,16,0.6931,0.5172,0.4202,0.9032,2.84,4,0,0,0
03_SS2-88-F_comp,madmom+cnnlstm+tau0.7,10,10,16,0.7639,0.5172,0.4202,0.9032,2.84,2,0,0,0
03_SS2-88-F_comp,madmom+cnnlstm+demucs,10,10,16,0.833,0.5172,0.4202,0.9032,14.75,0,0,0,0
03_SS2-88-F_comp,madmom+cnnlstm+demucs+tau0.3,13,13,16,0.3389,0.2882,0.2341,0.9032,14.86,10,0,0,0
03_SS2-88-F_comp,madmom+cnnlstm+demucs+tau0.4,10,10,16,0.5516,0.5172,0.4202,0.9032,14.86,7,0,0,0
03_SS2-88-F_comp,madmom+cnnlstm+demucs+tau0.5,10,10,16,0.6218,0.5172,0.4202,0.9032,14.86,5,0,0,0
03_SS2-88-F_comp,madmom+cnnlstm+demucs+tau0.6,10,10,16,0.7639,0.5172,0.4202,0.9032,14.86,3,0,0,0
03_SS2-88-F_comp,madmom+cnnlstm+demucs+tau0.7,10,10,16,0.7639,0.5172,0.4202,0.9032,14.86,2,0,0,0
03_SS3-84-Bb_comp,allinone+btc,16,16,16,0.9179,0.9179,0.8605,0.0,63.67,0,0,0,0
03_SS3-84-Bb_comp,allinone+btc+tau0.3,16,16,16,0.4389,0.4389,0.4114,0.0,63.82,14,0,0,0
03_SS3-84-Bb_comp,allinone+btc+tau0.4,16,16,16,0.706,0.706,0.6619,0.0,63.82,7,0,0,0
03_SS3-84-Bb_comp,allinone+btc+tau0.5,16,16,16,0.8176,0.8176,0.7665,0.0,63.82,3,0,0,0
03_SS3-84-Bb_comp,allinone+btc+tau0.6,16,16,16,0.8516,0.8516,0.7984,0.0,63.82,2,0,0,0
03_SS3-84-Bb_comp,allinone+btc+tau0.7,16,16,16,0.885,0.885,0.8297,0.0,63.82,1,0,0,0
03_SS3-84-Bb_comp,allinone+btc+demucs,16,16,16,0.9179,0.9179,0.8605,0.0,75.91,0,0,0,0
03_SS3-84-Bb_comp,allinone+btc+demucs+tau0.3,16,16,16,0.4389,0.4389,0.4114,0.0,76.03,14,0,0,0
03_SS3-84-Bb_comp,allinone+btc+demucs+tau0.4,16,16,16,0.706,0.706,0.6619,0.0,76.03,7,0,0,0
03_SS3-84-Bb_comp,allinone+btc+demucs+tau0.5,16,16,16,0.8176,0.8176,0.7665,0.0,76.03,3,0,0,0
03_SS3-84-Bb_comp,allinone+btc+demucs+tau0.6,16,16,16,0.8516,0.8516,0.7984,0.0,76.03,2,0,0,0
03_SS3-84-Bb_comp,allinone+btc+demucs+tau0.7,16,16,16,0.885,0.885,0.8297,0.0,76.03,1,0,0,0
03_SS3-84-Bb_comp,allinone+cnnlstm,16,16,16,0.9497,0.9497,0.8903,0.0,64.21,0,0,0,0
03_SS3-84-Bb_comp,allinone+cnnlstm+tau0.3,16,16,16,0.4601,0.4601,0.4314,0.0,64.36,13,0,0,0
03_SS3-84-Bb_comp,allinone+cnnlstm+tau0.4,16,16,16,0.7049,0.7049,0.6608,0.0,64.36,7,0,0,0
03_SS3-84-Bb_comp,allinone+cnnlstm+tau0.5,16,16,16,0.8164,0.8164,0.7654,0.0,64.36,4,0,0,0
03_SS3-84-Bb_comp,allinone+cnnlstm+tau0.6,16,16,16,0.8505,0.8505,0.7973,0.0,64.36,3,0,0,0
03_SS3-84-Bb_comp,allinone+cnnlstm+tau0.7,16,16,16,0.8839,0.8839,0.8286,0.0,64.36,2,0,0,0
03_SS3-84-Bb_comp,allinone+cnnlstm+demucs,16,16,16,0.9497,0.9497,0.8903,0.0,76.41,0,0,0,0
03_SS3-84-Bb_comp,allinone+cnnlstm+demucs+tau0.3,16,16,16,0.4601,0.4601,0.4314,0.0,76.53,13,0,0,0
03_SS3-84-Bb_comp,allinone+cnnlstm+demucs+tau0.4,16,16,16,0.7049,0.7049,0.6608,0.0,76.53,7,0,0,0
03_SS3-84-Bb_comp,allinone+cnnlstm+demucs+tau0.5,16,16,16,0.8164,0.8164,0.7654,0.0,76.53,4,0,0,0
03_SS3-84-Bb_comp,allinone+cnnlstm+demucs+tau0.6,16,16,16,0.8505,0.8505,0.7973,0.0,76.53,3,0,0,0
03_SS3-84-Bb_comp,allinone+cnnlstm+demucs+tau0.7,16,16,16,0.8839,0.8839,0.8286,0.0,76.53,2,0,0,0
03_SS3-84-Bb_comp,madmom+btc,16,16,16,0.9487,0.9487,0.8894,0.6667,2.36,0,0,0,0
03_SS3-84-Bb_comp,madmom+btc+tau0.3,16,16,16,0.3958,0.3958,0.3711,0.6667,2.51,18,0,0,0
03_SS3-84-Bb_comp,madmom+btc+tau0.4,16,16,16,0.5486,0.5486,0.5143,0.6667,2.51,13,0,0,0
03_SS3-84-Bb_comp,madmom+btc+tau0.5,16,16,16,0.6816,0.6816,0.6389,0.6667,2.51,8,0,0,0
03_SS3-84-Bb_comp,madmom+btc+tau0.6,16,16,16,0.7502,0.7502,0.7033,0.6667,2.51,6,0,0,0
03_SS3-84-Bb_comp,madmom+btc+tau0.7,16,16,16,0.8491,0.8491,0.796,0.6667,2.51,3,0,0,0
03_SS3-84-Bb_comp,madmom+btc+demucs,16,16,16,0.9487,0.9487,0.8894,0.6667,14.6,0,0,0,0
03_SS3-84-Bb_comp,madmom+btc+demucs+tau0.3,16,16,16,0.3958,0.3958,0.3711,0.6667,14.72,18,0,0,0
03_SS3-84-Bb_comp,madmom+btc+demucs+tau0.4,16,16,16,0.5486,0.5486,0.5143,0.6667,14.72,13,0,0,0
03_SS3-84-Bb_comp,madmom+btc+demucs+tau0.5,16,16,16,0.6816,0.6816,0.6389,0.6667,14.72,8,0,0,0
03_SS3-84-Bb_comp,madmom+btc+demucs+tau0.6,16,16,16,0.7502,0.7502,0.7033,0.6667,14.72,6,0,0,0
03_SS3-84-Bb_comp,madmom+btc+demucs+tau0.7,16,16,16,0.8491,0.8491,0.796,0.6667,14.72,3,0,0,0
03_SS3-84-Bb_comp,madmom+cnnlstm,16,16,16,0.9802,0.9802,0.919,0.6667,2.9,0,0,0,0
03_SS3-84-Bb_comp,madmom+cnnlstm+tau0.3,16,16,16,0.4276,0.4276,0.4009,0.6667,3.05,17,0,0,0
03_SS3-84-Bb_comp,madmom+cnnlstm+tau0.4,16,16,16,0.5579,0.5579,0.5231,0.6667,3.05,13,0,0,0
03_SS3-84-Bb_comp,madmom+cnnlstm+tau0.5,16,16,16,0.7138,0.7138,0.6692,0.6667,3.05,8,0,0,0
03_SS3-84-Bb_comp,madmom+cnnlstm+tau0.6,16,16,16,0.7824,0.7824,0.7335,0.6667,3.05,6,0,0,0
03_SS3-84-Bb_comp,madmom+cnnlstm+tau0.7,16,16,16,0.8813,0.8813,0.8262,0.6667,3.05,3,0,0,0
03_SS3-84-Bb_comp,madmom+cnnlstm+demucs,16,16,16,0.9802,0.9802,0.919,0.6667,15.1,0,0,0,0
03_SS3-84-Bb_comp,madmom+cnnlstm+demucs+tau0.3,16,16,16,0.4276,0.4276,0.4009,0.6667,15.22,17,0,0,0
03_SS3-84-Bb_comp,madmom+cnnlstm+demucs+tau0.4,16,16,16,0.5579,0.5579,0.5231,0.6667,15.22,13,0,0,0
03_SS3-84-Bb_comp,madmom+cnnlstm+demucs+tau0.5,16,16,16,0.7138,0.7138,0.6692,0.6667,15.22,8,0,0,0
03_SS3-84-Bb_comp,madmom+cnnlstm+demucs+tau0.6,16,16,16,0.7824,0.7824,0.7335,0.6667,15.22,6,0,0,0
03_SS3-84-Bb_comp,madmom+cnnlstm+demucs+tau0.7,16,16,16,0.8813,0.8813,0.8262,0.6667,15.22,3,0,0,0
03_SS3-98-C_comp,allinone+btc,12,11,16,0.8704,0.8704,0.8704,0.0,56.11,0,0,0,0
03_SS3-98-C_comp,allinone+btc+tau0.3,13,13,16,0.484,0.484,0.484,0.0,56.22,8,0,0,0
03_SS3-98-C_comp,allinone+btc+tau0.4,13,13,16,0.5779,0.5779,0.5779,0.0,56.22,6,0,0,0
03_SS3-98-C_comp,allinone+btc+tau0.5,13,12,16,0.7173,0.7173,0.7173,0.0,56.22,3,0,0,0
03_SS3-98-C_comp,allinone+btc+tau0.6,12,11,16,0.8158,0.8158,0.8158,0.0,56.22,1,0,0,0
03_SS3-98-C_comp,allinone+btc+tau0.7,12,11,16,0.8158,0.8158,0.8158,0.0,56.22,1,0,0,0
03_SS3-98-C_comp,allinone+btc+demucs,12,11,16,0.8704,0.8704,0.8704,0.0,66.78,0,0,0,0
03_SS3-98-C_comp,allinone+btc+demucs+tau0.3,13,13,16,0.484,0.484,0.484,0.0,66.89,8,0,0,0
03_SS3-98-C_comp,allinone+btc+demucs+tau0.4,13,13,16,0.5779,0.5779,0.5779,0.0,66.89,6,0,0,0
03_SS3-98-C_comp,allinone+btc+demucs+tau0.5,13,12,16,0.7173,0.7173,0.7173,0.0,66.89,3,0,0,0
03_SS3-98-C_comp,allinone+btc+demucs+tau0.6,12,11,16,0.8158,0.8158,0.8158,0.0,66.89,1,0,0,0
03_SS3-98-C_comp,allinone+btc+demucs+tau0.7,12,11,16,0.8158,0.8158,0.8158,0.0,66.89,1,0,0,0
03_SS3-98-C_comp,allinone+cnnlstm,12,11,16,0.8698,0.8698,0.8698,0.0,56.55,0,0,0,0
03_SS3-98-C_comp,allinone+cnnlstm+tau0.3,13,13,16,0.4834,0.4834,0.4834,0.0,56.66,8,0,0,0
03_SS3-98-C_comp,allinone+cnnlstm+tau0.4,13,13,16,0.5773,0.5773,0.5773,0.0,56.66,6,0,0,0
03_SS3-98-C_comp,allinone+cnnlstm+tau0.5,13,12,16,0.7167,0.7167,0.7167,0.0,56.66,3,0,0,0
03_SS3-98-C_comp,allinone+cnnlstm+tau0.6,12,11,16,0.8152,0.8152,0.8152,0.0,56.66,1,0,0,0
03_SS3-98-C_comp,allinone+cnnlstm+tau0.7,12,11,16,0.8152,0.8152,0.8152,0.0,56.66,1,0,0,0
03_SS3-98-C_comp,allinone+cnnlstm+demucs,12,11,16,0.8698,0.8698,0.8698,0.0,67.21,0,0,0,0
03_SS3-98-C_comp,allinone+cnnlstm+demucs+tau0.3,13,13,16,0.4834,0.4834,0.4834,0.0,67.31,8,0,0,0
03_SS3-98-C_comp,allinone+cnnlstm+demucs+tau0.4,13,13,16,0.5773,0.5773,0.5773,0.0,67.31,6,0,0,0
03_SS3-98-C_comp,allinone+cnnlstm+demucs+tau0.5,13,12,16,0.7167,0.7167,0.7167,0.0,67.31,3,0,0,0
03_SS3-98-C_comp,allinone+cnnlstm+demucs+tau0.6,12,11,16,0.8152,0.8152,0.8152,0.0,67.31,1,0,0,0
03_SS3-98-C_comp,allinone+cnnlstm+demucs+tau0.7,12,11,16,0.8152,0.8152,0.8152,0.0,67.31,1,0,0,0
03_SS3-98-C_comp,madmom+btc,16,16,16,0.9407,0.9407,0.9407,0.6383,2.04,0,0,0,0
03_SS3-98-C_comp,madmom+btc+tau0.3,16,16,16,0.4289,0.4289,0.4289,0.6383,2.15,17,0,0,0
03_SS3-98-C_comp,madmom+btc+tau0.4,16,16,16,0.5223,0.5223,0.5223,0.6383,2.15,14,0,0,0
03_SS3-98-C_comp,madmom+btc+tau0.5,16,16,16,0.5848,0.5848,0.5848,0.6383,2.15,12,0,0,0
03_SS3-98-C_comp,madmom+btc+tau0.6,16,16,16,0.8783,0.8783,0.8783,0.6383,2.15,2,0,0,0
03_SS3-98-C_comp,madmom+btc+tau0.7,16,16,16,0.9407,0.9407,0.9407,0.6383,2.15,0,0,0,0
03_SS3-98-C_comp,madmom+btc+demucs,16,16,16,0.9407,0.9407,0.9407,0.6383,12.71,0,0,0,0
03_SS3-98-C_comp,madmom+btc+demucs+tau0.3,16,16,16,0.4289,0.4289,0.4289,0.6383,12.81,17,0,0,0
03_SS3-98-C_comp,madmom+btc+demucs+tau0.4,16,16,16,0.5223,0.5223,0.5223,0.6383,12.81,14,0,0,0
03_SS3-98-C_comp,madmom+btc+demucs+tau0.5,16,16,16,0.5848,0.5848,0.5848,0.6383,12.81,12,0,0,0
03_SS3-98-C_comp,madmom+btc+demucs+tau0.6,16,16,16,0.8783,0.8783,0.8783,0.6383,12.81,2,0,0,0
03_SS3-98-C_comp,madmom+btc+demucs+tau0.7,16,16,16,0.9407,0.9407,0.9407,0.6383,12.81,0,0,0,0
03_SS3-98-C_comp,madmom+cnnlstm,16,16,16,0.9641,0.9641,0.9641,0.6383,2.48,0,0,0,0
03_SS3-98-C_comp,madmom+cnnlstm+tau0.3,16,16,16,0.3892,0.3892,0.3892,0.6383,2.59,19,0,0,0
03_SS3-98-C_comp,madmom+cnnlstm+tau0.4,16,16,16,0.5682,0.5682,0.5682,0.6383,2.59,13,0,0,0
03_SS3-98-C_comp,madmom+cnnlstm+tau0.5,16,16,16,0.6307,0.6307,0.6307,0.6383,2.59,11,0,0,0
03_SS3-98-C_comp,madmom+cnnlstm+tau0.6,16,16,16,0.84,0.84,0.84,0.6383,2.59,4,0,0,0
03_SS3-98-C_comp,madmom+cnnlstm+tau0.7,16,16,16,0.9024,0.9024,0.9024,0.6383,2.59,2,0,0,0
03_SS3-98-C_comp,madmom+cnnlstm+demucs,16,16,16,0.9641,0.9641,0.9641,0.6383,13.13,0,0,0,0
03_SS3-98-C_comp,madmom+cnnlstm+demucs+tau0.3,16,16,16,0.3892,0.3892,0.3892,0.6383,13.24,19,0,0,0
03_SS3-98-C_comp,madmom+cnnlstm+demucs+tau0.4,16,16,16,0.5682,0.5682,0.5682,0.6383,13.24,13,0,0,0
03_SS3-98-C_comp,madmom+cnnlstm+demucs+tau0.5,16,16,16,0.6307,0.6307,0.6307,0.6383,13.24,11,0,0,0
03_SS3-98-C_comp,madmom+cnnlstm+demucs+tau0.6,16,16,16,0.84,0.84,0.84,0.6383,13.24,4,0,0,0
03_SS3-98-C_comp,madmom+cnnlstm+demucs+tau0.7,16,16,16,0.9024,0.9024,0.9024,0.6383,13.24,2,0,0,0
04_Rock1-130-A_comp,allinone+btc,2,2,12,0.9738,0.9738,0.8926,1.0,35.9,0,0,0,0
04_Rock1-130-A_comp,allinone+btc+tau0.3,3,3,12,0.8148,0.8148,0.7469,1.0,35.97,3,0,0,0
04_Rock1-130-A_comp,allinone+btc+tau0.4,2,2,12,0.9053,0.9053,0.8298,1.0,35.97,2,0,0,0
04_Rock1-130-A_comp,allinone+btc+tau0.5,2,2,12,0.9738,0.9738,0.8926,1.0,35.97,0,0,0,0
04_Rock1-130-A_comp,allinone+btc+tau0.6,2,2,12,0.9738,0.9738,0.8926,1.0,35.97,0,0,0,0
04_Rock1-130-A_comp,allinone+btc+tau0.7,2,2,12,0.9738,0.9738,0.8926,1.0,35.97,0,0,0,0
04_Rock1-130-A_comp,allinone+btc+demucs,2,2,12,0.9738,0.9738,0.8926,1.0,42.14,0,0,0,0
04_Rock1-130-A_comp,allinone+btc+demucs+tau0.3,3,3,12,0.8148,0.8148,0.7469,1.0,42.21,3,0,0,0
04_Rock1-130-A_comp,allinone+btc+demucs+tau0.4,2,2,12,0.9053,0.9053,0.8298,1.0,42.21,2,0,0,0
04_Rock1-130-A_comp,allinone+btc+demucs+tau0.5,2,2,12,0.9738,0.9738,0.8926,1.0,42.21,0,0,0,0
04_Rock1-130-A_comp,allinone+btc+demucs+tau0.6,2,2,12,0.9738,0.9738,0.8926,1.0,42.21,0,0,0,0
04_Rock1-130-A_comp,allinone+btc+demucs+tau0.7,2,2,12,0.9738,0.9738,0.8926,1.0,42.21,0,0,0,0
04_Rock1-130-A_comp,allinone+cnnlstm,2,2,12,0.9738,0.9738,0.8926,1.0,36.15,0,0,0,0
04_Rock1-130-A_comp,allinone+cnnlstm+tau0.3,3,3,12,0.8148,0.8148,0.7469,1.0,36.22,3,0,0,0
04_Rock1-130-A_comp,allinone+cnnlstm+tau0.4,2,2,12,0.9053,0.9053,0.8298,1.0,36.22,2,0,0,0
04_Rock1-130-A_comp,allinone+cnnlstm+tau0.5,2,2,12,0.9738,0.9738,0.8926,1.0,36.22,0,0,0,0
04_Rock1-130-A_comp,allinone+cnnlstm+tau0.6,2,2,12,0.9738,0.9738,0.8926,1.0,36.22,0,0,0,0
04_Rock1-130-A_comp,allinone+cnnlstm+tau0.7,2,2,12,0.9738,0.9738,0.8926,1.0,36.22,0,0,0,0
04_Rock1-130-A_comp,allinone+cnnlstm+demucs,2,2,12,0.9738,0.9738,0.8926,1.0,42.38,0,0,0,0
04_Rock1-130-A_comp,allinone+cnnlstm+demucs+tau0.3,3,3,12,0.8148,0.8148,0.7469,1.0,42.44,3,0,0,0
04_Rock1-130-A_comp,allinone+cnnlstm+demucs+tau0.4,2,2,12,0.9053,0.9053,0.8298,1.0,42.44,2,0,0,0
04_Rock1-130-A_comp,allinone+cnnlstm+demucs+tau0.5,2,2,12,0.9738,0.9738,0.8926,1.0,42.44,0,0,0,0
04_Rock1-130-A_comp,allinone+cnnlstm+demucs+tau0.6,2,2,12,0.9738,0.9738,0.8926,1.0,42.44,0,0,0,0
04_Rock1-130-A_comp,allinone+cnnlstm+demucs+tau0.7,2,2,12,0.9738,0.9738,0.8926,1.0,42.44,0,0,0,0
04_Rock1-130-A_comp,madmom+btc,2,2,12,0.9733,0.9733,0.8922,1.0,1.21,0,0,0,0
04_Rock1-130-A_comp,madmom+btc+tau0.3,3,3,12,0.8143,0.8143,0.7465,1.0,1.28,3,0,0,0
04_Rock1-130-A_comp,madmom+btc+tau0.4,2,2,12,0.9053,0.9053,0.8298,1.0,1.28,2,0,0,0
04_Rock1-130-A_comp,madmom+btc+tau0.5,2,2,12,0.9733,0.9733,0.8922,1.0,1.28,0,0,0,0
04_Rock1-130-A_comp,madmom+btc+tau0.6,2,2,12,0.9733,0.9733,0.8922,1.0,1.28,0,0,0,0
04_Rock1-130-A_comp,madmom+btc+tau0.7,2,2,12,0.9733,0.9733,0.8922,1.0,1.28,0,0,0,0
04_Rock1-130-A_comp,madmom+btc+demucs,2,2,12,0.9733,0.9733,0.8922,1.0,7.46,0,0,0,0
04_Rock1-130-A_comp,madmom+btc+demucs+tau0.3,3,3,12,0.8143,0.8143,0.7465,1.0,7.52,3,0,0,0
04_Rock1-130-A_comp,madmom+btc+demucs+tau0.4,2,2,12,0.9053,0.9053,0.8298,1.0,7.52,2,0,0,0
04_Rock1-130-A_comp,madmom+btc+demucs+tau0.5,2,2,12,0.9733,0.9733,0.8922,1.0,7.52,0,0,0,0
04_Rock1-130-A_comp,madmom+btc+demucs+tau0.6,2,2,12,0.9733,0.9733,0.8922,1.0,7.52,0,0,0,0
04_Rock1-130-A_comp,madmom+btc+demucs+tau0.7,2,2,12,0.9733,0.9733,0.8922,1.0,7.52,0,0,0,0
04_Rock1-130-A_comp,madmom+cnnlstm,2,2,12,0.9733,0.9733,0.8922,1.0,1.47,0,0,0,0
04_Rock1-130-A_comp,madmom+cnnlstm+tau0.3,3,3,12,0.8143,0.8143,0.7465,1.0,1.54,3,0,0,0
04_Rock1-130-A_comp,madmom+cnnlstm+tau0.4,2,2,12,0.9053,0.9053,0.8298,1.0,1.54,2,0,0,0
04_Rock1-130-A_comp,madmom+cnnlstm+tau0.5,2,2,12,0.9733,0.9733,0.8922,1.0,1.54,0,0,0,0
04_Rock1-130-A_comp,madmom+cnnlstm+tau0.6,2,2,12,0.9733,0.9733,0.8922,1.0,1.54,0,0,0,0
04_Rock1-130-A_comp,madmom+cnnlstm+tau0.7,2,2,12,0.9733,0.9733,0.8922,1.0,1.54,0,0,0,0
04_Rock1-130-A_comp,madmom+cnnlstm+demucs,2,2,12,0.9733,0.9733,0.8922,1.0,7.7,0,0,0,0
04_Rock1-130-A_comp,madmom+cnnlstm+demucs+tau0.3,3,3,12,0.8143,0.8143,0.7465,1.0,7.76,3,0,0,0
04_Rock1-130-A_comp,madmom+cnnlstm+demucs+tau0.4,2,2,12,0.9053,0.9053,0.8298,1.0,7.76,2,0,0,0
04_Rock1-130-A_comp,madmom+cnnlstm+demucs+tau0.5,2,2,12,0.9733,0.9733,0.8922,1.0,7.76,0,0,0,0
04_Rock1-130-A_comp,madmom+cnnlstm+demucs+tau0.6,2,2,12,0.9733,0.9733,0.8922,1.0,7.76,0,0,0,0
04_Rock1-130-A_comp,madmom+cnnlstm+demucs+tau0.7,2,2,12,0.9733,0.9733,0.8922,1.0,7.76,0,0,0,0
04_Rock1-90-C#_comp,allinone+btc,3,2,12,0.9711,0.9711,0.8093,1.0,47.93,0,0,0,0
04_Rock1-90-C#_comp,allinone+btc+tau0.3,8,8,12,0.4743,0.4743,0.3952,1.0,48.02,7,0,0,0
04_Rock1-90-C#_comp,allinone+btc+tau0.4,6,6,12,0.6723,0.6723,0.5602,1.0,48.02,4,0,0,0
04_Rock1-90-C#_comp,allinone+btc+tau0.5,5,4,12,0.771,0.771,0.6425,1.0,48.02,2,0,0,0
04_Rock1-90-C#_comp,allinone+btc+tau0.6,4,3,12,0.8711,0.8711,0.7259,1.0,48.02,1,0,0,0
04_Rock1-90-C#_comp,allinone+btc+tau0.7,3,2,12,0.9711,0.9711,0.8093,1.0,48.02,0,0,0,0
04_Rock1-90-C#_comp,allinone+btc+demucs,3,2,12,0.9711,0.9711,0.8093,1.0,57.32,0,0,0,0
04_Rock1-90-C#_comp,allinone+btc+demucs+tau0.3,8,8,12,0.4743,0.4743,0.3952,1.0,57.4,7,0,0,0
04_Rock1-90-C#_comp,allinone+btc+demucs+tau0.4,6,6,12,0.6723,0.6723,0.5602,1.0,57.4,4,0,0,0
04_Rock1-90-C#_comp,allinone+btc+demucs+tau0.5,6,5,12,0.6723,0.6723,0.5602,1.0,57.4,3,0,0,0
04_Rock1-90-C#_comp,allinone+btc+demucs+tau0.6,4,3,12,0.8711,0.8711,0.7259,1.0,57.4,1,0,0,0
04_Rock1-90-C#_comp,allinone+btc+demucs+tau0.7,3,2,12,0.9711,0.9711,0.8093,1.0,57.4,0,0,0,0
04_Rock1-90-C#_comp,allinone+cnnlstm,3,2,12,0.9711,0.9711,0.8093,1.0,48.3,0,0,0,0
04_Rock1-90-C#_comp,allinone+cnnlstm+tau0.3,8,8,12,0.4743,0.4743,0.3952,1.0,48.39,7,0,0,0
04_Rock1-90-C#_comp,allinone+cnnlstm+tau0.4,6,6,12,0.6723,0.6723,0.5602,1.0,48.39,4,0,0,0
04_Rock1-90-C#_comp,allinone+cnnlstm+tau0.5,5,4,12,0.771,0.771,0.6425,1.0,48.39,2,0,0,0
04_Rock1-90-C#_comp,allinone+cnnlstm+tau0.6,4,3,12,0.8711,0.8711,0.7259,1.0,48.39,1,0,0,0
04_Rock1-90-C#_comp,allinone+cnnlstm+tau0.7,3,2,12,0.9711,0.9711,0.8093,1.0,48.39,0,0,0,0
04_Rock1-90-C#_comp,allinone+cnnlstm+demucs,3,2,12,0.9711,0.9711,0.8093,1.0,57.67,0,0,0,0
04_Rock1-90-C#_comp,allinone+cnnlstm+demucs+tau0.3,8,8,12,0.4743,0.4743,0.3952,1.0,57.76,7,0,0,0
04_Rock1-90-C#_comp,allinone+cnnlstm+demucs+tau0.4,6,6,12,0.6723,0.6723,0.5602,1.0,57.76,4,0,0,0
04_Rock1-90-C#_comp,allinone+cnnlstm+demucs+tau0.5,6,5,12,0.6723,0.6723,0.5602,1.0,57.76,3,0,0,0
04_Rock1-90-C#_comp,allinone+cnnlstm+demucs+tau0.6,4,3,12,0.8711,0.8711,0.7259,1.0,57.76,1,0,0,0
04_Rock1-90-C#_comp,allinone+cnnlstm+demucs+tau0.7,3,2,12,0.9711,0.9711,0.8093,1.0,57.76,0,0,0,0
04_Rock1-90-C#_comp,madmom+btc,3,1,12,0.9708,0.9708,0.809,0.96,1.68,0,0,0,0
04_Rock1-90-C#_comp,madmom+btc+tau0.3,8,8,12,0.4746,0.4746,0.3955,0.96,1.77,7,0,0,0
04_Rock1-90-C#_comp,madmom+btc+tau0.4,6,5,12,0.6723,0.6723,0.5602,0.96,1.77,4,0,0,0
04_Rock1-90-C#_comp,madmom+btc+tau0.5,5,3,12,0.7706,0.7706,0.6422,0.96,1.77,2,0,0,0
04_Rock1-90-C#_comp,madmom+btc+tau0.6,4,2,12,0.8707,0.8707,0.7256,0.96,1.77,1,0,0,0
04_Rock1-90-C#_comp,madmom+btc+tau0.7,3,1,12,0.9708,0.9708,0.809,0.96,1.77,0,0,0,0
04_Rock1-90-C#_comp,madmom+btc+demucs,3,1,12,0.9708,0.9708,0.809,0.96,11.07,0,0,0,0
04_Rock1-90-C#_comp,madmom+btc+demucs+tau0.3,8,8,12,0.4746,0.4746,0.3955,0.96,11.16,7,0,0,0
04_Rock1-90-C#_comp,madmom+btc+demucs+tau0.4,6,5,12,0.6723,0.6723,0.5602,0.96,11.16,4,0,0,0
04_Rock1-90-C#_comp,madmom+btc+demucs+tau0.5,6,4,12,0.6723,0.6723,0.5602,0.96,11.16,3,0,0,0
04_Rock1-90-C#_comp,madmom+btc+demucs+tau0.6,4,2,12,0.8707,0.8707,0.7256,0.96,11.16,1,0,0,0
04_Rock1-90-C#_comp,madmom+btc+demucs+tau0.7,4,2,12,0.8707,0.8707,0.7256,0.96,11.16,1,0,0,0
04_Rock1-90-C#_comp,madmom+cnnlstm,3,1,12,0.9708,0.9708,0.809,0.96,2.05,0,0,0,0
04_Rock1-90-C#_comp,madmom+cnnlstm+tau0.3,8,8,12,0.4746,0.4746,0.3955,0.96,2.14,7,0,0,0
04_Rock1-90-C#_comp,madmom+cnnlstm+tau0.4,6,5,12,0.6723,0.6723,0.5602,0.96,2.14,4,0,0,0
04_Rock1-90-C#_comp,madmom+cnnlstm+tau0.5,5,3,12,0.7706,0.7706,0.6422,0.96,2.14,2,0,0,0
04_Rock1-90-C#_comp,madmom+cnnlstm+tau0.6,4,2,12,0.8707,0.8707,0.7256,0.96,2.14,1,0,0,0
04_Rock1-90-C#_comp,madmom+cnnlstm+tau0.7,3,1,12,0.9708,0.9708,0.809,0.96,2.14,0,0,0,0
04_Rock1-90-C#_comp,madmom+cnnlstm+demucs,3,1,12,0.9708,0.9708,0.809,0.96,11.42,0,0,0,0
04_Rock1-90-C#_comp,madmom+cnnlstm+demucs+tau0.3,8,8,12,0.4746,0.4746,0.3955,0.96,11.51,7,0,0,0
04_Rock1-90-C#_comp,madmom+cnnlstm+demucs+tau0.4,6,5,12,0.6723,0.6723,0.5602,0.96,11.51,4,0,0,0
04_Rock1-90-C#_comp,madmom+cnnlstm+demucs+tau0.5,6,4,12,0.6723,0.6723,0.5602,0.96,11.51,3,0,0,0
04_Rock1-90-C#_comp,madmom+cnnlstm+demucs+tau0.6,4,2,12,0.8707,0.8707,0.7256,0.96,11.51,1,0,0,0
04_Rock1-90-C#_comp,madmom+cnnlstm+demucs+tau0.7,4,2,12,0.8707,0.8707,0.7256,0.96,11.51,1,0,0,0
04_Rock2-142-D_comp,allinone+btc,16,15,16,0.6954,0.6954,0.6085,0.0,42.02,0,0,0,0
04_Rock2-142-D_comp,allinone+btc+tau0.3,16,15,16,0.5358,0.5358,0.4688,0.0,42.1,3,0,0,0
04_Rock2-142-D_comp,allinone+btc+tau0.4,16,15,16,0.5358,0.5358,0.4688,0.0,42.1,3,0,0,0
04_Rock2-142-D_comp,allinone+btc+tau0.5,16,15,16,0.5358,0.5358,0.4688,0.0,42.1,3,0,0,0
04_Rock2-142-D_comp,allinone+btc+tau0.6,16,15,16,0.5358,0.5358,0.4688,0.0,42.1,3,0,0,0
04_Rock2-142-D_comp,allinone+btc+tau0.7,16,15,16,0.5894,0.5894,0.5157,0.0,42.1,2,0,0,0
04_Rock2-142-D_comp,allinone+btc+demucs,16,15,16,0.6954,0.6954,0.6085,0.0,49.81,0,0,0,0
04_Rock2-142-D_comp,allinone+btc+demucs+tau0.3,16,15,16,0.5358,0.5358,0.4688,0.0,49.89,3,0,0,0
04_Rock2-142-D_comp,allinone+btc+demucs+tau0.4,16,15,16,0.5358,0.5358,0.4688,0.0,49.89,3,0,0,0
04_Rock2-142-D_comp,allinone+btc+demucs+tau0.5,16,15,16,0.5358,0.5358,0.4688,0.0,49.89,3,0,0,0
04_Rock2-142-D_comp,allinone+btc+demucs+tau0.6,16,15,16,0.5358,0.5358,0.4688,0.0,49.89,3,0,0,0
04_Rock2-142-D_comp,allinone+btc+demucs+tau0.7,16,15,16,0.5894,0.5894,0.5157,0.0,49.89,2,0,0,0
04_Rock2-142-D_comp,allinone+cnnlstm,16,14,16,0.6962,0.6962,0.6092,0.0,42.35,0,0,0,0
04_Rock2-142-D_comp,allinone+cnnlstm+tau0.3,16,14,16,0.5352,0.5352,0.4683,0.0,42.43,3,0,0,0
04_Rock2-142-D_comp,allinone+cnnlstm+tau0.4,16,14,16,0.5352,0.5352,0.4683,0.0,42.43,3,0,0,0
04_Rock2-142-D_comp,allinone+cnnlstm+tau0.5,16,14,16,0.5352,0.5352,0.4683,0.0,42.43,3,0,0,0
04_Rock2-142-D_comp,allinone+cnnlstm+tau0.6,16,14,16,0.5352,0.5352,0.4683,0.0,42.43,3,0,0,0
04_Rock2-142-D_comp,allinone+cnnlstm+tau0.7,16,14,16,0.643,0.643,0.5626,0.0,42.43,1,0,0,0
04_Rock2-142-D_comp,allinone+cnnlstm+demucs,16,14,16,0.6962,0.6962,0.6092,0.0,50.11,0,0,0,0
04_Rock2-142-D_comp,allinone+cnnlstm+demucs+tau0.3,16,14,16,0.5352,0.5352,0.4683,0.0,50.18,3,0,0,0
04_Rock2-142-D_comp,allinone+cnnlstm+demucs+tau0.4,16,14,16,0.5352,0.5352,0.4683,0.0,50.18,3,0,0,0
04_Rock2-142-D_comp,allinone+cnnlstm+demucs+tau0.5,16,14,16,0.5352,0.5352,0.4683,0.0,50.18,3,0,0,0
04_Rock2-142-D_comp,allinone+cnnlstm+demucs+tau0.6,16,14,16,0.5352,0.5352,0.4683,0.0,50.18,3,0,0,0
04_Rock2-142-D_comp,allinone+cnnlstm+demucs+tau0.7,16,14,16,0.643,0.643,0.5626,0.0,50.18,1,0,0,0
04_Rock2-142-D_comp,madmom+btc,16,16,16,0.8888,0.8174,0.7152,0.0,1.43,0,0,0,0
04_Rock2-142-D_comp,madmom+btc+tau0.3,16,16,16,0.5677,0.5677,0.4967,0.0,1.51,9,0,0,0
04_Rock2-142-D_comp,madmom+btc+tau0.4,16,16,16,0.639,0.639,0.5592,0.0,1.51,6,0,0,0
04_Rock2-142-D_comp,madmom+btc+tau0.5,16,16,16,0.8352,0.7819,0.6841,0.0,1.51,2,0,0,0
04_Rock2-142-D_comp,madmom+btc+tau0.6,16,16,16,0.8888,0.8174,0.7152,0.0,1.51,0,0,0,0
04_Rock2-142-D_comp,madmom+btc+tau0.7,16,16,16,0.8888,0.8174,0.7152,0.0,1.51,0,0,0,0
04_Rock2-142-D_comp,madmom+btc+demucs,16,16,16,0.8888,0.8174,0.7152,0.0,9.22,0,0,0,0
04_Rock2-142-D_comp,madmom+btc+demucs+tau0.3,16,16,16,0.5677,0.5677,0.4967,0.0,9.3,9,0,0,0
04_Rock2-142-D_comp,madmom+btc+demucs+tau0.4,16,16,16,0.639,0.639,0.5592,0.0,9.3,6,0,0,0
04_Rock2-142-D_comp,madmom+btc+demucs+tau0.5,16,16,16,0.8352,0.7819,0.6841,0.0,9.3,2,0,0,0
04_Rock2-142-D_comp,madmom+btc+demucs+tau0.6,16,16,16,0.8888,0.8174,0.7152,0.0,9.3,0,0,0,0
04_Rock2-142-D_comp,madmom+btc+demucs+tau0.7,16,16,16,0.8888,0.8174,0.7152,0.0,9.3,0,0,0,0
04_Rock2-142-D_comp,madmom+cnnlstm,16,16,16,0.9066,0.8351,0.7307,0.0,1.76,0,0,0,0
04_Rock2-142-D_comp,madmom+cnnlstm+tau0.3,16,16,16,0.5318,0.5318,0.4653,0.0,1.84,10,0,0,0
04_Rock2-142-D_comp,madmom+cnnlstm+tau0.4,16,16,16,0.6568,0.6568,0.5747,0.0,1.84,6,0,0,0
04_Rock2-142-D_comp,madmom+cnnlstm+tau0.5,16,16,16,0.8529,0.7996,0.6997,0.0,1.84,2,0,0,0
04_Rock2-142-D_comp,madmom+cnnlstm+tau0.6,16,16,16,0.9066,0.8351,0.7307,0.0,1.84,0,0,0,0
04_Rock2-142-D_comp,madmom+cnnlstm+tau0.7,16,16,16,0.9066,0.8351,0.7307,0.0,1.84,0,0,0,0
04_Rock2-142-D_comp,madmom+cnnlstm+demucs,16,16,16,0.9066,0.8351,0.7307,0.0,9.52,0,0,0,0
04_Rock2-142-D_comp,madmom+cnnlstm+demucs+tau0.3,16,16,16,0.5318,0.5318,0.4653,0.0,9.6,10,0,0,0
04_Rock2-142-D_comp,madmom+cnnlstm+demucs+tau0.4,16,16,16,0.6568,0.6568,0.5747,0.0,9.6,6,0,0,0
04_Rock2-142-D_comp,madmom+cnnlstm+demucs+tau0.5,16,16,16,0.8529,0.7996,0.6997,0.0,9.6,2,0,0,0
04_Rock2-142-D_comp,madmom+cnnlstm+demucs+tau0.6,16,16,16,0.9066,0.8351,0.7307,0.0,9.6,0,0,0,0
04_Rock2-142-D_comp,madmom+cnnlstm+demucs+tau0.7,16,16,16,0.9066,0.8351,0.7307,0.0,9.6,0,0,0,0
04_Rock2-85-F_comp,allinone+btc,2,2,16,0.9934,0.9274,0.9004,1.0,63.02,0,0,0,0
04_Rock2-85-F_comp,allinone+btc+tau0.3,3,3,16,0.9273,0.8613,0.8384,1.0,63.15,1,0,0,0
04_Rock2-85-F_comp,allinone+btc+tau0.4,2,2,16,0.9934,0.9274,0.9004,1.0,63.15,0,0,0,0
04_Rock2-85-F_comp,allinone+btc+tau0.5,2,2,16,0.9934,0.9274,0.9004,1.0,63.15,0,0,0,0
04_Rock2-85-F_comp,allinone+btc+tau0.6,2,2,16,0.9934,0.9274,0.9004,1.0,63.15,0,0,0,0
04_Rock2-85-F_comp,allinone+btc+tau0.7,2,2,16,0.9934,0.9274,0.9004,1.0,63.15,0,0,0,0
04_Rock2-85-F_comp,allinone+btc+demucs,2,2,16,0.9934,0.9274,0.9004,1.0,75.21,0,0,0,0
04_Rock2-85-F_comp,allinone+btc+demucs+tau0.3,3,3,16,0.9273,0.8613,0.8384,1.0,75.32,1,0,0,0
04_Rock2-85-F_comp,allinone+btc+demucs+tau0.4,2,2,16,0.9934,0.9274,0.9004,1.0,75.32,0,0,0,0
04_Rock2-85-F_comp,allinone+btc+demucs+tau0.5,2,2,16,0.9934,0.9274,0.9004,1.0,75.32,0,0,0,0
04_Rock2-85-F_comp,allinone+btc+demucs+tau0.6,2,2,16,0.9934,0.9274,0.9004,1.0,75.32,0,0,0,0
04_Rock2-85-F_comp,allinone+btc+demucs+tau0.7,2,2,16,0.9934,0.9274,0.9004,1.0,75.32,0,0,0,0
04_Rock2-85-F_comp,allinone+cnnlstm,3,3,16,0.9934,0.8611,0.8073,1.0,63.54,0,0,0,0
04_Rock2-85-F_comp,allinone+cnnlstm+tau0.3,4,4,16,0.9273,0.795,0.7453,1.0,63.67,1,0,0,0
04_Rock2-85-F_comp,allinone+cnnlstm+tau0.4,3,3,16,0.9934,0.8611,0.8073,1.0,63.67,0,0,0,0
04_Rock2-85-F_comp,allinone+cnnlstm+tau0.5,3,3,16,0.9934,0.8611,0.8073,1.0,63.67,0,0,0,0
04_Rock2-85-F_comp,allinone+cnnlstm+tau0.6,3,3,16,0.9934,0.8611,0.8073,1.0,63.67,0,0,0,0
04_Rock2-85-F_comp,allinone+cnnlstm+tau0.7,3,3,16,0.9934,0.8611,0.8073,1.0,63.67,0,0,0,0
04_Rock2-85-F_comp,allinone+cnnlstm+demucs,3,3,16,0.9934,0.8611,0.8073,1.0,75.71,0,0,0,0
04_Rock2-85-F_comp,allinone+cnnlstm+demucs+tau0.3,4,4,16,0.9273,0.795,0.7453,1.0,75.83,1,0,0,0
04_Rock2-85-F_comp,allinone+cnnlstm+demucs+tau0.4,3,3,16,0.9934,0.8611,0.8073,1.0,75.83,0,0,0,0
04_Rock2-85-F_comp,allinone+cnnlstm+demucs+tau0.5,3,3,16,0.9934,0.8611,0.8073,1.0,75.83,0,0,0,0
04_Rock2-85-F_comp,allinone+cnnlstm+demucs+tau0.6,3,3,16,0.9934,0.8611,0.8073,1.0,75.83,0,0,0,0
04_Rock2-85-F_comp,allinone+cnnlstm+demucs+tau0.7,3,3,16,0.9934,0.8611,0.8073,1.0,75.83,0,0,0,0
04_Rock2-85-F_comp,madmom+btc,16,16,16,0.969,0.9029,0.8775,0.6531,2.36,0,0,0,0
04_Rock2-85-F_comp,madmom+btc+tau0.3,16,16,16,0.9021,0.8361,0.8148,0.6531,2.49,2,0,0,0
04_Rock2-85-F_comp,madmom+btc+tau0.4,16,16,16,0.9352,0.8692,0.8458,0.6531,2.49,1,0,0,0
04_Rock2-85-F_comp,madmom+btc+tau0.5,16,16,16,0.969,0.9029,0.8775,0.6531,2.49,0,0,0,0
04_Rock2-85-F_comp,madmom+btc+tau0.6,16,16,16,0.969,0.9029,0.8775,0.6531,2.49,0,0,0,0
04_Rock2-85-F_comp,madmom+btc+tau0.7,16,16,16,0.969,0.9029,0.8775,0.6531,2.49,0,0,0,0
04_Rock2-85-F_comp,madmom+btc+demucs,16,16,16,0.969,0.9029,0.8775,0.6531,14.55,0,0,0,0
04_Rock2-85-F_comp,madmom+btc+demucs+tau0.3,16,16,16,0.9021,0.8361,0.8148,0.6531,14.66,2,0,0,0
04_Rock2-85-F_comp,madmom+btc+demucs+tau0.4,16,16,16,0.9352,0.8692,0.8458,0.6531,14.66,1,0,0,0
04_Rock2-85-F_comp,madmom+btc+demucs+tau0.5,16,16,16,0.969,0.9029,0.8775,0.6531,14.66,0,0,0,0
04_Rock2-85-F_comp,madmom+btc+demucs+tau0.6,16,16,16,0.969,0.9029,0.8775,0.6531,14.66,0,0,0,0
04_Rock2-85-F_comp,madmom+btc+demucs+tau0.7,16,16,16,0.969,0.9029,0.8775,0.6531,14.66,0,0,0,0
04_Rock2-85-F_comp,madmom+cnnlstm,16,16,16,0.993,0.8608,0.807,0.6531,2.89,0,0,0,0
04_Rock2-85-F_comp,madmom+cnnlstm+tau0.3,16,16,16,0.8936,0.7613,0.7138,0.6531,3.01,3,0,0,0
04_Rock2-85-F_comp,madmom+cnnlstm+tau0.4,16,16,16,0.9593,0.827,0.7753,0.6531,3.01,1,0,0,0
04_Rock2-85-F_comp,madmom+cnnlstm+tau0.5,16,16,16,0.993,0.8608,0.807,0.6531,3.01,0,0,0,0
04_Rock2-85-F_comp,madmom+cnnlstm+tau0.6,16,16,16,0.993,0.8608,0.807,0.6531,3.01,0,0,0,0
04_Rock2-85-F_comp,madmom+cnnlstm+tau0.7,16,16,16,0.993,0.8608,0.807,0.6531,3.01,0,0,0,0
04_Rock2-85-F_comp,madmom+cnnlstm+demucs,16,16,16,0.993,0.8608,0.807,0.6531,15.05,0,0,0,0
04_Rock2-85-F_comp,madmom+cnnlstm+demucs+tau0.3,16,16,16,0.8936,0.7613,0.7138,0.6531,15.17,3,0,0,0
04_Rock2-85-F_comp,madmom+cnnlstm+demucs+tau0.4,16,16,16,0.9593,0.827,0.7753,0.6531,15.17,1,0,0,0
04_Rock2-85-F_comp,madmom+cnnlstm+demucs+tau0.5,16,16,16,0.993,0.8608,0.807,0.6531,15.17,0,0,0,0
04_Rock2-85-F_comp,madmom+cnnlstm+demucs+tau0.6,16,16,16,0.993,0.8608,0.807,0.6531,15.17,0,0,0,0
04_Rock2-85-F_comp,madmom+cnnlstm+demucs+tau0.7,16,16,16,0.993,0.8608,0.807,0.6531,15.17,0,0,0,0
04_Rock3-117-Bb_comp,allinone+btc,7,6,16,0.7463,0.7463,0.6997,0.9333,49.3,0,0,1,0
04_Rock3-117-Bb_comp,allinone+btc+tau0.3,12,11,16,0.333,0.333,0.3122,0.9333,49.39,8,0,1,0
04_Rock3-117-Bb_comp,allinone+btc+tau0.4,12,11,16,0.333,0.333,0.3122,0.9333,49.39,8,0,1,0
04_Rock3-117-Bb_comp,allinone+btc+tau0.5,12,11,16,0.333,0.333,0.3122,0.9333,49.39,8,0,1,0
04_Rock3-117-Bb_comp,allinone+btc+tau0.6,12,11,16,0.333,0.333,0.3122,0.9333,49.39,7,0,1,0
04_Rock3-117-Bb_comp,allinone+btc+tau0.7,10,9,16,0.5479,0.5479,0.5137,0.9333,49.39,3,0,1,0
04_Rock3-117-Bb_comp,allinone+btc+demucs,7,6,16,0.7463,0.7463,0.6997,0.9333,58.52,0,0,1,0
04_Rock3-117-Bb_comp,allinone+btc+demucs+tau0.3,12,11,16,0.333,0.333,0.3122,0.9333,58.61,8,0,1,0
04_Rock3-117-Bb_comp,allinone+btc+demucs+tau0.4,12,11,16,0.333,0.333,0.3122,0.9333,58.61,8,0,1,0
04_Rock3-117-Bb_comp,allinone+btc+demucs+tau0.5,12,11,16,0.333,0.333,0.3122,0.9333,58.61,8,0,1,0
04_Rock3-117-Bb_comp,allinone+btc+demucs+tau0.6,12,11,16,0.333,0.333,0.3122,0.9333,58.61,7,0,1,0
04_Rock3-117-Bb_comp,allinone+btc+demucs+tau0.7,10,9,16,0.5151,0.5151,0.4829,0.9333,58.61,4,0,1,0
04_Rock3-117-Bb_comp,allinone+cnnlstm,7,6,16,0.7463,0.7463,0.6997,0.9333,49.67,0,0,1,0
04_Rock3-117-Bb_comp,allinone+cnnlstm+tau0.3,12,11,16,0.333,0.333,0.3122,0.9333,49.77,8,0,1,0
04_Rock3-117-Bb_comp,allinone+cnnlstm+tau0.4,12,11,16,0.333,0.333,0.3122,0.9333,49.77,8,0,1,0
04_Rock3-117-Bb_comp,allinone+cnnlstm+tau0.5,12,11,16,0.333,0.333,0.3122,0.9333,49.77,8,0,1,0
04_Rock3-117-Bb_comp,allinone+cnnlstm+tau0.6,12,11,16,0.333,0.333,0.3122,0.9333,49.77,7,0,1,0
04_Rock3-117-Bb_comp,allinone+cnnlstm+tau0.7,10,9,16,0.5479,0.5479,0.5137,0.9333,49.77,3,0,1,0
04_Rock3-117-Bb_comp,allinone+cnnlstm+demucs,7,6,16,0.7463,0.7463,0.6997,0.9333,58.87,0,0,1,0
04_Rock3-117-Bb_comp,allinone+cnnlstm+demucs+tau0.3,12,11,16,0.333,0.333,0.3122,0.9333,58.96,8,0,1,0
04_Rock3-117-Bb_comp,allinone+cnnlstm+demucs+tau0.4,12,11,16,0.333,0.333,0.3122,0.9333,58.96,8,0,1,0
04_Rock3-117-Bb_comp,allinone+cnnlstm+demucs+tau0.5,12,11,16,0.333,0.333,0.3122,0.9333,58.96,8,0,1,0
04_Rock3-117-Bb_comp,allinone+cnnlstm+demucs+tau0.6,12,11,16,0.333,0.333,0.3122,0.9333,58.96,7,0,1,0
04_Rock3-117-Bb_comp,allinone+cnnlstm+demucs+tau0.7,10,9,16,0.5151,0.5151,0.4829,0.9333,58.96,4,0,1,0
04_Rock3-117-Bb_comp,madmom+btc,4,3,16,0.8619,0.8619,0.8081,1.0,1.73,0,0,1,0
04_Rock3-117-Bb_comp,madmom+btc+tau0.3,11,10,16,0.3996,0.3996,0.3746,1.0,1.83,8,0,1,0
04_Rock3-117-Bb_comp,madmom+btc+tau0.4,11,10,16,0.3996,0.3996,0.3746,1.0,1.83,8,0,1,0
04_Rock3-117-Bb_comp,madmom+btc+tau0.5,11,10,16,0.3996,0.3996,0.3746,1.0,1.83,8,0,1,0
04_Rock3-117-Bb_comp,madmom+btc+tau0.6,11,10,16,0.3996,0.3996,0.3746,1.0,1.83,7,0,1,0
04_Rock3-117-Bb_comp,madmom+btc+tau0.7,7,6,16,0.6635,0.6635,0.622,1.0,1.83,3,0,1,0
04_Rock3-117-Bb_comp,madmom+btc+demucs,4,3,16,0.8619,0.8619,0.8081,1.0,10.96,0,0,1,0
04_Rock3-117-Bb_comp,madmom+btc+demucs+tau0.3,11,10,16,0.3996,0.3996,0.3746,1.0,11.05,8,0,1,0
04_Rock3-117-Bb_comp,madmom+btc+demucs+tau0.4,11,10,16,0.3996,0.3996,0.3746,1.0,11.05,8,0,1,0
04_Rock3-117-Bb_comp,madmom+btc+demucs+tau0.5,11,10,16,0.3996,0.3996,0.3746,1.0,11.05,8,0,1,0
04_Rock3-117-Bb_comp,madmom+btc+demucs+tau0.6,11,10,16,0.3996,0.3996,0.3746,1.0,11.05,8,0,1,0
04_Rock3-117-Bb_comp,madmom+btc+demucs+tau0.7,8,7,16,0.5976,0.5976,0.5602,1.0,11.05,4,0,1,0
04_Rock3-117-Bb_comp,madmom+cnnlstm,4,3,16,0.8619,0.8619,0.8081,1.0,2.11,0,0,1,0
04_Rock3-117-Bb_comp,madmom+cnnlstm+tau0.3,11,10,16,0.3996,0.3996,0.3746,1.0,2.21,8,0,1,0
04_Rock3-117-Bb_comp,madmom+cnnlstm+tau0.4,11,10,16,0.3996,0.3996,0.3746,1.0,2.21,8,0,1,0
04_Rock3-117-Bb_comp,madmom+cnnlstm+tau0.5,11,10,16,0.3996,0.3996,0.3746,1.0,2.21,8,0,1,0
04_Rock3-117-Bb_comp,madmom+cnnlstm+tau0.6,11,10,16,0.3996,0.3996,0.3746,1.0,2.21,7,0,1,0
04_Rock3-117-Bb_comp,madmom+cnnlstm+tau0.7,7,6,16,0.6635,0.6635,0.622,1.0,2.21,3,0,1,0
04_Rock3-117-Bb_comp,madmom+cnnlstm+demucs,4,3,16,0.8619,0.8619,0.8081,1.0,11.31,0,0,1,0
04_Rock3-117-Bb_comp,madmom+cnnlstm+demucs+tau0.3,11,10,16,0.3996,0.3996,0.3746,1.0,11.4,8,0,1,0
04_Rock3-117-Bb_comp,madmom+cnnlstm+demucs+tau0.4,11,10,16,0.3996,0.3996,0.3746,1.0,11.4,8,0,1,0
04_Rock3-117-Bb_comp,madmom+cnnlstm+demucs+tau0.5,11,10,16,0.3996,0.3996,0.3746,1.0,11.4,8,0,1,0
04_Rock3-117-Bb_comp,madmom+cnnlstm+demucs+tau0.6,11,10,16,0.3996,0.3996,0.3746,1.0,11.4,8,0,1,0
04_Rock3-117-Bb_comp,madmom+cnnlstm+demucs+tau0.7,8,7,16,0.5976,0.5976,0.5602,1.0,11.4,4,0,1,0
04_Rock3-148-C_comp,allinone+btc,16,16,16,0.3152,0.2658,0.2492,0.0,41.06,0,0,0,0
04_Rock3-148-C_comp,allinone+btc+tau0.3,16,16,16,0.115,0.115,0.1078,0.0,41.14,5,0,0,0
04_Rock3-148-C_comp,allinone+btc+tau0.4,16,16,16,0.115,0.115,0.1078,0.0,41.14,5,0,0,0
04_Rock3-148-C_comp,allinone+btc+tau0.5,16,16,16,0.115,0.115,0.1078,0.0,41.14,4,0,0,0
04_Rock3-148-C_comp,allinone+btc+tau0.6,16,16,16,0.1643,0.115,0.1078,0.0,41.14,3,0,0,0
04_Rock3-148-C_comp,allinone+btc+tau0.7,16,16,16,0.1643,0.115,0.1078,0.0,41.14,3,0,0,0
04_Rock3-148-C_comp,allinone+btc+demucs,16,16,16,0.3152,0.2658,0.2492,0.0,48.73,0,0,0,0
04_Rock3-148-C_comp,allinone+btc+demucs+tau0.3,16,16,16,0.115,0.115,0.1078,0.0,48.8,5,0,0,0
04_Rock3-148-C_comp,allinone+btc+demucs+tau0.4,16,16,16,0.115,0.115,0.1078,0.0,48.8,5,0,0,0
04_Rock3-148-C_comp,allinone+btc+demucs+tau0.5,16,16,16,0.115,0.115,0.1078,0.0,48.8,4,0,0,0
04_Rock3-148-C_comp,allinone+btc+demucs+tau0.6,16,16,16,0.115,0.115,0.1078,0.0,48.8,4,0,0,0
04_Rock3-148-C_comp,allinone+btc+demucs+tau0.7,16,16,16,0.2144,0.165,0.1547,0.0,48.8,2,0,0,0
04_Rock3-148-C_comp,allinone+cnnlstm,16,16,16,0.3325,0.2658,0.2492,0.0,41.36,0,0,0,0
04_Rock3-148-C_comp,allinone+cnnlstm+tau0.3,16,16,16,0.115,0.115,0.1078,0.0,41.44,4,0,0,0
04_Rock3-148-C_comp,allinone+cnnlstm+tau0.4,16,16,16,0.115,0.115,0.1078,0.0,41.44,4,0,0,0
04_Rock3-148-C_comp,allinone+cnnlstm+tau0.5,16,16,16,0.115,0.115,0.1078,0.0,41.44,4,0,0,0
04_Rock3-148-C_comp,allinone+cnnlstm+tau0.6,16,16,16,0.115,0.115,0.1078,0.0,41.44,4,0,0,0
04_Rock3-148-C_comp,allinone+cnnlstm+tau0.7,16,16,16,0.115,0.115,0.1078,0.0,41.44,4,0,0,0
04_Rock3-148-C_comp,allinone+cnnlstm+demucs,16,16,16,0.3325,0.2658,0.2492,0.0,49.01,0,0,0,0
04_Rock3-148-C_comp,allinone+cnnlstm+demucs+tau0.3,16,16,16,0.115,0.115,0.1078,0.0,49.09,4,0,0,0
04_Rock3-148-C_comp,allinone+cnnlstm+demucs+tau0.4,16,16,16,0.115,0.115,0.1078,0.0,49.09,4,0,0,0
04_Rock3-148-C_comp,allinone+cnnlstm+demucs+tau0.5,16,16,16,0.115,0.115,0.1078,0.0,49.09,4,0,0,0
04_Rock3-148-C_comp,allinone+cnnlstm+demucs+tau0.6,16,16,16,0.115,0.115,0.1078,0.0,49.09,4,0,0,0
04_Rock3-148-C_comp,allinone+cnnlstm+demucs+tau0.7,16,16,16,0.165,0.165,0.1547,0.0,49.09,3,0,0,0
04_Rock3-148-C_comp,madmom+btc,16,16,16,0.7837,0.717,0.6722,0.0,1.4,0,0,0,0
04_Rock3-148-C_comp,madmom+btc+tau0.3,16,16,16,0.251,0.251,0.2353,0.0,1.48,17,0,0,0
04_Rock3-148-C_comp,madmom+btc+tau0.4,16,16,16,0.2843,0.2843,0.2665,0.0,1.48,15,0,0,0
04_Rock3-148-C_comp,madmom+btc+tau0.5,16,16,16,0.4003,0.4003,0.3753,0.0,1.48,11,0,0,0
04_Rock3-148-C_comp,madmom+btc+tau0.6,16,16,16,0.5486,0.4992,0.468,0.0,1.48,8,0,0,0
04_Rock3-148-C_comp,madmom+btc+tau0.7,16,16,16,0.7155,0.6488,0.6083,0.0,1.48,4,0,0,0
04_Rock3-148-C_comp,madmom+btc+demucs,16,16,16,0.7837,0.717,0.6722,0.0,9.08,0,0,0,0
04_Rock3-148-C_comp,madmom+btc+demucs+tau0.3,16,16,16,0.251,0.251,0.2353,0.0,9.15,17,0,0,0
04_Rock3-148-C_comp,madmom+btc+demucs+tau0.4,16,16,16,0.2843,0.2843,0.2665,0.0,9.15,15,0,0,0
04_Rock3-148-C_comp,madmom+btc+demucs+tau0.5,16,16,16,0.2843,0.2843,0.2665,0.0,9.15,15,0,0,0
04_Rock3-148-C_comp,madmom+btc+demucs+tau0.6,16,16,16,0.4003,0.4003,0.3753,0.0,9.15,11,0,0,0
04_Rock3-148-C_comp,madmom+btc+demucs+tau0.7,16,16,16,0.5003,0.5003,0.469,0.0,9.15,9,0,0,0
04_Rock3-148-C_comp,madmom+cnnlstm,16,16,16,0.8142,0.7484,0.7016,0.0,1.71,0,0,0,0
04_Rock3-148-C_comp,madmom+cnnlstm+tau0.3,16,16,16,0.3337,0.3172,0.2974,0.0,1.78,14,0,0,0
04_Rock3-148-C_comp,madmom+cnnlstm+tau0.4,16,16,16,0.4164,0.4,0.3749,0.0,1.78,11,0,0,0
04_Rock3-148-C_comp,madmom+cnnlstm+tau0.5,16,16,16,0.5159,0.4995,0.4682,0.0,1.78,8,0,0,0
04_Rock3-148-C_comp,madmom+cnnlstm+tau0.6,16,16,16,0.6642,0.5983,0.5609,0.0,1.78,5,0,0,0
04_Rock3-148-C_comp,madmom+cnnlstm+tau0.7,16,16,16,0.7142,0.6483,0.6078,0.0,1.78,4,0,0,0
04_Rock3-148-C_comp,madmom+cnnlstm+demucs,16,16,16,0.8142,0.7484,0.7016,0.0,9.36,0,0,0,0
04_Rock3-148-C_comp,madmom+cnnlstm+demucs+tau0.3,16,16,16,0.367,0.3505,0.3286,0.0,9.43,13,0,0,0
04_Rock3-148-C_comp,madmom+cnnlstm+demucs+tau0.4,16,16,16,0.4164,0.4,0.3749,0.0,9.43,11,0,0,0
04_Rock3-148-C_comp,madmom+cnnlstm+demucs+tau0.5,16,16,16,0.4164,0.4,0.3749,0.0,9.43,11,0,0,0
04_Rock3-148-C_comp,madmom+cnnlstm+demucs+tau0.6,16,16,16,0.5159,0.4995,0.4682,0.0,9.43,8,0,0,0
04_Rock3-148-C_comp,madmom+cnnlstm+demucs+tau0.7,16,16,16,0.5657,0.5492,0.5149,0.0,9.43,7,0,0,0
04_SS1-100-C#_comp,allinone+btc,3,3,12,0.8062,0.8062,0.8062,0.9091,43.5,0,0,0,0
04_SS1-100-C#_comp,allinone+btc+tau0.3,11,11,12,0.1448,0.1448,0.1448,0.9091,43.58,8,0,0,0
04_SS1-100-C#_comp,allinone+btc+tau0.4,7,7,12,0.4764,0.4764,0.4764,0.9091,43.58,4,0,0,0
04_SS1-100-C#_comp,allinone+btc+tau0.5,6,6,12,0.5587,0.5587,0.5587,0.9091,43.58,3,0,0,0
04_SS1-100-C#_comp,allinone+btc+tau0.6,3,3,12,0.8062,0.8062,0.8062,0.9091,43.58,0,0,0,0
04_SS1-100-C#_comp,allinone+btc+tau0.7,3,3,12,0.8062,0.8062,0.8062,0.9091,43.58,0,0,0,0
04_SS1-100-C#_comp,allinone+btc+demucs,3,3,12,0.8062,0.8062,0.8062,0.9091,51.33,0,0,0,0
04_SS1-100-C#_comp,allinone+btc+demucs+tau0.3,11,11,12,0.1448,0.1448,0.1448,0.9091,51.41,8,0,0,0
04_SS1-100-C#_comp,allinone+btc+demucs+tau0.4,7,7,12,0.4764,0.4764,0.4764,0.9091,51.41,4,0,0,0
04_SS1-100-C#_comp,allinone+btc+demucs+tau0.5,6,6,12,0.5587,0.5587,0.5587,0.9091,51.41,3,0,0,0
04_SS1-100-C#_comp,allinone+btc+demucs+tau0.6,3,3,12,0.8062,0.8062,0.8062,0.9091,51.41,0,0,0,0
04_SS1-100-C#_comp,allinone+btc+demucs+tau0.7,3,3,12,0.8062,0.8062,0.8062,0.9091,51.41,0,0,0,0
04_SS1-100-C#_comp,allinone+cnnlstm,4,4,12,0.7865,0.7865,0.7865,0.9091,43.85,0,0,0,0
04_SS1-100-C#_comp,allinone+cnnlstm+tau0.3,11,11,12,0.1458,0.1458,0.1458,0.9091,43.93,8,0,0,0
04_SS1-100-C#_comp,allinone+cnnlstm+tau0.4,8,8,12,0.4566,0.4566,0.4566,0.9091,43.93,4,0,0,0
04_SS1-100-C#_comp,allinone+cnnlstm+tau0.5,7,7,12,0.5389,0.5389,0.5389,0.9091,43.93,3,0,0,0
04_SS1-100-C#_comp,allinone+cnnlstm+tau0.6,4,4,12,0.7865,0.7865,0.7865,0.9091,43.93,0,0,0,0
04_SS1-100-C#_comp,allinone+cnnlstm+tau0.7,4,4,12,0.7865,0.7865,0.7865,0.9091,43.93,0,0,0,0
04_SS1-100-C#_comp,allinone+cnnlstm+demucs,4,4,12,0.7865,0.7865,0.7865,0.9091,51.65,0,0,0,0
04_SS1-100-C#_comp,allinone+cnnlstm+demucs+tau0.3,11,11,12,0.1458,0.1458,0.1458,0.9091,51.73,8,0,0,0
04_SS1-100-C#_comp,allinone+cnnlstm+demucs+tau0.4,8,8,12,0.4566,0.4566,0.4566,0.9091,51.73,4,0,0,0
04_SS1-100-C#_comp,allinone+cnnlstm+demucs+tau0.5,7,7,12,0.5389,0.5389,0.5389,0.9091,51.73,3,0,0,0
04_SS1-100-C#_comp,allinone+cnnlstm+demucs+tau0.6,4,4,12,0.7865,0.7865,0.7865,0.9091,51.73,0,0,0,0
04_SS1-100-C#_comp,allinone+cnnlstm+demucs+tau0.7,4,4,12,0.7865,0.7865,0.7865,0.9091,51.73,0,0,0,0
04_SS1-100-C#_comp,madmom+btc,12,12,12,0.9778,0.9778,0.9778,0.6286,1.52,0,0,0,0
04_SS1-100-C#_comp,madmom+btc+tau0.3,12,12,12,0.2823,0.2823,0.2823,0.6286,1.6,17,0,0,0
04_SS1-100-C#_comp,madmom+btc+tau0.4,12,12,12,0.6458,0.6458,0.6458,0.6286,1.6,8,0,0,0
04_SS1-100-C#_comp,madmom+btc+tau0.5,12,12,12,0.8118,0.8118,0.8118,0.6286,1.6,4,0,0,0
04_SS1-100-C#_comp,madmom+btc+tau0.6,12,12,12,0.8531,0.8531,0.8531,0.6286,1.6,3,0,0,0
04_SS1-100-C#_comp,madmom+btc+tau0.7,12,12,12,0.9778,0.9778,0.9778,0.6286,1.6,0,0,0,0
04_SS1-100-C#_comp,madmom+btc+demucs,12,12,12,0.9778,0.9778,0.9778,0.6286,9.35,0,0,0,0
04_SS1-100-C#_comp,madmom+btc+demucs+tau0.3,12,12,12,0.2823,0.2823,0.2823,0.6286,9.43,17,0,0,0
04_SS1-100-C#_comp,madmom+btc+demucs+tau0.4,12,12,12,0.6872,0.6872,0.6872,0.6286,9.43,7,0,0,0
04_SS1-100-C#_comp,madmom+btc+demucs+tau0.5,12,12,12,0.8118,0.8118,0.8118,0.6286,9.43,4,0,0,0
04_SS1-100-C#_comp,madmom+btc+demucs+tau0.6,12,12,12,0.8531,0.8531,0.8531,0.6286,9.43,3,0,0,0
04_SS1-100-C#_comp,madmom+btc+demucs+tau0.7,12,12,12,0.9778,0.9778,0.9778,0.6286,9.43,0,0,0,0
04_SS1-100-C#_comp,madmom+cnnlstm,12,12,12,0.9677,0.9677,0.9677,0.6286,1.87,0,0,0,0
04_SS1-100-C#_comp,madmom+cnnlstm+tau0.3,12,12,12,0.2719,0.2719,0.2719,0.6286,1.95,18,0,0,0
04_SS1-100-C#_comp,madmom+cnnlstm+tau0.4,12,12,12,0.6354,0.6354,0.6354,0.6286,1.95,9,0,0,0
04_SS1-100-C#_comp,madmom+cnnlstm+tau0.5,12,12,12,0.8014,0.8014,0.8014,0.6286,1.95,5,0,0,0
04_SS1-100-C#_comp,madmom+cnnlstm+tau0.6,12,12,12,0.8431,0.8431,0.8431,0.6286,1.95,3,0,0,0
04_SS1-100-C#_comp,madmom+cnnlstm+tau0.7,12,12,12,0.9677,0.9677,0.9677,0.6286,1.95,0,0,0,0
04_SS1-100-C#_comp,madmom+cnnlstm+demucs,12,12,12,0.9677,0.9677,0.9677,0.6286,9.67,0,0,0,0
04_SS1-100-C#_comp,madmom+cnnlstm+demucs+tau0.3,12,12,12,0.2719,0.2719,0.2719,0.6286,9.75,18,0,0,0
04_SS1-100-C#_comp,madmom+cnnlstm+demucs+tau0.4,12,12,12,0.6767,0.6767,0.6767,0.6286,9.75,8,0,0,0
04_SS1-100-C#_comp,madmom+cnnlstm+demucs+tau0.5,12,12,12,0.8014,0.8014,0.8014,0.6286,9.75,5,0,0,0
04_SS1-100-C#_comp,madmom+cnnlstm+demucs+tau0.6,12,12,12,0.8431,0.8431,0.8431,0.6286,9.75,3,0,0,0
04_SS1-100-C#_comp,madmom+cnnlstm+demucs+tau0.7,12,12,12,0.9677,0.9677,0.9677,0.6286,9.75,0,0,0,0
04_SS1-68-E_comp,allinone+btc,12,12,12,0.6735,0.6735,0.7528,0.0,60.42,0,0,0,0
04_SS1-68-E_comp,allinone+btc+tau0.3,12,12,12,0.2019,0.2019,0.4384,0.0,60.53,10,0,0,0
04_SS1-68-E_comp,allinone+btc+tau0.4,12,12,12,0.5156,0.5156,0.6475,0.0,60.53,4,0,0,0
04_SS1-68-E_comp,allinone+btc+tau0.5,12,12,12,0.5776,0.5776,0.6888,0.0,60.53,3,0,0,0
04_SS1-68-E_comp,allinone+btc+tau0.6,12,12,12,0.6096,0.6096,0.7102,0.0,60.53,2,0,0,0
04_SS1-68-E_comp,allinone+btc+tau0.7,12,12,12,0.6421,0.6421,0.7318,0.0,60.53,1,0,0,0
04_SS1-68-E_comp,allinone+btc+demucs,12,12,12,0.6735,0.6735,0.7528,0.0,72.64,0,0,0,0
04_SS1-68-E_comp,allinone+btc+demucs+tau0.3,12,12,12,0.2019,0.2019,0.4384,0.0,72.76,10,0,0,0
04_SS1-68-E_comp,allinone+btc+demucs+tau0.4,12,12,12,0.5156,0.5156,0.6475,0.0,72.75,4,0,0,0
04_SS1-68-E_comp,allinone+btc+demucs+tau0.5,12,12,12,0.5776,0.5776,0.6888,0.0,72.75,3,0,0,0
04_SS1-68-E_comp,allinone+btc+demucs+tau0.6,12,12,12,0.6096,0.6096,0.7102,0.0,72.75,2,0,0,0
04_SS1-68-E_comp,allinone+btc+demucs+tau0.7,12,12,12,0.6421,0.6421,0.7318,0.0,72.75,1,0,0,0
04_SS1-68-E_comp,allinone+cnnlstm,12,12,12,0.6726,0.6726,0.5219,0.0,60.89,0,0,0,0
04_SS1-68-E_comp,allinone+cnnlstm+tau0.3,12,12,12,0.2331,0.2331,0.2289,0.0,61.0,17,0,0,0
04_SS1-68-E_comp,allinone+cnnlstm+tau0.4,12,12,12,0.5467,0.5467,0.438,0.0,61.0,11,0,0,0
04_SS1-68-E_comp,allinone+cnnlstm+tau0.5,12,12,12,0.6087,0.6087,0.4793,0.0,61.0,10,0,0,0
04_SS1-68-E_comp,allinone+cnnlstm+tau0.6,12,12,12,0.6087,0.6087,0.4793,0.0,61.0,10,0,0,0
04_SS1-68-E_comp,allinone+cnnlstm+tau0.7,12,12,12,0.6411,0.6411,0.501,0.0,61.0,8,0,0,0
04_SS1-68-E_comp,allinone+cnnlstm+demucs,12,12,12,0.6713,0.6713,0.5001,0.0,73.09,0,0,0,0
04_SS1-68-E_comp,allinone+cnnlstm+demucs+tau0.3,12,12,12,0.2331,0.2331,0.2079,0.0,73.2,17,0,0,0
04_SS1-68-E_comp,allinone+cnnlstm+demucs+tau0.4,12,12,12,0.5467,0.5467,0.417,0.0,73.2,11,0,0,0
04_SS1-68-E_comp,allinone+cnnlstm+demucs+tau0.5,12,12,12,0.6087,0.6087,0.4583,0.0,73.2,10,0,0,0
04_SS1-68-E_comp,allinone+cnnlstm+demucs+tau0.6,12,12,12,0.6399,0.6399,0.4791,0.0,73.2,9,0,0,0
04_SS1-68-E_comp,allinone+cnnlstm+demucs+tau0.7,12,12,12,0.6399,0.6399,0.4791,0.0,73.2,8,0,0,0
04_SS1-68-E_comp,madmom+btc,12,12,12,0.9995,0.9995,0.9707,0.0,2.18,0,0,0,0
04_SS1-68-E_comp,madmom+btc+tau0.3,12,12,12,0.2497,0.2497,0.4709,0.0,2.29,14,0,0,0
04_SS1-68-E_comp,madmom+btc+tau0.4,12,12,12,0.7482,0.7482,0.8032,0.0,2.29,6,0,0,0
04_SS1-68-E_comp,madmom+btc+tau0.5,12,12,12,0.9032,0.9032,0.9065,0.0,2.29,3,0,0,0
04_SS1-68-E_comp,madmom+btc+tau0.6,12,12,12,0.9353,0.9353,0.9279,0.0,2.29,2,0,0,0
04_SS1-68-E_comp,madmom+btc+tau0.7,12,12,12,0.9677,0.9677,0.9495,0.0,2.29,1,0,0,0
04_SS1-68-E_comp,madmom+btc+demucs,12,12,12,0.9995,0.9995,0.9707,0.0,14.41,0,0,0,0
04_SS1-68-E_comp,madmom+btc+demucs+tau0.3,12,12,12,0.2497,0.2497,0.4709,0.0,14.52,14,0,0,0
04_SS1-68-E_comp,madmom+btc+demucs+tau0.4,12,12,12,0.7482,0.7482,0.8032,0.0,14.52,6,0,0,0
04_SS1-68-E_comp,madmom+btc+demucs+tau0.5,12,12,12,0.9032,0.9032,0.9065,0.0,14.52,3,0,0,0
04_SS1-68-E_comp,madmom+btc+demucs+tau0.6,12,12,12,0.9353,0.9353,0.9279,0.0,14.52,2,0,0,0
04_SS1-68-E_comp,madmom+btc+demucs+tau0.7,12,12,12,0.9677,0.9677,0.9495,0.0,14.52,1,0,0,0
04_SS1-68-E_comp,madmom+cnnlstm,12,12,12,0.9986,0.9986,0.7395,0.0,2.65,0,0,0,0
04_SS1-68-E_comp,madmom+cnnlstm+tau0.3,12,12,12,0.2809,0.2809,0.2611,0.0,2.76,21,0,0,0
04_SS1-68-E_comp,madmom+cnnlstm+tau0.4,12,12,12,0.7793,0.7793,0.5933,0.0,2.76,13,0,0,0
04_SS1-68-E_comp,madmom+cnnlstm+tau0.5,12,12,12,0.9344,0.9344,0.6967,0.0,2.76,10,0,0,0
04_SS1-68-E_comp,madmom+cnnlstm+tau0.6,12,12,12,0.9344,0.9344,0.6967,0.0,2.76,10,0,0,0
04_SS1-68-E_comp,madmom+cnnlstm+tau0.7,12,12,12,0.9668,0.9668,0.7183,0.0,2.76,8,0,0,0
04_SS1-68-E_comp,madmom+cnnlstm+demucs,12,12,12,0.997,0.997,0.7174,0.0,14.85,0,0,0,0
04_SS1-68-E_comp,madmom+cnnlstm+demucs+tau0.3,12,12,12,0.2809,0.2809,0.24,0.0,14.96,21,0,0,0
04_SS1-68-E_comp,madmom+cnnlstm+demucs+tau0.4,12,12,12,0.7793,0.7793,0.5723,0.0,14.96,13,0,0,0
04_SS1-68-E_comp,madmom+cnnlstm+demucs+tau0.5,12,12,12,0.9344,0.9344,0.6756,0.0,14.96,10,0,0,0
04_SS1-68-E_comp,madmom+cnnlstm+demucs+tau0.6,12,12,12,0.9652,0.9652,0.6962,0.0,14.96,9,0,0,0
04_SS1-68-E_comp,madmom+cnnlstm+demucs+tau0.7,12,12,12,0.9652,0.9652,0.6962,0.0,14.96,8,0,0,0
04_SS2-107-Ab_comp,allinone+btc,8,7,16,0.8176,0.6929,0.6063,0.9677,53.48,0,0,0,0
04_SS2-107-Ab_comp,allinone+btc+tau0.3,10,10,16,0.5345,0.4806,0.4205,0.9677,53.58,6,0,0,0
04_SS2-107-Ab_comp,allinone+btc+tau0.4,10,10,16,0.6052,0.4806,0.4205,0.9677,53.58,5,0,0,0
04_SS2-107-Ab_comp,allinone+btc+tau0.5,10,10,16,0.6052,0.4806,0.4205,0.9677,53.58,5,0,0,0
04_SS2-107-Ab_comp,allinone+btc+tau0.6,9,9,16,0.6761,0.5515,0.4825,0.9677,53.58,4,0,0,0
04_SS2-107-Ab_comp,allinone+btc+tau0.7,8,7,16,0.8176,0.6929,0.6063,0.9677,53.58,2,0,0,0
04_SS2-107-Ab_comp,allinone+btc+demucs,8,7,16,0.8003,0.6929,0.6063,0.9677,64.1,0,0,0,0
04_SS2-107-Ab_comp,allinone+btc+demucs+tau0.3,10,10,16,0.5173,0.4806,0.4205,0.9677,64.2,6,0,0,0
04_SS2-107-Ab_comp,allinone+btc+demucs+tau0.4,10,10,16,0.5879,0.4806,0.4205,0.9677,64.2,5,0,0,0
04_SS2-107-Ab_comp,allinone+btc+demucs+tau0.5,10,10,16,0.5879,0.4806,0.4205,0.9677,64.2,5,0,0,0
04_SS2-107-Ab_comp,allinone+btc+demucs+tau0.6,9,9,16,0.6588,0.5515,0.4825,0.9677,64.2,4,0,0,0
04_SS2-107-Ab_comp,allinone+btc+demucs+tau0.7,8,7,16,0.8003,0.6929,0.6063,0.9677,64.2,2,0,0,0
04_SS2-107-Ab_comp,allinone+cnnlstm,7,6,16,0.9393,0.7628,0.7609,0.9677,53.91,0,0,0,0
04_SS2-107-Ab_comp,allinone+cnnlstm+tau0.3,9,9,16,0.6568,0.5505,0.5751,0.9677,54.01,4,0,0,0
04_SS2-107-Ab_comp,allinone+cnnlstm+tau0.4,9,9,16,0.727,0.5505,0.5751,0.9677,54.01,3,0,0,0
04_SS2-107-Ab_comp,allinone+cnnlstm+tau0.5,9,9,16,0.727,0.5505,0.5751,0.9677,54.01,3,0,0,0
04_SS2-107-Ab_comp,allinone+cnnlstm+tau0.6,8,8,16,0.7979,0.6214,0.6371,0.9677,54.01,2,0,0,0
04_SS2-107-Ab_comp,allinone+cnnlstm+tau0.7,7,6,16,0.9393,0.7628,0.7609,0.9677,54.01,0,0,0,0
04_SS2-107-Ab_comp,allinone+cnnlstm+demucs,7,6,16,0.9393,0.7628,0.7609,0.9677,64.5,0,0,0,0
04_SS2-107-Ab_comp,allinone+cnnlstm+demucs+tau0.3,9,9,16,0.6568,0.5505,0.5751,0.9677,64.6,4,0,0,0
04_SS2-107-Ab_comp,allinone+cnnlstm+demucs+tau0.4,9,9,16,0.727,0.5505,0.5751,0.9677,64.6,3,0,0,0
04_SS2-107-Ab_comp,allinone+cnnlstm+demucs+tau0.5,9,9,16,0.727,0.5505,0.5751,0.9677,64.6,3,0,0,0
04_SS2-107-Ab_comp,allinone+cnnlstm+demucs+tau0.6,8,8,16,0.7979,0.6214,0.6371,0.9677,64.6,2,0,0,0
04_SS2-107-Ab_comp,allinone+cnnlstm+demucs+tau0.7,7,6,16,0.9393,0.7628,0.7609,0.9677,64.6,0,0,0,0
04_SS2-107-Ab_comp,madmom+btc,7,6,16,0.8353,0.711,0.6221,0.9375,1.89,0,0,0,0
04_SS2-107-Ab_comp,madmom+btc+tau0.3,9,9,16,0.552,0.4984,0.4361,0.9375,1.99,6,0,0,0
04_SS2-107-Ab_comp,madmom+btc+tau0.4,9,9,16,0.6227,0.4984,0.4361,0.9375,1.99,5,0,0,0
04_SS2-107-Ab_comp,madmom+btc+tau0.5,9,9,16,0.6227,0.4984,0.4361,0.9375,1.99,5,0,0,0
04_SS2-107-Ab_comp,madmom+btc+tau0.6,8,8,16,0.6936,0.5693,0.4981,0.9375,1.99,4,0,0,0
04_SS2-107-Ab_comp,madmom+btc+tau0.7,7,6,16,0.8353,0.711,0.6221,0.9375,1.99,2,0,0,0
04_SS2-107-Ab_comp,madmom+btc+demucs,7,6,16,0.8183,0.711,0.6221,0.9375,12.51,0,0,0,0
04_SS2-107-Ab_comp,madmom+btc+demucs+tau0.3,9,9,16,0.535,0.4984,0.4361,0.9375,12.6,6,0,0,0
04_SS2-107-Ab_comp,madmom+btc+demucs+tau0.4,9,9,16,0.6057,0.4984,0.4361,0.9375,12.6,5,0,0,0
04_SS2-107-Ab_comp,madmom+btc+demucs+tau0.5,9,9,16,0.6057,0.4984,0.4361,0.9375,12.6,5,0,0,0
04_SS2-107-Ab_comp,madmom+btc+demucs+tau0.6,8,8,16,0.6766,0.5693,0.4981,0.9375,12.6,4,0,0,0
04_SS2-107-Ab_comp,madmom+btc+demucs+tau0.7,7,6,16,0.8183,0.711,0.6221,0.9375,12.6,2,0,0,0
04_SS2-107-Ab_comp,madmom+cnnlstm,6,5,16,0.9749,0.7809,0.7775,0.9375,2.32,0,0,0,0
04_SS2-107-Ab_comp,madmom+cnnlstm+tau0.3,8,8,16,0.6921,0.5682,0.5915,0.9375,2.42,4,0,0,0
04_SS2-107-Ab_comp,madmom+cnnlstm+tau0.4,8,8,16,0.7623,0.5682,0.5915,0.9375,2.42,3,0,0,0
04_SS2-107-Ab_comp,madmom+cnnlstm+tau0.5,8,8,16,0.7623,0.5682,0.5915,0.9375,2.42,3,0,0,0
04_SS2-107-Ab_comp,madmom+cnnlstm+tau0.6,7,7,16,0.8332,0.6391,0.6535,0.9375,2.42,2,0,0,0
04_SS2-107-Ab_comp,madmom+cnnlstm+tau0.7,6,5,16,0.9749,0.7809,0.7775,0.9375,2.42,0,0,0,0
04_SS2-107-Ab_comp,madmom+cnnlstm+demucs,6,5,16,0.9749,0.7809,0.7775,0.9375,12.91,0,0,0,0
04_SS2-107-Ab_comp,madmom+cnnlstm+demucs+tau0.3,8,8,16,0.6921,0.5682,0.5915,0.9375,13.0,4,0,0,0
04_SS2-107-Ab_comp,madmom+cnnlstm+demucs+tau0.4,8,8,16,0.7623,0.5682,0.5915,0.9375,13.0,3,0,0,0
04_SS2-107-Ab_comp,madmom+cnnlstm+demucs+tau0.5,8,8,16,0.7623,0.5682,0.5915,0.9375,13.0,3,0,0,0
04_SS2-107-Ab_comp,madmom+cnnlstm+demucs+tau0.6,7,7,16,0.8332,0.6391,0.6535,0.9375,13.0,2,0,0,0
04_SS2-107-Ab_comp,madmom+cnnlstm+demucs+tau0.7,6,5,16,0.9749,0.7809,0.7775,0.9375,13.0,0,0,0,0
04_SS2-88-F_comp,allinone+btc,16,16,16,0.8779,0.8322,0.7281,0.359,61.7,0,0,0,0
04_SS2-88-F_comp,allinone+btc+tau0.3,16,16,16,0.8554,0.8322,0.7281,0.359,61.82,1,0,0,0
04_SS2-88-F_comp,allinone+btc+tau0.4,16,16,16,0.8779,0.8322,0.7281,0.359,61.82,0,0,0,0
04_SS2-88-F_comp,allinone+btc+tau0.5,16,16,16,0.8779,0.8322,0.7281,0.359,61.82,0,0,0,0
04_SS2-88-F_comp,allinone+btc+tau0.6,16,16,16,0.8779,0.8322,0.7281,0.359,61.82,0,0,0,0
04_SS2-88-F_comp,allinone+btc+tau0.7,16,16,16,0.8779,0.8322,0.7281,0.359,61.82,0,0,0,0
04_SS2-88-F_comp,allinone+btc+demucs,16,16,16,0.8887,0.843,0.7376,0.359,73.82,0,0,0,0
04_SS2-88-F_comp,allinone+btc+demucs+tau0.3,16,16,16,0.8662,0.843,0.7376,0.359,73.93,1,0,0,0
04_SS2-88-F_comp,allinone+btc+demucs+tau0.4,16,16,16,0.8887,0.843,0.7376,0.359,73.93,0,0,0,0
04_SS2-88-F_comp,allinone+btc+demucs+tau0.5,16,16,16,0.8887,0.843,0.7376,0.359,73.93,0,0,0,0
04_SS2-88-F_comp,allinone+btc+demucs+tau0.6,16,16,16,0.8887,0.843,0.7376,0.359,73.93,0,0,0,0
04_SS2-88-F_comp,allinone+btc+demucs+tau0.7,16,16,16,0.8887,0.843,0.7376,0.359,73.93,0,0,0,0
04_SS2-88-F_comp,allinone+cnnlstm,16,16,16,0.9593,0.9593,0.8393,0.359,62.2,0,0,0,0
04_SS2-88-F_comp,allinone+cnnlstm+tau0.3,16,16,16,0.9593,0.9593,0.8393,0.359,62.32,0,0,0,0
04_SS2-88-F_comp,allinone+cnnlstm+tau0.4,16,16,16,0.9593,0.9593,0.8393,0.359,62.32,0,0,0,0
04_SS2-88-F_comp,allinone+cnnlstm+tau0.5,16,16,16,0.9593,0.9593,0.8393,0.359,62.32,0,0,0,0
04_SS2-88-F_comp,allinone+cnnlstm+tau0.6,16,16,16,0.9593,0.9593,0.8393,0.359,62.32,0,0,0,0
04_SS2-88-F_comp,allinone+cnnlstm+tau0.7,16,16,16,0.9593,0.9593,0.8393,0.359,62.32,0,0,0,0
04_SS2-88-F_comp,allinone+cnnlstm+demucs,16,16,16,0.9593,0.9593,0.8393,0.359,74.29,0,0,0,0
04_SS2-88-F_comp,allinone+cnnlstm+demucs+tau0.3,16,16,16,0.9593,0.9593,0.8393,0.359,74.41,0,0,0,0
04_SS2-88-F_comp,allinone+cnnlstm+demucs+tau0.4,16,16,16,0.9593,0.9593,0.8393,0.359,74.41,0,0,0,0
04_SS2-88-F_comp,allinone+cnnlstm+demucs+tau0.5,16,16,16,0.9593,0.9593,0.8393,0.359,74.41,0,0,0,0
04_SS2-88-F_comp,allinone+cnnlstm+demucs+tau0.6,16,16,16,0.9593,0.9593,0.8393,0.359,74.41,0,0,0,0
04_SS2-88-F_comp,allinone+cnnlstm+demucs+tau0.7,16,16,16,0.9593,0.9593,0.8393,0.359,74.41,0,0,0,0
04_SS2-88-F_comp,madmom+btc,16,16,16,0.8771,0.8314,0.7274,0.5957,2.25,0,0,0,0
04_SS2-88-F_comp,madmom+btc+tau0.3,16,16,16,0.8545,0.8314,0.7274,0.5957,2.37,1,0,0,0
04_SS2-88-F_comp,madmom+btc+tau0.4,16,16,16,0.8771,0.8314,0.7274,0.5957,2.37,0,0,0,0
04_SS2-88-F_comp,madmom+btc+tau0.5,16,16,16,0.8771,0.8314,0.7274,0.5957,2.37,0,0,0,0
04_SS2-88-F_comp,madmom+btc+tau0.6,16,16,16,0.8771,0.8314,0.7274,0.5957,2.37,0,0,0,0
04_SS2-88-F_comp,madmom+btc+tau0.7,16,16,16,0.8771,0.8314,0.7274,0.5957,2.37,0,0,0,0
04_SS2-88-F_comp,madmom+btc+demucs,16,16,16,0.8879,0.8422,0.7369,0.5957,14.36,0,0,0,0
04_SS2-88-F_comp,madmom+btc+demucs+tau0.3,16,16,16,0.8654,0.8422,0.7369,0.5957,14.48,1,0,0,0
04_SS2-88-F_comp,madmom+btc+demucs+tau0.4,16,16,16,0.8879,0.8422,0.7369,0.5957,14.48,0,0,0,0
04_SS2-88-F_comp,madmom+btc+demucs+tau0.5,16,16,16,0.8879,0.8422,0.7369,0.5957,14.48,0,0,0,0
04_SS2-88-F_comp,madmom+btc+demucs+tau0.6,16,16,16,0.8879,0.8422,0.7369,0.5957,14.48,0,0,0,0
04_SS2-88-F_comp,madmom+btc+demucs+tau0.7,16,16,16,0.8879,0.8422,0.7369,0.5957,14.48,0,0,0,0
04_SS2-88-F_comp,madmom+cnnlstm,16,16,16,0.9587,0.9587,0.8388,0.5957,2.75,0,0,0,0
04_SS2-88-F_comp,madmom+cnnlstm+tau0.3,16,16,16,0.9587,0.9587,0.8388,0.5957,2.86,0,0,0,0
04_SS2-88-F_comp,madmom+cnnlstm+tau0.4,16,16,16,0.9587,0.9587,0.8388,0.5957,2.86,0,0,0,0
04_SS2-88-F_comp,madmom+cnnlstm+tau0.5,16,16,16,0.9587,0.9587,0.8388,0.5957,2.86,0,0,0,0
04_SS2-88-F_comp,madmom+cnnlstm+tau0.6,16,16,16,0.9587,0.9587,0.8388,0.5957,2.86,0,0,0,0
04_SS2-88-F_comp,madmom+cnnlstm+tau0.7,16,16,16,0.9587,0.9587,0.8388,0.5957,2.86,0,0,0,0
04_SS2-88-F_comp,madmom+cnnlstm+demucs,16,16,16,0.9587,0.9587,0.8388,0.5957,14.84,0,0,0,0
04_SS2-88-F_comp,madmom+cnnlstm+demucs+tau0.3,16,16,16,0.9587,0.9587,0.8388,0.5957,14.96,0,0,0,0
04_SS2-88-F_comp,madmom+cnnlstm+demucs+tau0.4,16,16,16,0.9587,0.9587,0.8388,0.5957,14.96,0,0,0,0
04_SS2-88-F_comp,madmom+cnnlstm+demucs+tau0.5,16,16,16,0.9587,0.9587,0.8388,0.5957,14.96,0,0,0,0
04_SS2-88-F_comp,madmom+cnnlstm+demucs+tau0.6,16,16,16,0.9587,0.9587,0.8388,0.5957,14.96,0,0,0,0
04_SS2-88-F_comp,madmom+cnnlstm+demucs+tau0.7,16,16,16,0.9587,0.9587,0.8388,0.5957,14.96,0,0,0,0
04_SS3-84-Bb_comp,allinone+btc,16,16,16,0.9366,0.9366,0.8781,0.2,63.77,0,0,0,0
04_SS3-84-Bb_comp,allinone+btc+tau0.3,16,16,16,0.3655,0.3655,0.3426,0.2,63.9,19,0,0,0
04_SS3-84-Bb_comp,allinone+btc+tau0.4,16,16,16,0.5009,0.5009,0.4696,0.2,63.9,15,0,0,0
04_SS3-84-Bb_comp,allinone+btc+tau0.5,16,16,16,0.6111,0.6111,0.5729,0.2,63.9,11,0,0,0
04_SS3-84-Bb_comp,allinone+btc+tau0.6,16,16,16,0.8269,0.8269,0.7752,0.2,63.9,4,0,0,0
04_SS3-84-Bb_comp,allinone+btc+tau0.7,16,16,16,0.871,0.871,0.8166,0.2,63.9,3,0,0,0
04_SS3-84-Bb_comp,allinone+btc+demucs,16,16,16,0.9377,0.9377,0.879,0.2,76.03,0,0,0,0
04_SS3-84-Bb_comp,allinone+btc+demucs+tau0.3,16,16,16,0.3715,0.3715,0.3482,0.2,76.15,19,0,0,0
04_SS3-84-Bb_comp,allinone+btc+demucs+tau0.4,16,16,16,0.5069,0.5069,0.4752,0.2,76.15,15,0,0,0
04_SS3-84-Bb_comp,allinone+btc+demucs+tau0.5,16,16,16,0.6171,0.6171,0.5785,0.2,76.15,11,0,0,0
04_SS3-84-Bb_comp,allinone+btc+demucs+tau0.6,16,16,16,0.8057,0.8057,0.7553,0.2,76.15,5,0,0,0
04_SS3-84-Bb_comp,allinone+btc+demucs+tau0.7,16,16,16,0.872,0.872,0.8175,0.2,76.15,3,0,0,0
04_SS3-84-Bb_comp,allinone+cnnlstm,16,16,16,0.9176,0.9176,0.8602,0.2,64.31,0,0,0,0
04_SS3-84-Bb_comp,allinone+cnnlstm+tau0.3,16,16,16,0.3242,0.3242,0.3039,0.2,64.43,20,0,0,0
04_SS3-84-Bb_comp,allinone+cnnlstm+tau0.4,16,16,16,0.4982,0.4982,0.4671,0.2,64.43,15,0,0,0
04_SS3-84-Bb_comp,allinone+cnnlstm+tau0.5,16,16,16,0.642,0.642,0.6019,0.2,64.43,11,0,0,0
04_SS3-84-Bb_comp,allinone+cnnlstm+tau0.6,16,16,16,0.8135,0.8135,0.7627,0.2,64.43,4,0,0,0
04_SS3-84-Bb_comp,allinone+cnnlstm+tau0.7,16,16,16,0.88,0.88,0.825,0.2,64.43,2,0,0,0
04_SS3-84-Bb_comp,allinone+cnnlstm+demucs,16,16,16,0.9176,0.9176,0.8602,0.2,76.53,0,0,0,0
04_SS3-84-Bb_comp,allinone+cnnlstm+demucs+tau0.3,16,16,16,0.3242,0.3242,0.3039,0.2,76.65,20,0,0,0
04_SS3-84-Bb_comp,allinone+cnnlstm+demucs+tau0.4,16,16,16,0.4982,0.4982,0.4671,0.2,76.65,15,0,0,0
04_SS3-84-Bb_comp,allinone+cnnlstm+demucs+tau0.5,16,16,16,0.642,0.642,0.6019,0.2,76.65,11,0,0,0
04_SS3-84-Bb_comp,allinone+cnnlstm+demucs+tau0.6,16,16,16,0.7912,0.7912,0.7418,0.2,76.65,5,0,0,0
04_SS3-84-Bb_comp,allinone+cnnlstm+demucs+tau0.7,16,16,16,0.88,0.88,0.825,0.2,76.65,2,0,0,0
04_SS3-84-Bb_comp,madmom+btc,16,16,16,0.9622,0.9622,0.902,0.3673,2.34,0,0,0,0
04_SS3-84-Bb_comp,madmom+btc+tau0.3,16,16,16,0.3925,0.3925,0.368,0.3673,2.47,20,0,0,0
04_SS3-84-Bb_comp,madmom+btc+tau0.4,16,16,16,0.4917,0.4917,0.461,0.3673,2.47,16,0,0,0
04_SS3-84-Bb_comp,madmom+btc+tau0.5,16,16,16,0.6194,0.6194,0.5807,0.3673,2.47,11,0,0,0
04_SS3-84-Bb_comp,madmom+btc+tau0.6,16,16,16,0.7853,0.7853,0.7362,0.3673,2.47,6,0,0,0
04_SS3-84-Bb_comp,madmom+btc+tau0.7,16,16,16,0.9124,0.9124,0.8554,0.3673,2.47,2,0,0,0
04_SS3-84-Bb_comp,madmom+btc+demucs,16,16,16,0.9635,0.9635,0.9032,0.3673,14.6,0,0,0,0
04_SS3-84-Bb_comp,madmom+btc+demucs+tau0.3,16,16,16,0.3656,0.3656,0.3428,0.3673,14.72,21,0,0,0
04_SS3-84-Bb_comp,madmom+btc+demucs+tau0.4,16,16,16,0.493,0.493,0.4622,0.3673,14.72,16,0,0,0
04_SS3-84-Bb_comp,madmom+btc+demucs+tau0.5,16,16,16,0.6206,0.6206,0.5818,0.3673,14.72,11,0,0,0
04_SS3-84-Bb_comp,madmom+btc+demucs+tau0.6,16,16,16,0.7866,0.7866,0.7374,0.3673,14.72,6,0,0,0
04_SS3-84-Bb_comp,madmom+btc+demucs+tau0.7,16,16,16,0.9137,0.9137,0.8565,0.3673,14.72,2,0,0,0
04_SS3-84-Bb_comp,madmom+cnnlstm,16,16,16,0.9395,0.9395,0.8808,0.3673,2.88,0,0,0,0
04_SS3-84-Bb_comp,madmom+cnnlstm+tau0.3,16,16,16,0.4021,0.4021,0.377,0.3673,3.0,20,0,0,0
04_SS3-84-Bb_comp,madmom+cnnlstm+tau0.4,16,16,16,0.5202,0.5202,0.4877,0.3673,3.0,15,0,0,0
04_SS3-84-Bb_comp,madmom+cnnlstm+tau0.5,16,16,16,0.62,0.62,0.5813,0.3673,3.0,11,0,0,0
04_SS3-84-Bb_comp,madmom+cnnlstm+tau0.6,16,16,16,0.8305,0.8305,0.7786,0.3673,3.0,4,0,0,0
04_SS3-84-Bb_comp,madmom+cnnlstm+tau0.7,16,16,16,0.9178,0.9178,0.8604,0.3673,3.0,1,0,0,0
04_SS3-84-Bb_comp,madmom+cnnlstm+demucs,16,16,16,0.9395,0.9395,0.8808,0.3673,15.1,0,0,0,0
04_SS3-84-Bb_comp,madmom+cnnlstm+demucs+tau0.3,16,16,16,0.4021,0.4021,0.377,0.3673,15.22,20,0,0,0
04_SS3-84-Bb_comp,madmom+cnnlstm+demucs+tau0.4,16,16,16,0.5202,0.5202,0.4877,0.3673,15.22,15,0,0,0
04_SS3-84-Bb_comp,madmom+cnnlstm+demucs+tau0.5,16,16,16,0.62,0.62,0.5813,0.3673,15.22,11,0,0,0
04_SS3-84-Bb_comp,madmom+cnnlstm+demucs+tau0.6,16,16,16,0.8305,0.8305,0.7786,0.3673,15.22,4,0,0,0
04_SS3-84-Bb_comp,madmom+cnnlstm+demucs+tau0.7,16,16,16,0.9178,0.9178,0.8604,0.3673,15.22,1,0,0,0
04_SS3-98-C_comp,allinone+btc,16,16,16,0.0,0.0,0.0,0.0,56.15,0,0,0,0
04_SS3-98-C_comp,allinone+btc+tau0.3,16,16,16,0.0,0.0,0.0,0.0,56.25,0,0,0,0
04_SS3-98-C_comp,allinone+btc+tau0.4,16,16,16,0.0,0.0,0.0,0.0,56.25,0,0,0,0
04_SS3-98-C_comp,allinone+btc+tau0.5,16,16,16,0.0,0.0,0.0,0.0,56.25,0,0,0,0
04_SS3-98-C_comp,allinone+btc+tau0.6,16,16,16,0.0,0.0,0.0,0.0,56.25,0,0,0,0
04_SS3-98-C_comp,allinone+btc+tau0.7,16,16,16,0.0,0.0,0.0,0.0,56.25,0,0,0,0
04_SS3-98-C_comp,allinone+btc+demucs,16,16,16,0.0,0.0,0.0,0.0,66.69,0,0,0,0
04_SS3-98-C_comp,allinone+btc+demucs+tau0.3,16,16,16,0.0,0.0,0.0,0.0,66.79,0,0,0,0
04_SS3-98-C_comp,allinone+btc+demucs+tau0.4,16,16,16,0.0,0.0,0.0,0.0,66.79,0,0,0,0
04_SS3-98-C_comp,allinone+btc+demucs+tau0.5,16,16,16,0.0,0.0,0.0,0.0,66.79,0,0,0,0
04_SS3-98-C_comp,allinone+btc+demucs+tau0.6,16,16,16,0.0,0.0,0.0,0.0,66.79,0,0,0,0
04_SS3-98-C_comp,allinone+btc+demucs+tau0.7,16,16,16,0.0,0.0,0.0,0.0,66.79,0,0,0,0
04_SS3-98-C_comp,allinone+cnnlstm,16,16,16,0.0,0.0,0.0,0.0,56.52,0,0,0,0
04_SS3-98-C_comp,allinone+cnnlstm+tau0.3,16,16,16,0.0,0.0,0.0,0.0,56.63,0,0,0,0
04_SS3-98-C_comp,allinone+cnnlstm+tau0.4,16,16,16,0.0,0.0,0.0,0.0,56.63,0,0,0,0
04_SS3-98-C_comp,allinone+cnnlstm+tau0.5,16,16,16,0.0,0.0,0.0,0.0,56.63,0,0,0,0
04_SS3-98-C_comp,allinone+cnnlstm+tau0.6,16,16,16,0.0,0.0,0.0,0.0,56.63,0,0,0,0
04_SS3-98-C_comp,allinone+cnnlstm+tau0.7,16,16,16,0.0,0.0,0.0,0.0,56.63,0,0,0,0
04_SS3-98-C_comp,allinone+cnnlstm+demucs,16,16,16,0.0,0.0,0.0,0.0,67.1,0,0,0,0
04_SS3-98-C_comp,allinone+cnnlstm+demucs+tau0.3,16,16,16,0.0,0.0,0.0,0.0,67.21,0,0,0,0
04_SS3-98-C_comp,allinone+cnnlstm+demucs+tau0.4,16,16,16,0.0,0.0,0.0,0.0,67.21,0,0,0,0
04_SS3-98-C_comp,allinone+cnnlstm+demucs+tau0.5,16,16,16,0.0,0.0,0.0,0.0,67.21,0,0,0,0
04_SS3-98-C_comp,allinone+cnnlstm+demucs+tau0.6,16,16,16,0.0,0.0,0.0,0.0,67.21,0,0,0,0
04_SS3-98-C_comp,allinone+cnnlstm+demucs+tau0.7,16,16,16,0.0,0.0,0.0,0.0,67.21,0,0,0,0
04_SS3-98-C_comp,madmom+btc,7,1,16,0.9952,0.9337,0.9337,1.0,2.1,0,0,0,0
04_SS3-98-C_comp,madmom+btc+tau0.3,14,8,16,0.4995,0.4995,0.4995,1.0,2.21,8,0,0,0
04_SS3-98-C_comp,madmom+btc+tau0.4,13,7,16,0.5609,0.5609,0.5609,1.0,2.21,7,0,0,0
04_SS3-98-C_comp,madmom+btc+tau0.5,11,5,16,0.6852,0.6852,0.6852,1.0,2.21,5,0,0,0
04_SS3-98-C_comp,madmom+btc+tau0.6,7,1,16,0.9952,0.9337,0.9337,1.0,2.21,0,0,0,0
04_SS3-98-C_comp,madmom+btc+tau0.7,7,1,16,0.9952,0.9337,0.9337,1.0,2.21,0,0,0,0
04_SS3-98-C_comp,madmom+btc+demucs,7,1,16,0.9952,0.9337,0.9337,1.0,12.65,0,0,0,0
04_SS3-98-C_comp,madmom+btc+demucs+tau0.3,14,8,16,0.4995,0.4995,0.4995,1.0,12.75,8,0,0,0
04_SS3-98-C_comp,madmom+btc+demucs+tau0.4,13,7,16,0.5609,0.5609,0.5609,1.0,12.75,7,0,0,0
04_SS3-98-C_comp,madmom+btc+demucs+tau0.5,10,4,16,0.7477,0.7477,0.7477,1.0,12.75,4,0,0,0
04_SS3-98-C_comp,madmom+btc+demucs+tau0.6,7,1,16,0.9952,0.9337,0.9337,1.0,12.75,0,0,0,0
04_SS3-98-C_comp,madmom+btc+demucs+tau0.7,7,1,16,0.9952,0.9337,0.9337,1.0,12.75,0,0,0,0
04_SS3-98-C_comp,madmom+cnnlstm,7,1,16,0.9952,0.9337,0.9337,1.0,2.48,0,0,0,0
04_SS3-98-C_comp,madmom+cnnlstm+tau0.3,14,8,16,0.4995,0.4995,0.4995,1.0,2.59,8,0,0,0
04_SS3-98-C_comp,madmom+cnnlstm+tau0.4,13,7,16,0.5609,0.5609,0.5609,1.0,2.59,7,0,0,0
04_SS3-98-C_comp,madmom+cnnlstm+tau0.5,11,5,16,0.6852,0.6852,0.6852,1.0,2.59,5,0,0,0
04_SS3-98-C_comp,madmom+cnnlstm+tau0.6,7,1,16,0.9952,0.9337,0.9337,1.0,2.59,0,0,0,0
04_SS3-98-C_comp,madmom+cnnlstm+tau0.7,7,1,16,0.9952,0.9337,0.9337,1.0,2.59,0,0,0,0
04_SS3-98-C_comp,madmom+cnnlstm+demucs,7,1,16,0.9952,0.9337,0.9337,1.0,13.06,0,0,0,0
04_SS3-98-C_comp,madmom+cnnlstm+demucs+tau0.3,14,8,16,0.4995,0.4995,0.4995,1.0,13.16,8,0,0,0
04_SS3-98-C_comp,madmom+cnnlstm+demucs+tau0.4,13,7,16,0.5609,0.5609,0.5609,1.0,13.16,7,0,0,0
04_SS3-98-C_comp,madmom+cnnlstm+demucs+tau0.5,10,4,16,0.7477,0.7477,0.7477,1.0,13.16,4,0,0,0
04_SS3-98-C_comp,madmom+cnnlstm+demucs+tau0.6,7,1,16,0.9952,0.9337,0.9337,1.0,13.16,0,0,0,0
04_SS3-98-C_comp,madmom+cnnlstm+demucs+tau0.7,7,1,16,0.9952,0.9337,0.9337,1.0,13.16,0,0,0,0
05_Rock1-130-A_comp,allinone+btc,4,4,12,0.9406,0.9406,0.7057,0.9091,35.87,0,0,1,0
05_Rock1-130-A_comp,allinone+btc+tau0.3,7,7,12,0.6099,0.6099,0.4575,0.9091,35.94,5,0,1,0
05_Rock1-130-A_comp,allinone+btc+tau0.4,6,6,12,0.7191,0.7191,0.5395,0.9091,35.94,4,0,1,0
05_Rock1-130-A_comp,allinone+btc+tau0.5,6,6,12,0.7191,0.7191,0.5395,0.9091,35.94,3,0,1,0
05_Rock1-130-A_comp,allinone+btc+tau0.6,6,6,12,0.7191,0.7191,0.5395,0.9091,35.94,3,0,1,0
05_Rock1-130-A_comp,allinone+btc+tau0.7,6,6,12,0.7191,0.7191,0.5395,0.9091,35.94,3,0,1,0
05_Rock1-130-A_comp,allinone+btc+demucs,4,4,12,0.9406,0.9406,0.7057,0.9091,42.31,0,0,1,0
05_Rock1-130-A_comp,allinone+btc+demucs+tau0.3,7,7,12,0.6099,0.6099,0.4575,0.9091,42.37,5,0,1,0
05_Rock1-130-A_comp,allinone+btc+demucs+tau0.4,6,6,12,0.7191,0.7191,0.5395,0.9091,42.37,4,0,1,0
05_Rock1-130-A_comp,allinone+btc+demucs+tau0.5,6,6,12,0.7191,0.7191,0.5395,0.9091,42.37,3,0,1,0
05_Rock1-130-A_comp,allinone+btc+demucs+tau0.6,6,6,12,0.7191,0.7191,0.5395,0.9091,42.37,3,0,1,0
05_Rock1-130-A_comp,allinone+btc+demucs+tau0.7,6,6,12,0.7191,0.7191,0.5395,0.9091,42.37,3,0,1,0
05_Rock1-130-A_comp,allinone+cnnlstm,5,5,12,0.9118,0.9118,0.684,0.9091,36.13,0,0,1,0
05_Rock1-130-A_comp,allinone+cnnlstm+tau0.3,8,8,12,0.581,0.581,0.4359,0.9091,36.2,5,0,1,0
05_Rock1-130-A_comp,allinone+cnnlstm+tau0.4,7,7,12,0.6902,0.6902,0.5178,0.9091,36.2,4,0,1,0
05_Rock1-130-A_comp,allinone+cnnlstm+tau0.5,7,7,12,0.6902,0.6902,0.5178,0.9091,36.2,3,0,1,0
05_Rock1-130-A_comp,allinone+cnnlstm+tau0.6,7,7,12,0.6902,0.6902,0.5178,0.9091,36.2,3,0,1,0
05_Rock1-130-A_comp,allinone+cnnlstm+tau0.7,7,7,12,0.6902,0.6902,0.5178,0.9091,36.2,3,0,1,0
05_Rock1-130-A_comp,allinone+cnnlstm+demucs,5,5,12,0.9118,0.9118,0.684,0.9091,42.5,0,0,1,0
05_Rock1-130-A_comp,allinone+cnnlstm+demucs+tau0.3,8,8,12,0.581,0.581,0.4359,0.9091,42.56,5,0,1,0
05_Rock1-130-A_comp,allinone+cnnlstm+demucs+tau0.4,7,7,12,0.6902,0.6902,0.5178,0.9091,42.56,4,0,1,0
05_Rock1-130-A_comp,allinone+cnnlstm+demucs+tau0.5,7,7,12,0.6902,0.6902,0.5178,0.9091,42.56,3,0,1,0
05_Rock1-130-A_comp,allinone+cnnlstm+demucs+tau0.6,7,7,12,0.6902,0.6902,0.5178,0.9091,42.56,3,0,1,0
05_Rock1-130-A_comp,allinone+cnnlstm+demucs+tau0.7,7,7,12,0.6902,0.6902,0.5178,0.9091,42.56,3,0,1,0
05_Rock1-130-A_comp,madmom+btc,4,4,12,0.9683,0.9683,0.7265,0.9565,1.22,0,0,1,0
05_Rock1-130-A_comp,madmom+btc+tau0.3,7,7,12,0.6375,0.6375,0.4783,0.9565,1.29,5,0,1,0
05_Rock1-130-A_comp,madmom+btc+tau0.4,6,6,12,0.7468,0.7468,0.5603,0.9565,1.29,4,0,1,0
05_Rock1-130-A_comp,madmom+btc+tau0.5,6,6,12,0.7468,0.7468,0.5603,0.9565,1.29,3,0,1,0
05_Rock1-130-A_comp,madmom+btc+tau0.6,6,6,12,0.7468,0.7468,0.5603,0.9565,1.29,3,0,1,0
05_Rock1-130-A_comp,madmom+btc+tau0.7,6,6,12,0.7468,0.7468,0.5603,0.9565,1.29,2,0,1,0
05_Rock1-130-A_comp,madmom+btc+demucs,4,4,12,0.9683,0.9683,0.7265,0.9565,7.65,0,0,1,0
05_Rock1-130-A_comp,madmom+btc+demucs+tau0.3,7,7,12,0.6375,0.6375,0.4783,0.9565,7.72,5,0,1,0
05_Rock1-130-A_comp,madmom+btc+demucs+tau0.4,6,6,12,0.7468,0.7468,0.5603,0.9565,7.72,4,0,1,0
05_Rock1-130-A_comp,madmom+btc+demucs+tau0.5,6,6,12,0.7468,0.7468,0.5603,0.9565,7.72,3,0,1,0
05_Rock1-130-A_comp,madmom+btc+demucs+tau0.6,6,6,12,0.7468,0.7468,0.5603,0.9565,7.72,3,0,1,0
05_Rock1-130-A_comp,madmom+btc+demucs+tau0.7,6,6,12,0.7468,0.7468,0.5603,0.9565,7.72,2,0,1,0
05_Rock1-130-A_comp,madmom+cnnlstm,5,5,12,0.9388,0.9388,0.7043,0.9565,1.47,0,0,1,0
05_Rock1-130-A_comp,madmom+cnnlstm+tau0.3,8,8,12,0.6081,0.6081,0.4562,0.9565,1.54,5,0,1,0
05_Rock1-130-A_comp,madmom+cnnlstm+tau0.4,7,7,12,0.7173,0.7173,0.5381,0.9565,1.54,3,0,1,0
05_Rock1-130-A_comp,madmom+cnnlstm+tau0.5,7,7,12,0.7173,0.7173,0.5381,0.9565,1.54,2,0,1,0
05_Rock1-130-A_comp,madmom+cnnlstm+tau0.6,7,7,12,0.7173,0.7173,0.5381,0.9565,1.54,2,0,1,0
05_Rock1-130-A_comp,madmom+cnnlstm+tau0.7,7,7,12,0.7173,0.7173,0.5381,0.9565,1.54,2,0,1,0
05_Rock1-130-A_comp,madmom+cnnlstm+demucs,5,5,12,0.9388,0.9388,0.7043,0.9565,7.84,0,0,1,0
05_Rock1-130-A_comp,madmom+cnnlstm+demucs+tau0.3,8,8,12,0.6081,0.6081,0.4562,0.9565,7.91,5,0,1,0
05_Rock1-130-A_comp,madmom+cnnlstm+demucs+tau0.4,7,7,12,0.7173,0.7173,0.5381,0.9565,7.91,3,0,1,0
05_Rock1-130-A_comp,madmom+cnnlstm+demucs+tau0.5,7,7,12,0.7173,0.7173,0.5381,0.9565,7.91,2,0,1,0
05_Rock1-130-A_comp,madmom+cnnlstm+demucs+tau0.6,7,7,12,0.7173,0.7173,0.5381,0.9565,7.91,2,0,1,0
05_Rock1-130-A_comp,madmom+cnnlstm+demucs+tau0.7,7,7,12,0.7173,0.7173,0.5381,0.9565,7.91,2,0,1,0
05_Rock1-90-C#_comp,allinone+btc,1,1,12,0.9748,0.9748,0.9748,1.0,47.8,0,0,0,0
05_Rock1-90-C#_comp,allinone+btc+tau0.3,4,4,12,0.725,0.725,0.725,1.0,47.9,3,0,0,0
05_Rock1-90-C#_comp,allinone+btc+tau0.4,4,4,12,0.725,0.725,0.725,1.0,47.9,3,0,0,0
05_Rock1-90-C#_comp,allinone+btc+tau0.5,2,2,12,0.8917,0.8917,0.8917,1.0,47.9,1,0,0,0
05_Rock1-90-C#_comp,allinone+btc+tau0.6,1,1,12,0.9748,0.9748,0.9748,1.0,47.9,0,0,0,0
05_Rock1-90-C#_comp,allinone+btc+tau0.7,1,1,12,0.9748,0.9748,0.9748,1.0,47.9,0,0,0,0
05_Rock1-90-C#_comp,allinone+btc+demucs,1,1,12,0.9748,0.9748,0.9748,1.0,57.18,0,0,0,0
05_Rock1-90-C#_comp,allinone+btc+demucs+tau0.3,4,4,12,0.725,0.725,0.725,1.0,57.27,3,0,0,0
05_Rock1-90-C#_comp,allinone+btc+demucs+tau0.4,4,4,12,0.725,0.725,0.725,1.0,57.27,3,0,0,0
05_Rock1-90-C#_comp,allinone+btc+demucs+tau0.5,2,2,12,0.8917,0.8917,0.8917,1.0,57.27,1,0,0,0
05_Rock1-90-C#_comp,allinone+btc+demucs+tau0.6,1,1,12,0.9748,0.9748,0.9748,1.0,57.27,0,0,0,0
05_Rock1-90-C#_comp,allinone+btc+demucs+tau0.7,1,1,12,0.9748,0.9748,0.9748,1.0,57.27,0,0,0,0
05_Rock1-90-C#_comp,allinone+cnnlstm,1,1,12,0.9748,0.9748,0.9748,1.0,48.17,0,0,0,0
05_Rock1-90-C#_comp,allinone+cnnlstm+tau0.3,4,4,12,0.725,0.725,0.725,1.0,48.26,3,0,0,0
05_Rock1-90-C#_comp,allinone+cnnlstm+tau0.4,4,4,12,0.725,0.725,0.725,1.0,48.26,3,0,0,0
05_Rock1-90-C#_comp,allinone+cnnlstm+tau0.5,2,2,12,0.8917,0.8917,0.8917,1.0,48.26,1,0,0,0
05_Rock1-90-C#_comp,allinone+cnnlstm+tau0.6,1,1,12,0.9748,0.9748,0.9748,1.0,48.26,0,0,0,0
05_Rock1-90-C#_comp,allinone+cnnlstm+tau0.7,1,1,12,0.9748,0.9748,0.9748,1.0,48.26,0,0,0,0
05_Rock1-90-C#_comp,allinone+cnnlstm+demucs,1,1,12,0.9748,0.9748,0.9748,1.0,57.54,0,0,0,0
05_Rock1-90-C#_comp,allinone+cnnlstm+demucs+tau0.3,4,4,12,0.725,0.725,0.725,1.0,57.62,3,0,0,0
05_Rock1-90-C#_comp,allinone+cnnlstm+demucs+tau0.4,4,4,12,0.725,0.725,0.725,1.0,57.62,3,0,0,0
05_Rock1-90-C#_comp,allinone+cnnlstm+demucs+tau0.5,2,2,12,0.8917,0.8917,0.8917,1.0,57.62,1,0,0,0
05_Rock1-90-C#_comp,allinone+cnnlstm+demucs+tau0.6,1,1,12,0.9748,0.9748,0.9748,1.0,57.62,0,0,0,0
05_Rock1-90-C#_comp,allinone+cnnlstm+demucs+tau0.7,1,1,12,0.9748,0.9748,0.9748,1.0,57.62,0,0,0,0
05_Rock1-90-C#_comp,madmom+btc,0,0,12,0.9966,0.9966,0.9966,1.0,1.69,0,0,0,0
05_Rock1-90-C#_comp,madmom+btc+tau0.3,3,3,12,0.7467,0.7467,0.7467,1.0,1.79,3,0,0,0
05_Rock1-90-C#_comp,madmom+btc+tau0.4,3,3,12,0.7467,0.7467,0.7467,1.0,1.79,3,0,0,0
05_Rock1-90-C#_comp,madmom+btc+tau0.5,1,1,12,0.9132,0.9132,0.9132,1.0,1.79,1,0,0,0
05_Rock1-90-C#_comp,madmom+btc+tau0.6,0,0,12,0.9966,0.9966,0.9966,1.0,1.79,0,0,0,0
05_Rock1-90-C#_comp,madmom+btc+tau0.7,0,0,12,0.9966,0.9966,0.9966,1.0,1.79,0,0,0,0
05_Rock1-90-C#_comp,madmom+btc+demucs,0,0,12,0.9966,0.9966,0.9966,1.0,11.07,0,0,0,0
05_Rock1-90-C#_comp,madmom+btc+demucs+tau0.3,3,3,12,0.7467,0.7467,0.7467,1.0,11.16,3,0,0,0
05_Rock1-90-C#_comp,madmom+btc+demucs+tau0.4,3,3,12,0.7467,0.7467,0.7467,1.0,11.16,3,0,0,0
05_Rock1-90-C#_comp,madmom+btc+demucs+tau0.5,1,1,12,0.9132,0.9132,0.9132,1.0,11.16,1,0,0,0
05_Rock1-90-C#_comp,madmom+btc+demucs+tau0.6,0,0,12,0.9966,0.9966,0.9966,1.0,11.16,0,0,0,0
05_Rock1-90-C#_comp,madmom+btc+demucs+tau0.7,0,0,12,0.9966,0.9966,0.9966,1.0,11.16,0,0,0,0
05_Rock1-90-C#_comp,madmom+cnnlstm,0,0,12,0.9966,0.9966,0.9966,1.0,2.06,0,0,0,0
05_Rock1-90-C#_comp,madmom+cnnlstm+tau0.3,3,3,12,0.7467,0.7467,0.7467,1.0,2.15,3,0,0,0
05_Rock1-90-C#_comp,madmom+cnnlstm+tau0.4,3,3,12,0.7467,0.7467,0.7467,1.0,2.15,3,0,0,0
05_Rock1-90-C#_comp,madmom+cnnlstm+tau0.5,1,1,12,0.9132,0.9132,0.9132,1.0,2.15,1,0,0,0
05_Rock1-90-C#_comp,madmom+cnnlstm+tau0.6,0,0,12,0.9966,0.9966,0.9966,1.0,2.15,0,0,0,0
05_Rock1-90-C#_comp,madmom+cnnlstm+tau0.7,0,0,12,0.9966,0.9966,0.9966,1.0,2.15,0,0,0,0
05_Rock1-90-C#_comp,madmom+cnnlstm+demucs,0,0,12,0.9966,0.9966,0.9966,1.0,11.43,0,0,0,0
05_Rock1-90-C#_comp,madmom+cnnlstm+demucs+tau0.3,3,3,12,0.7467,0.7467,0.7467,1.0,11.51,3,0,0,0
05_Rock1-90-C#_comp,madmom+cnnlstm+demucs+tau0.4,3,3,12,0.7467,0.7467,0.7467,1.0,11.51,3,0,0,0
05_Rock1-90-C#_comp,madmom+cnnlstm+demucs+tau0.5,1,1,12,0.9132,0.9132,0.9132,1.0,11.51,1,0,0,0
05_Rock1-90-C#_comp,madmom+cnnlstm+demucs+tau0.6,0,0,12,0.9966,0.9966,0.9966,1.0,11.51,0,0,0,0
05_Rock1-90-C#_comp,madmom+cnnlstm+demucs+tau0.7,0,0,12,0.9966,0.9966,0.9966,1.0,11.51,0,0,0,0
05_Rock2-142-D_comp,allinone+btc,8,6,16,0.7466,0.6849,0.6849,0.9677,42.06,0,0,0,0
05_Rock2-142-D_comp,allinone+btc+tau0.3,10,10,16,0.4978,0.436,0.436,0.9677,42.14,6,0,0,0
05_Rock2-142-D_comp,allinone+btc+tau0.4,10,8,16,0.6224,0.5607,0.5607,0.9677,42.14,4,0,0,0
05_Rock2-142-D_comp,allinone+btc+tau0.5,10,8,16,0.6224,0.5607,0.5607,0.9677,42.14,4,0,0,0
05_Rock2-142-D_comp,allinone+btc+tau0.6,10,8,16,0.6224,0.5607,0.5607,0.9677,42.14,4,0,0,0
05_Rock2-142-D_comp,allinone+btc+tau0.7,10,8,16,0.6224,0.5607,0.5607,0.9677,42.14,4,0,0,0
05_Rock2-142-D_comp,allinone+btc+demucs,9,7,16,0.7466,0.6697,0.6697,0.9677,49.75,0,0,0,0
05_Rock2-142-D_comp,allinone+btc+demucs+tau0.3,11,11,16,0.4978,0.4209,0.4209,0.9677,49.83,6,0,0,0
05_Rock2-142-D_comp,allinone+btc+demucs+tau0.4,11,9,16,0.6224,0.5455,0.5455,0.9677,49.83,4,0,0,0
05_Rock2-142-D_comp,allinone+btc+demucs+tau0.5,11,9,16,0.6224,0.5455,0.5455,0.9677,49.83,4,0,0,0
05_Rock2-142-D_comp,allinone+btc+demucs+tau0.6,11,9,16,0.6224,0.5455,0.5455,0.9677,49.83,4,0,0,0
05_Rock2-142-D_comp,allinone+btc+demucs+tau0.7,11,9,16,0.6224,0.5455,0.5455,0.9677,49.83,4,0,0,0
05_Rock2-142-D_comp,allinone+cnnlstm,7,5,16,0.7625,0.7008,0.7008,0.9677,42.38,0,0,0,0
05_Rock2-142-D_comp,allinone+cnnlstm+tau0.3,9,9,16,0.5137,0.4519,0.4519,0.9677,42.46,7,0,0,0
05_Rock2-142-D_comp,allinone+cnnlstm+tau0.4,9,7,16,0.6383,0.5766,0.5766,0.9677,42.46,5,0,0,0
05_Rock2-142-D_comp,allinone+cnnlstm+tau0.5,9,7,16,0.6383,0.5766,0.5766,0.9677,42.46,5,0,0,0
05_Rock2-142-D_comp,allinone+cnnlstm+tau0.6,9,7,16,0.6383,0.5766,0.5766,0.9677,42.46,5,0,0,0
05_Rock2-142-D_comp,allinone+cnnlstm+tau0.7,9,7,16,0.6383,0.5766,0.5766,0.9677,42.46,5,0,0,0
05_Rock2-142-D_comp,allinone+cnnlstm+demucs,7,5,16,0.7625,0.7008,0.7008,0.9677,50.07,0,0,0,0
05_Rock2-142-D_comp,allinone+cnnlstm+demucs+tau0.3,9,9,16,0.5137,0.4519,0.4519,0.9677,50.14,7,0,0,0
05_Rock2-142-D_comp,allinone+cnnlstm+demucs+tau0.4,9,7,16,0.6383,0.5766,0.5766,0.9677,50.14,5,0,0,0
05_Rock2-142-D_comp,allinone+cnnlstm+demucs+tau0.5,9,7,16,0.6383,0.5766,0.5766,0.9677,50.14,5,0,0,0
05_Rock2-142-D_comp,allinone+cnnlstm+demucs+tau0.6,9,7,16,0.6383,0.5766,0.5766,0.9677,50.14,5,0,0,0
05_Rock2-142-D_comp,allinone+cnnlstm+demucs+tau0.7,9,7,16,0.6383,0.5766,0.5766,0.9677,50.14,5,0,0,0
05_Rock2-142-D_comp,madmom+btc,7,5,16,0.7936,0.7318,0.7318,1.0,1.44,0,0,0,0
05_Rock2-142-D_comp,madmom+btc+tau0.3,9,9,16,0.5444,0.4827,0.4827,1.0,1.52,6,0,0,0
05_Rock2-142-D_comp,madmom+btc+tau0.4,9,7,16,0.6694,0.6076,0.6076,1.0,1.52,4,0,0,0
05_Rock2-142-D_comp,madmom+btc+tau0.5,9,7,16,0.6694,0.6076,0.6076,1.0,1.52,4,0,0,0
05_Rock2-142-D_comp,madmom+btc+tau0.6,9,7,16,0.6694,0.6076,0.6076,1.0,1.52,4,0,0,0
05_Rock2-142-D_comp,madmom+btc+tau0.7,9,7,16,0.6694,0.6076,0.6076,1.0,1.52,4,0,0,0
05_Rock2-142-D_comp,madmom+btc+demucs,8,6,16,0.7936,0.7167,0.7167,1.0,9.13,0,0,0,0
05_Rock2-142-D_comp,madmom+btc+demucs+tau0.3,10,10,16,0.5444,0.4675,0.4675,1.0,9.21,6,0,0,0
05_Rock2-142-D_comp,madmom+btc+demucs+tau0.4,10,8,16,0.6694,0.5925,0.5925,1.0,9.21,4,0,0,0
05_Rock2-142-D_comp,madmom+btc+demucs+tau0.5,10,8,16,0.6694,0.5925,0.5925,1.0,9.21,4,0,0,0
05_Rock2-142-D_comp,madmom+btc+demucs+tau0.6,10,8,16,0.6694,0.5925,0.5925,1.0,9.21,4,0,0,0
05_Rock2-142-D_comp,madmom+btc+demucs+tau0.7,10,8,16,0.6694,0.5925,0.5925,1.0,9.21,4,0,0,0
05_Rock2-142-D_comp,madmom+cnnlstm,6,4,16,0.8087,0.747,0.747,1.0,1.76,0,0,0,0
05_Rock2-142-D_comp,madmom+cnnlstm+tau0.3,8,8,16,0.5596,0.4979,0.4979,1.0,1.84,7,0,0,0
05_Rock2-142-D_comp,madmom+cnnlstm+tau0.4,8,6,16,0.6845,0.6228,0.6228,1.0,1.84,5,0,0,0
05_Rock2-142-D_comp,madmom+cnnlstm+tau0.5,8,6,16,0.6845,0.6228,0.6228,1.0,1.84,5,0,0,0
05_Rock2-142-D_comp,madmom+cnnlstm+tau0.6,8,6,16,0.6845,0.6228,0.6228,1.0,1.84,5,0,0,0
05_Rock2-142-D_comp,madmom+cnnlstm+tau0.7,8,6,16,0.6845,0.6228,0.6228,1.0,1.84,5,0,0,0
05_Rock2-142-D_comp,madmom+cnnlstm+demucs,6,4,16,0.8087,0.747,0.747,1.0,9.44,0,0,0,0
05_Rock2-142-D_comp,madmom+cnnlstm+demucs+tau0.3,8,8,16,0.5596,0.4979,0.4979,1.0,9.52,7,0,0,0
05_Rock2-142-D_comp,madmom+cnnlstm+demucs+tau0.4,8,6,16,0.6845,0.6228,0.6228,1.0,9.52,5,0,0,0
05_Rock2-142-D_comp,madmom+cnnlstm+demucs+tau0.5,8,6,16,0.6845,0.6228,0.6228,1.0,9.52,5,0,0,0
05_Rock2-142-D_comp,madmom+cnnlstm+demucs+tau0.6,8,6,16,0.6845,0.6228,0.6228,1.0,9.52,5,0,0,0
05_Rock2-142-D_comp,madmom+cnnlstm+demucs+tau0.7,8,6,16,0.6845,0.6228,0.6228,1.0,9.52,5,0,0,0
05_Rock2-85-F_comp,allinone+btc,8,7,16,0.8811,0.8091,0.6532,1.0,63.17,0,0,0,0
05_Rock2-85-F_comp,allinone+btc+tau0.3,11,10,16,0.5933,0.4973,0.4193,1.0,63.29,4,0,0,0
05_Rock2-85-F_comp,allinone+btc+tau0.4,9,8,16,0.8045,0.7261,0.591,1.0,63.29,1,0,0,0
05_Rock2-85-F_comp,allinone+btc+tau0.5,8,7,16,0.8811,0.8091,0.6532,1.0,63.29,0,0,0,0
05_Rock2-85-F_comp,allinone+btc+tau0.6,8,7,16,0.8811,0.8091,0.6532,1.0,63.29,0,0,0,0
05_Rock2-85-F_comp,allinone+btc+tau0.7,8,7,16,0.8811,0.8091,0.6532,1.0,63.29,0,0,0,0
05_Rock2-85-F_comp,allinone+btc+demucs,8,7,16,0.8811,0.8091,0.6532,1.0,75.49,0,0,0,0
05_Rock2-85-F_comp,allinone+btc+demucs+tau0.3,11,10,16,0.5933,0.4973,0.4193,1.0,75.61,4,0,0,0
05_Rock2-85-F_comp,allinone+btc+demucs+tau0.4,9,8,16,0.8045,0.7261,0.591,1.0,75.61,1,0,0,0
05_Rock2-85-F_comp,allinone+btc+demucs+tau0.5,8,7,16,0.8811,0.8091,0.6532,1.0,75.61,0,0,0,0
05_Rock2-85-F_comp,allinone+btc+demucs+tau0.6,8,7,16,0.8811,0.8091,0.6532,1.0,75.61,0,0,0,0
05_Rock2-85-F_comp,allinone+btc+demucs+tau0.7,8,7,16,0.8811,0.8091,0.6532,1.0,75.61,0,0,0,0
05_Rock2-85-F_comp,allinone+cnnlstm,6,5,16,0.9188,0.9121,0.7305,1.0,63.69,0,0,0,0
05_Rock2-85-F_comp,allinone+cnnlstm+tau0.3,10,9,16,0.5546,0.5175,0.4346,1.0,63.81,5,0,0,0
05_Rock2-85-F_comp,allinone+cnnlstm+tau0.4,8,7,16,0.7658,0.7463,0.6062,1.0,63.81,2,0,0,0
05_Rock2-85-F_comp,allinone+cnnlstm+tau0.5,7,6,16,0.8424,0.8293,0.6684,1.0,63.81,1,0,0,0
05_Rock2-85-F_comp,allinone+cnnlstm+tau0.6,6,5,16,0.9188,0.9121,0.7305,1.0,63.81,0,0,0,0
05_Rock2-85-F_comp,allinone+cnnlstm+tau0.7,6,5,16,0.9188,0.9121,0.7305,1.0,63.81,0,0,0,0
05_Rock2-85-F_comp,allinone+cnnlstm+demucs,6,5,16,0.9188,0.9121,0.7305,1.0,75.98,0,0,0,0
05_Rock2-85-F_comp,allinone+cnnlstm+demucs+tau0.3,10,9,16,0.5546,0.5175,0.4346,1.0,76.1,5,0,0,0
05_Rock2-85-F_comp,allinone+cnnlstm+demucs+tau0.4,8,7,16,0.7658,0.7463,0.6062,1.0,76.1,2,0,0,0
05_Rock2-85-F_comp,allinone+cnnlstm+demucs+tau0.5,7,6,16,0.8424,0.8293,0.6684,1.0,76.1,1,0,0,0
05_Rock2-85-F_comp,allinone+cnnlstm+demucs+tau0.6,6,5,16,0.9188,0.9121,0.7305,1.0,76.1,0,0,0,0
05_Rock2-85-F_comp,allinone+cnnlstm+demucs+tau0.7,6,5,16,0.9188,0.9121,0.7305,1.0,76.1,0,0,0,0
05_Rock2-85-F_comp,madmom+btc,8,7,16,0.8808,0.8085,0.6525,1.0,2.33,0,0,0,0
05_Rock2-85-F_comp,madmom+btc+tau0.3,11,10,16,0.593,0.4967,0.4187,1.0,2.45,4,0,0,0
05_Rock2-85-F_comp,madmom+btc+tau0.4,9,8,16,0.8043,0.7255,0.5903,1.0,2.45,1,0,0,0
05_Rock2-85-F_comp,madmom+btc+tau0.5,8,7,16,0.8808,0.8085,0.6525,1.0,2.45,0,0,0,0
05_Rock2-85-F_comp,madmom+btc+tau0.6,8,7,16,0.8808,0.8085,0.6525,1.0,2.45,0,0,0,0
05_Rock2-85-F_comp,madmom+btc+tau0.7,8,7,16,0.8808,0.8085,0.6525,1.0,2.45,0,0,0,0
05_Rock2-85-F_comp,madmom+btc+demucs,8,7,16,0.8808,0.8085,0.6525,1.0,14.65,0,0,0,0
05_Rock2-85-F_comp,madmom+btc+demucs+tau0.3,11,10,16,0.593,0.4967,0.4187,1.0,14.77,4,0,0,0
05_Rock2-85-F_comp,madmom+btc+demucs+tau0.4,9,8,16,0.8043,0.7255,0.5903,1.0,14.77,1,0,0,0
05_Rock2-85-F_comp,madmom+btc+demucs+tau0.5,8,7,16,0.8808,0.8085,0.6525,1.0,14.77,0,0,0,0
05_Rock2-85-F_comp,madmom+btc+demucs+tau0.6,8,7,16,0.8808,0.8085,0.6525,1.0,14.77,0,0,0,0
05_Rock2-85-F_comp,madmom+btc+demucs+tau0.7,8,7,16,0.8808,0.8085,0.6525,1.0,14.77,0,0,0,0
05_Rock2-85-F_comp,madmom+cnnlstm,6,5,16,0.918,0.9112,0.7299,1.0,2.84,0,0,0,0
05_Rock2-85-F_comp,madmom+cnnlstm+tau0.3,10,9,16,0.5538,0.5166,0.4339,1.0,2.97,5,0,0,0
05_Rock2-85-F_comp,madmom+cnnlstm+tau0.4,8,7,16,0.765,0.7454,0.6056,1.0,2.97,2,0,0,0
05_Rock2-85-F_comp,madmom+cnnlstm+tau0.5,7,6,16,0.8416,0.8284,0.6678,1.0,2.97,1,0,0,0
05_Rock2-85-F_comp,madmom+cnnlstm+tau0.6,6,5,16,0.918,0.9112,0.7299,1.0,2.97,0,0,0,0
05_Rock2-85-F_comp,madmom+cnnlstm+tau0.7,6,5,16,0.918,0.9112,0.7299,1.0,2.97,0,0,0,0
05_Rock2-85-F_comp,madmom+cnnlstm+demucs,6,5,16,0.918,0.9112,0.7299,1.0,15.14,0,0,0,0
05_Rock2-85-F_comp,madmom+cnnlstm+demucs+tau0.3,10,9,16,0.5538,0.5166,0.4339,1.0,15.25,5,0,0,0
05_Rock2-85-F_comp,madmom+cnnlstm+demucs+tau0.4,8,7,16,0.765,0.7454,0.6056,1.0,15.25,2,0,0,0
05_Rock2-85-F_comp,madmom+cnnlstm+demucs+tau0.5,7,6,16,0.8416,0.8284,0.6678,1.0,15.25,1,0,0,0
05_Rock2-85-F_comp,madmom+cnnlstm+demucs+tau0.6,6,5,16,0.918,0.9112,0.7299,1.0,15.25,0,0,0,0
05_Rock2-85-F_comp,madmom+cnnlstm+demucs+tau0.7,6,5,16,0.918,0.9112,0.7299,1.0,15.25,0,0,0,0
05_Rock3-117-Bb_comp,allinone+btc,2,2,16,0.9478,0.9478,0.9478,0.9677,48.77,0,0,0,0
05_Rock3-117-Bb_comp,allinone+btc+tau0.3,9,9,16,0.4669,0.4669,0.4669,0.9677,48.86,8,0,0,0
05_Rock3-117-Bb_comp,allinone+btc+tau0.4,9,9,16,0.4669,0.4669,0.4669,0.9677,48.86,8,0,0,0
05_Rock3-117-Bb_comp,allinone+btc+tau0.5,8,8,16,0.5289,0.5289,0.5289,0.9677,48.86,7,0,0,0
05_Rock3-117-Bb_comp,allinone+btc+tau0.6,6,6,16,0.6995,0.6995,0.6995,0.9677,48.86,4,0,0,0
05_Rock3-117-Bb_comp,allinone+btc+tau0.7,4,4,16,0.824,0.824,0.824,0.9677,48.86,2,0,0,0
05_Rock3-117-Bb_comp,allinone+btc+demucs,2,2,16,0.9478,0.9478,0.9478,0.9677,58.01,0,0,0,0
05_Rock3-117-Bb_comp,allinone+btc+demucs+tau0.3,9,9,16,0.4669,0.4669,0.4669,0.9677,58.1,8,0,0,0
05_Rock3-117-Bb_comp,allinone+btc+demucs+tau0.4,9,9,16,0.4669,0.4669,0.4669,0.9677,58.1,8,0,0,0
05_Rock3-117-Bb_comp,allinone+btc+demucs+tau0.5,5,5,16,0.7617,0.7617,0.7617,0.9677,58.1,3,0,0,0
05_Rock3-117-Bb_comp,allinone+btc+demucs+tau0.6,4,4,16,0.824,0.824,0.824,0.9677,58.1,2,0,0,0
05_Rock3-117-Bb_comp,allinone+btc+demucs+tau0.7,3,3,16,0.8864,0.8864,0.8864,0.9677,58.1,1,0,0,0
05_Rock3-117-Bb_comp,allinone+cnnlstm,1,1,16,0.9633,0.9633,0.9633,0.9677,49.14,0,0,0,0
05_Rock3-117-Bb_comp,allinone+cnnlstm+tau0.3,9,9,16,0.4669,0.4669,0.4669,0.9677,49.23,8,0,0,0
05_Rock3-117-Bb_comp,allinone+cnnlstm+tau0.4,9,9,16,0.4669,0.4669,0.4669,0.9677,49.23,8,0,0,0
05_Rock3-117-Bb_comp,allinone+cnnlstm+tau0.5,8,8,16,0.5289,0.5289,0.5289,0.9677,49.23,7,0,0,0
05_Rock3-117-Bb_comp,allinone+cnnlstm+tau0.6,6,6,16,0.653,0.653,0.653,0.9677,49.23,5,0,0,0
05_Rock3-117-Bb_comp,allinone+cnnlstm+tau0.7,4,4,16,0.7774,0.7774,0.7774,0.9677,49.23,3,0,0,0
05_Rock3-117-Bb_comp,allinone+cnnlstm+demucs,1,1,16,0.9633,0.9633,0.9633,0.9677,58.37,0,0,0,0
05_Rock3-117-Bb_comp,allinone+cnnlstm+demucs+tau0.3,9,9,16,0.4669,0.4669,0.4669,0.9677,58.46,8,0,0,0
05_Rock3-117-Bb_comp,allinone+cnnlstm+demucs+tau0.4,9,9,16,0.4669,0.4669,0.4669,0.9677,58.46,8,0,0,0
05_Rock3-117-Bb_comp,allinone+cnnlstm+demucs+tau0.5,5,5,16,0.7151,0.7151,0.7151,0.9677,58.46,4,0,0,0
05_Rock3-117-Bb_comp,allinone+cnnlstm+demucs+tau0.6,4,4,16,0.7774,0.7774,0.7774,0.9677,58.46,3,0,0,0
05_Rock3-117-Bb_comp,allinone+cnnlstm+demucs+tau0.7,2,2,16,0.902,0.902,0.902,0.9677,58.46,1,0,0,0
05_Rock3-117-Bb_comp,madmom+btc,2,2,16,0.9642,0.9642,0.9642,0.9677,1.72,0,0,0,0
05_Rock3-117-Bb_comp,madmom+btc+tau0.3,9,9,16,0.484,0.484,0.484,0.9677,1.81,8,0,0,0
05_Rock3-117-Bb_comp,madmom+btc+tau0.4,9,9,16,0.484,0.484,0.484,0.9677,1.81,8,0,0,0
05_Rock3-117-Bb_comp,madmom+btc+tau0.5,8,8,16,0.546,0.546,0.546,0.9677,1.81,7,0,0,0
05_Rock3-117-Bb_comp,madmom+btc+tau0.6,6,6,16,0.7163,0.7163,0.7163,0.9677,1.81,4,0,0,0
05_Rock3-117-Bb_comp,madmom+btc+tau0.7,4,4,16,0.8405,0.8405,0.8405,0.9677,1.81,2,0,0,0
05_Rock3-117-Bb_comp,madmom+btc+demucs,2,2,16,0.9642,0.9642,0.9642,0.9677,10.95,0,0,0,0
05_Rock3-117-Bb_comp,madmom+btc+demucs+tau0.3,9,9,16,0.484,0.484,0.484,0.9677,11.05,8,0,0,0
05_Rock3-117-Bb_comp,madmom+btc+demucs+tau0.4,9,9,16,0.484,0.484,0.484,0.9677,11.04,8,0,0,0
05_Rock3-117-Bb_comp,madmom+btc+demucs+tau0.5,5,5,16,0.7782,0.7782,0.7782,0.9677,11.04,3,0,0,0
05_Rock3-117-Bb_comp,madmom+btc+demucs+tau0.6,4,4,16,0.8405,0.8405,0.8405,0.9677,11.04,2,0,0,0
05_Rock3-117-Bb_comp,madmom+btc+demucs+tau0.7,3,3,16,0.903,0.903,0.903,0.9677,11.04,1,0,0,0
05_Rock3-117-Bb_comp,madmom+cnnlstm,1,1,16,0.9799,0.9799,0.9799,0.9677,2.09,0,0,0,0
05_Rock3-117-Bb_comp,madmom+cnnlstm+tau0.3,9,9,16,0.4837,0.4837,0.4837,0.9677,2.18,8,0,0,0
05_Rock3-117-Bb_comp,madmom+cnnlstm+tau0.4,9,9,16,0.4837,0.4837,0.4837,0.9677,2.18,8,0,0,0
05_Rock3-117-Bb_comp,madmom+cnnlstm+tau0.5,8,8,16,0.5457,0.5457,0.5457,0.9677,2.18,7,0,0,0
05_Rock3-117-Bb_comp,madmom+cnnlstm+tau0.6,6,6,16,0.6695,0.6695,0.6695,0.9677,2.18,5,0,0,0
05_Rock3-117-Bb_comp,madmom+cnnlstm+tau0.7,4,4,16,0.7937,0.7937,0.7937,0.9677,2.18,3,0,0,0
05_Rock3-117-Bb_comp,madmom+cnnlstm+demucs,1,1,16,0.9799,0.9799,0.9799,0.9677,11.31,0,0,0,0
05_Rock3-117-Bb_comp,madmom+cnnlstm+demucs+tau0.3,9,9,16,0.4837,0.4837,0.4837,0.9677,11.4,8,0,0,0
05_Rock3-117-Bb_comp,madmom+cnnlstm+demucs+tau0.4,9,9,16,0.4837,0.4837,0.4837,0.9677,11.4,8,0,0,0
05_Rock3-117-Bb_comp,madmom+cnnlstm+demucs+tau0.5,5,5,16,0.7314,0.7314,0.7314,0.9677,11.4,4,0,0,0
05_Rock3-117-Bb_comp,madmom+cnnlstm+demucs+tau0.6,4,4,16,0.7937,0.7937,0.7937,0.9677,11.4,3,0,0,0
05_Rock3-117-Bb_comp,madmom+cnnlstm+demucs+tau0.7,2,2,16,0.9187,0.9187,0.9187,0.9677,11.4,1,0,0,0
05_Rock3-148-C_comp,allinone+btc,16,16,16,0.7912,0.7287,0.7287,0.0,41.02,0,0,0,0
05_Rock3-148-C_comp,allinone+btc+tau0.3,16,16,16,0.2824,0.2661,0.2661,0.0,41.1,13,0,0,0
05_Rock3-148-C_comp,allinone+btc+tau0.4,16,16,16,0.3587,0.3424,0.3424,0.0,41.1,11,0,0,0
05_Rock3-148-C_comp,allinone+btc+tau0.5,16,16,16,0.4053,0.389,0.389,0.0,41.1,10,0,0,0
05_Rock3-148-C_comp,allinone+btc+tau0.6,16,16,16,0.4516,0.389,0.389,0.0,41.1,9,0,0,0
05_Rock3-148-C_comp,allinone+btc+tau0.7,16,16,16,0.5441,0.4816,0.4816,0.0,41.1,7,0,0,0
05_Rock3-148-C_comp,allinone+btc+demucs,16,16,16,0.8068,0.7443,0.7443,0.0,48.84,0,0,0,0
05_Rock3-148-C_comp,allinone+btc+demucs+tau0.3,16,16,16,0.3144,0.2981,0.2981,0.0,48.91,13,0,0,0
05_Rock3-148-C_comp,allinone+btc+demucs+tau0.4,16,16,16,0.3907,0.3744,0.3744,0.0,48.91,11,0,0,0
05_Rock3-148-C_comp,allinone+btc+demucs+tau0.5,16,16,16,0.4373,0.421,0.421,0.0,48.91,10,0,0,0
05_Rock3-148-C_comp,allinone+btc+demucs+tau0.6,16,16,16,0.4836,0.421,0.421,0.0,48.91,9,0,0,0
05_Rock3-148-C_comp,allinone+btc+demucs+tau0.7,16,16,16,0.5761,0.5136,0.5136,0.0,48.91,7,0,0,0
05_Rock3-148-C_comp,allinone+cnnlstm,16,16,16,0.7765,0.6515,0.6515,0.0,41.32,0,0,0,0
05_Rock3-148-C_comp,allinone+cnnlstm+tau0.3,16,16,16,0.4687,0.4361,0.4361,0.0,41.4,7,0,0,0
05_Rock3-148-C_comp,allinone+cnnlstm+tau0.4,16,16,16,0.4995,0.4669,0.4669,0.0,41.4,6,0,0,0
05_Rock3-148-C_comp,allinone+cnnlstm+tau0.5,16,16,16,0.5462,0.5136,0.5136,0.0,41.4,5,0,0,0
05_Rock3-148-C_comp,allinone+cnnlstm+tau0.6,16,16,16,0.5924,0.5136,0.5136,0.0,41.4,4,0,0,0
05_Rock3-148-C_comp,allinone+cnnlstm+tau0.7,16,16,16,0.6841,0.6053,0.6053,0.0,41.4,2,0,0,0
05_Rock3-148-C_comp,allinone+cnnlstm+demucs,16,16,16,0.7765,0.6515,0.6515,0.0,49.13,0,0,0,0
05_Rock3-148-C_comp,allinone+cnnlstm+demucs+tau0.3,16,16,16,0.4687,0.4361,0.4361,0.0,49.2,7,0,0,0
05_Rock3-148-C_comp,allinone+cnnlstm+demucs+tau0.4,16,16,16,0.4995,0.4669,0.4669,0.0,49.2,6,0,0,0
05_Rock3-148-C_comp,allinone+cnnlstm+demucs+tau0.5,16,16,16,0.5462,0.5136,0.5136,0.0,49.2,5,0,0,0
05_Rock3-148-C_comp,allinone+cnnlstm+demucs+tau0.6,16,16,16,0.5924,0.5136,0.5136,0.0,49.2,4,0,0,0
05_Rock3-148-C_comp,allinone+cnnlstm+demucs+tau0.7,16,16,16,0.6383,0.5595,0.5595,0.0,49.2,3,0,0,0
05_Rock3-148-C_comp,madmom+btc,16,16,16,0.8076,0.7451,0.7451,0.0,1.4,0,0,0,0
05_Rock3-148-C_comp,madmom+btc+tau0.3,16,16,16,0.2674,0.2511,0.2511,0.0,1.48,14,0,0,0
05_Rock3-148-C_comp,madmom+btc+tau0.4,16,16,16,0.3591,0.3428,0.3428,0.0,1.48,12,0,0,0
05_Rock3-148-C_comp,madmom+btc+tau0.5,16,16,16,0.4057,0.3894,0.3894,0.0,1.48,11,0,0,0
05_Rock3-148-C_comp,madmom+btc+tau0.6,16,16,16,0.4519,0.3894,0.3894,0.0,1.48,10,0,0,0
05_Rock3-148-C_comp,madmom+btc+tau0.7,16,16,16,0.5447,0.4822,0.4822,0.0,1.48,8,0,0,0
05_Rock3-148-C_comp,madmom+btc+demucs,16,16,16,0.8232,0.7607,0.7607,0.0,9.21,0,0,0,0
05_Rock3-148-C_comp,madmom+btc+demucs+tau0.3,16,16,16,0.2994,0.2831,0.2831,0.0,9.29,14,0,0,0
05_Rock3-148-C_comp,madmom+btc+demucs+tau0.4,16,16,16,0.3911,0.3748,0.3748,0.0,9.29,12,0,0,0
05_Rock3-148-C_comp,madmom+btc+demucs+tau0.5,16,16,16,0.4377,0.4214,0.4214,0.0,9.29,11,0,0,0
05_Rock3-148-C_comp,madmom+btc+demucs+tau0.6,16,16,16,0.4839,0.4214,0.4214,0.0,9.29,10,0,0,0
05_Rock3-148-C_comp,madmom+btc+demucs+tau0.7,16,16,16,0.5767,0.5142,0.5142,0.0,9.29,8,0,0,0
05_Rock3-148-C_comp,madmom+cnnlstm,16,16,16,0.7927,0.6678,0.6678,0.0,1.7,0,0,0,0
05_Rock3-148-C_comp,madmom+cnnlstm+tau0.3,16,16,16,0.453,0.4205,0.4205,0.0,1.78,8,0,0,0
05_Rock3-148-C_comp,madmom+cnnlstm+tau0.4,16,16,16,0.4989,0.4664,0.4664,0.0,1.78,7,0,0,0
05_Rock3-148-C_comp,madmom+cnnlstm+tau0.5,16,16,16,0.5455,0.513,0.513,0.0,1.78,6,0,0,0
05_Rock3-148-C_comp,madmom+cnnlstm+tau0.6,16,16,16,0.5917,0.513,0.513,0.0,1.78,5,0,0,0
05_Rock3-148-C_comp,madmom+cnnlstm+tau0.7,16,16,16,0.684,0.6053,0.6053,0.0,1.78,3,0,0,0
05_Rock3-148-C_comp,madmom+cnnlstm+demucs,16,16,16,0.7927,0.6678,0.6678,0.0,9.5,0,0,0,0
05_Rock3-148-C_comp,madmom+cnnlstm+demucs+tau0.3,16,16,16,0.453,0.4205,0.4205,0.0,9.58,8,0,0,0
05_Rock3-148-C_comp,madmom+cnnlstm+demucs+tau0.4,16,16,16,0.4989,0.4664,0.4664,0.0,9.58,7,0,0,0
05_Rock3-148-C_comp,madmom+cnnlstm+demucs+tau0.5,16,16,16,0.5455,0.513,0.513,0.0,9.58,6,0,0,0
05_Rock3-148-C_comp,madmom+cnnlstm+demucs+tau0.6,16,16,16,0.5917,0.513,0.513,0.0,9.58,5,0,0,0
05_Rock3-148-C_comp,madmom+cnnlstm+demucs+tau0.7,16,16,16,0.6378,0.5591,0.5591,0.0,9.58,4,0,0,0
05_SS1-100-C#_comp,allinone+btc,7,7,12,0.7885,0.7885,0.7885,0.2222,43.72,0,0,0,0
05_SS1-100-C#_comp,allinone+btc+tau0.3,12,12,12,0.0628,0.0628,0.0628,0.2222,43.8,8,0,0,0
05_SS1-100-C#_comp,allinone+btc+tau0.4,10,10,12,0.3198,0.3198,0.3198,0.2222,43.8,5,0,0,0
05_SS1-100-C#_comp,allinone+btc+tau0.5,8,8,12,0.7056,0.7056,0.7056,0.2222,43.8,1,0,0,0
05_SS1-100-C#_comp,allinone+btc+tau0.6,8,8,12,0.7056,0.7056,0.7056,0.2222,43.8,1,0,0,0
05_SS1-100-C#_comp,allinone+btc+tau0.7,7,7,12,0.7885,0.7885,0.7885,0.2222,43.8,0,0,0,0
05_SS1-100-C#_comp,allinone+btc+demucs,7,7,12,0.7885,0.7885,0.7885,0.2222,51.44,0,0,0,0
05_SS1-100-C#_comp,allinone+btc+demucs+tau0.3,12,12,12,0.0628,0.0628,0.0628,0.2222,51.53,8,0,0,0
05_SS1-100-C#_comp,allinone+btc+demucs+tau0.4,10,10,12,0.3198,0.3198,0.3198,0.2222,51.53,5,0,0,0
05_SS1-100-C#_comp,allinone+btc+demucs+tau0.5,8,8,12,0.7056,0.7056,0.7056,0.2222,51.53,1,0,0,0
05_SS1-100-C#_comp,allinone+btc+demucs+tau0.6,8,8,12,0.7056,0.7056,0.7056,0.2222,51.53,1,0,0,0
05_SS1-100-C#_comp,allinone+btc+demucs+tau0.7,7,7,12,0.7885,0.7885,0.7885,0.2222,51.53,0,0,0,0
05_SS1-100-C#_comp,allinone+cnnlstm,7,7,12,0.7885,0.7885,0.7885,0.2222,44.05,0,0,0,0
05_SS1-100-C#_comp,allinone+cnnlstm+tau0.3,12,12,12,0.0628,0.0628,0.0628,0.2222,44.13,8,0,0,0
05_SS1-100-C#_comp,allinone+cnnlstm+tau0.4,10,10,12,0.3198,0.3198,0.3198,0.2222,44.13,5,0,0,0
05_SS1-100-C#_comp,allinone+cnnlstm+tau0.5,8,8,12,0.7056,0.7056,0.7056,0.2222,44.13,1,0,0,0
05_SS1-100-C#_comp,allinone+cnnlstm+tau0.6,8,8,12,0.7056,0.7056,0.7056,0.2222,44.13,1,0,0,0
05_SS1-100-C#_comp,allinone+cnnlstm+tau0.7,7,7,12,0.7885,0.7885,0.7885,0.2222,44.13,0,0,0,0
05_SS1-100-C#_comp,allinone+cnnlstm+demucs,7,7,12,0.7885,0.7885,0.7885,0.2222,51.82,0,0,0,0
05_SS1-100-C#_comp,allinone+cnnlstm+demucs+tau0.3,12,12,12,0.0628,0.0628,0.0628,0.2222,51.9,8,0,0,0
05_SS1-100-C#_comp,allinone+cnnlstm+demucs+tau0.4,10,10,12,0.3198,0.3198,0.3198,0.2222,51.9,5,0,0,0
05_SS1-100-C#_comp,allinone+cnnlstm+demucs+tau0.5,8,8,12,0.7056,0.7056,0.7056,0.2222,51.9,1,0,0,0
05_SS1-100-C#_comp,allinone+cnnlstm+demucs+tau0.6,8,8,12,0.7056,0.7056,0.7056,0.2222,51.9,1,0,0,0
05_SS1-100-C#_comp,allinone+cnnlstm+demucs+tau0.7,7,7,12,0.7885,0.7885,0.7885,0.2222,51.9,0,0,0,0
05_SS1-100-C#_comp,madmom+btc,2,2,12,0.9597,0.9597,0.9597,0.9565,1.54,0,0,0,0
05_SS1-100-C#_comp,madmom+btc+tau0.3,12,12,12,0.0003,0.0003,0.0003,0.9565,1.63,12,0,0,0
05_SS1-100-C#_comp,madmom+btc+tau0.4,7,7,12,0.5451,0.5451,0.5451,0.9565,1.63,5,0,0,0
05_SS1-100-C#_comp,madmom+btc+tau0.5,2,2,12,0.9597,0.9597,0.9597,0.9565,1.63,0,0,0,0
05_SS1-100-C#_comp,madmom+btc+tau0.6,2,2,12,0.9597,0.9597,0.9597,0.9565,1.63,0,0,0,0
05_SS1-100-C#_comp,madmom+btc+tau0.7,2,2,12,0.9597,0.9597,0.9597,0.9565,1.63,0,0,0,0
05_SS1-100-C#_comp,madmom+btc+demucs,2,2,12,0.9597,0.9597,0.9597,0.9565,9.27,0,0,0,0
05_SS1-100-C#_comp,madmom+btc+demucs+tau0.3,12,12,12,0.0003,0.0003,0.0003,0.9565,9.35,12,0,0,0
05_SS1-100-C#_comp,madmom+btc+demucs+tau0.4,7,7,12,0.5451,0.5451,0.5451,0.9565,9.35,5,0,0,0
05_SS1-100-C#_comp,madmom+btc+demucs+tau0.5,2,2,12,0.9597,0.9597,0.9597,0.9565,9.35,0,0,0,0
05_SS1-100-C#_comp,madmom+btc+demucs+tau0.6,2,2,12,0.9597,0.9597,0.9597,0.9565,9.35,0,0,0,0
05_SS1-100-C#_comp,madmom+btc+demucs+tau0.7,2,2,12,0.9597,0.9597,0.9597,0.9565,9.35,0,0,0,0
05_SS1-100-C#_comp,madmom+cnnlstm,2,2,12,0.9597,0.9597,0.9597,0.9565,1.88,0,0,0,0
05_SS1-100-C#_comp,madmom+cnnlstm+tau0.3,12,12,12,0.0003,0.0003,0.0003,0.9565,1.96,12,0,0,0
05_SS1-100-C#_comp,madmom+cnnlstm+tau0.4,7,7,12,0.5451,0.5451,0.5451,0.9565,1.96,5,0,0,0
05_SS1-100-C#_comp,madmom+cnnlstm+tau0.5,2,2,12,0.9597,0.9597,0.9597,0.9565,1.96,0,0,0,0
05_SS1-100-C#_comp,madmom+cnnlstm+tau0.6,2,2,12,0.9597,0.9597,0.9597,0.9565,1.96,0,0,0,0
05_SS1-100-C#_comp,madmom+cnnlstm+tau0.7,2,2,12,0.9597,0.9597,0.9597,0.9565,1.96,0,0,0,0
05_SS1-100-C#_comp,madmom+cnnlstm+demucs,2,2,12,0.9597,0.9597,0.9597,0.9565,9.64,0,0,0,0
05_SS1-100-C#_comp,madmom+cnnlstm+demucs+tau0.3,12,12,12,0.0003,0.0003,0.0003,0.9565,9.72,12,0,0,0
05_SS1-100-C#_comp,madmom+cnnlstm+demucs+tau0.4,7,7,12,0.5451,0.5451,0.5451,0.9565,9.72,5,0,0,0
05_SS1-100-C#_comp,madmom+cnnlstm+demucs+tau0.5,2,2,12,0.9597,0.9597,0.9597,0.9565,9.72,0,0,0,0
05_SS1-100-C#_comp,madmom+cnnlstm+demucs+tau0.6,2,2,12,0.9597,0.9597,0.9597,0.9565,9.72,0,0,0,0
05_SS1-100-C#_comp,madmom+cnnlstm+demucs+tau0.7,2,2,12,0.9597,0.9597,0.9597,0.9565,9.72,0,0,0,0
05_SS1-68-E_comp,allinone+btc,12,12,12,0.8033,0.72,0.72,0.6061,60.54,0,0,0,0
05_SS1-68-E_comp,allinone+btc+tau0.3,12,12,12,0.2762,0.2353,0.2353,0.6061,60.66,13,0,0,0
05_SS1-68-E_comp,allinone+btc+tau0.4,12,12,12,0.6937,0.6104,0.6104,0.6061,60.66,3,0,0,0
05_SS1-68-E_comp,allinone+btc+tau0.5,12,12,12,0.7766,0.6933,0.6933,0.6061,60.66,1,0,0,0
05_SS1-68-E_comp,allinone+btc+tau0.6,12,12,12,0.8033,0.72,0.72,0.6061,60.66,0,0,0,0
05_SS1-68-E_comp,allinone+btc+tau0.7,12,12,12,0.8033,0.72,0.72,0.6061,60.66,0,0,0,0
05_SS1-68-E_comp,allinone+btc+demucs,12,12,12,0.8033,0.7333,0.7333,0.6061,72.84,0,0,0,0
05_SS1-68-E_comp,allinone+btc+demucs+tau0.3,12,12,12,0.2762,0.2486,0.2486,0.6061,72.95,13,0,0,0
05_SS1-68-E_comp,allinone+btc+demucs+tau0.4,12,12,12,0.6937,0.6237,0.6237,0.6061,72.95,3,0,0,0
05_SS1-68-E_comp,allinone+btc+demucs+tau0.5,12,12,12,0.7766,0.7066,0.7066,0.6061,72.95,1,0,0,0
05_SS1-68-E_comp,allinone+btc+demucs+tau0.6,12,12,12,0.8033,0.7333,0.7333,0.6061,72.95,0,0,0,0
05_SS1-68-E_comp,allinone+btc+demucs+tau0.7,12,12,12,0.8033,0.7333,0.7333,0.6061,72.95,0,0,0,0
05_SS1-68-E_comp,allinone+cnnlstm,12,12,12,0.8313,0.8313,0.8313,0.6061,61.01,0,0,0,0
05_SS1-68-E_comp,allinone+cnnlstm+tau0.3,12,12,12,0.3054,0.3054,0.3054,0.6061,61.13,13,0,0,0
05_SS1-68-E_comp,allinone+cnnlstm+tau0.4,12,12,12,0.7218,0.7218,0.7218,0.6061,61.13,3,0,0,0
05_SS1-68-E_comp,allinone+cnnlstm+tau0.5,12,12,12,0.8047,0.8047,0.8047,0.6061,61.13,1,0,0,0
05_SS1-68-E_comp,allinone+cnnlstm+tau0.6,12,12,12,0.8313,0.8313,0.8313,0.6061,61.13,0,0,0,0
05_SS1-68-E_comp,allinone+cnnlstm+tau0.7,12,12,12,0.8313,0.8313,0.8313,0.6061,61.13,0,0,0,0
05_SS1-68-E_comp,allinone+cnnlstm+demucs,12,12,12,0.8313,0.8313,0.8313,0.6061,73.28,0,0,0,0
05_SS1-68-E_comp,allinone+cnnlstm+demucs+tau0.3,12,12,12,0.3054,0.3054,0.3054,0.6061,73.39,13,0,0,0
05_SS1-68-E_comp,allinone+cnnlstm+demucs+tau0.4,12,12,12,0.7218,0.7218,0.7218,0.6061,73.39,3,0,0,0
05_SS1-68-E_comp,allinone+cnnlstm+demucs+tau0.5,12,12,12,0.8047,0.8047,0.8047,0.6061,73.39,1,0,0,0
05_SS1-68-E_comp,allinone+cnnlstm+demucs+tau0.6,12,12,12,0.8313,0.8313,0.8313,0.6061,73.39,0,0,0,0
05_SS1-68-E_comp,allinone+cnnlstm+demucs+tau0.7,12,12,12,0.8313,0.8313,0.8313,0.6061,73.39,0,0,0,0
05_SS1-68-E_comp,madmom+btc,12,12,12,0.953,0.8697,0.8697,0.6667,2.25,0,0,0,0
05_SS1-68-E_comp,madmom+btc+tau0.3,12,12,12,0.3027,0.2619,0.2619,0.6667,2.36,16,0,0,0
05_SS1-68-E_comp,madmom+btc+tau0.4,12,12,12,0.8028,0.7195,0.7195,0.6667,2.36,4,0,0,0
05_SS1-68-E_comp,madmom+btc+tau0.5,12,12,12,0.9268,0.8435,0.8435,0.6667,2.36,1,0,0,0
05_SS1-68-E_comp,madmom+btc+tau0.6,12,12,12,0.953,0.8697,0.8697,0.6667,2.36,0,0,0,0
05_SS1-68-E_comp,madmom+btc+tau0.7,12,12,12,0.953,0.8697,0.8697,0.6667,2.36,0,0,0,0
05_SS1-68-E_comp,madmom+btc+demucs,12,12,12,0.953,0.883,0.883,0.6667,14.54,0,0,0,0
05_SS1-68-E_comp,madmom+btc+demucs+tau0.3,12,12,12,0.3027,0.2753,0.2753,0.6667,14.66,16,0,0,0
05_SS1-68-E_comp,madmom+btc+demucs+tau0.4,12,12,12,0.8028,0.7328,0.7328,0.6667,14.66,4,0,0,0
05_SS1-68-E_comp,madmom+btc+demucs+tau0.5,12,12,12,0.9268,0.8568,0.8568,0.6667,14.66,1,0,0,0
05_SS1-68-E_comp,madmom+btc+demucs+tau0.6,12,12,12,0.953,0.883,0.883,0.6667,14.66,0,0,0,0
05_SS1-68-E_comp,madmom+btc+demucs+tau0.7,12,12,12,0.953,0.883,0.883,0.6667,14.66,0,0,0,0
05_SS1-68-E_comp,madmom+cnnlstm,12,12,12,0.9813,0.9813,0.9813,0.6667,2.72,0,0,0,0
05_SS1-68-E_comp,madmom+cnnlstm+tau0.3,12,12,12,0.3323,0.3323,0.3323,0.6667,2.83,16,0,0,0
05_SS1-68-E_comp,madmom+cnnlstm+tau0.4,12,12,12,0.8311,0.8311,0.8311,0.6667,2.83,4,0,0,0
05_SS1-68-E_comp,madmom+cnnlstm+tau0.5,12,12,12,0.9551,0.9551,0.9551,0.6667,2.83,1,0,0,0
05_SS1-68-E_comp,madmom+cnnlstm+tau0.6,12,12,12,0.9813,0.9813,0.9813,0.6667,2.83,0,0,0,0
05_SS1-68-E_comp,madmom+cnnlstm+tau0.7,12,12,12,0.9813,0.9813,0.9813,0.6667,2.83,0,0,0,0
05_SS1-68-E_comp,madmom+cnnlstm+demucs,12,12,12,0.9813,0.9813,0.9813,0.6667,14.98,0,0,0,0
05_SS1-68-E_comp,madmom+cnnlstm+demucs+tau0.3,12,12,12,0.3323,0.3323,0.3323,0.6667,15.09,16,0,0,0
05_SS1-68-E_comp,madmom+cnnlstm+demucs+tau0.4,12,12,12,0.8311,0.8311,0.8311,0.6667,15.09,4,0,0,0
05_SS1-68-E_comp,madmom+cnnlstm+demucs+tau0.5,12,12,12,0.9551,0.9551,0.9551,0.6667,15.09,1,0,0,0
05_SS1-68-E_comp,madmom+cnnlstm+demucs+tau0.6,12,12,12,0.9813,0.9813,0.9813,0.6667,15.09,0,0,0,0
05_SS1-68-E_comp,madmom+cnnlstm+demucs+tau0.7,12,12,12,0.9813,0.9813,0.9813,0.6667,15.09,0,0,0,0
05_SS2-107-Ab_comp,allinone+btc,14,10,16,0.5328,0.5328,0.4662,0.8571,53.31,0,0,0,0
05_SS2-107-Ab_comp,allinone+btc+tau0.3,15,14,16,0.2129,0.2129,0.1863,0.8571,53.42,6,0,0,0
05_SS2-107-Ab_comp,allinone+btc+tau0.4,15,13,16,0.2839,0.2839,0.2484,0.8571,53.42,4,0,0,0
05_SS2-107-Ab_comp,allinone+btc+tau0.5,15,13,16,0.2839,0.2839,0.2484,0.8571,53.42,4,0,0,0
05_SS2-107-Ab_comp,allinone+btc+tau0.6,14,11,16,0.426,0.426,0.3728,0.8571,53.42,2,0,0,0
05_SS2-107-Ab_comp,allinone+btc+tau0.7,14,11,16,0.426,0.426,0.3728,0.8571,53.42,2,0,0,0
05_SS2-107-Ab_comp,allinone+btc+demucs,14,10,16,0.5153,0.5153,0.4509,0.8571,63.88,0,0,0,0
05_SS2-107-Ab_comp,allinone+btc+demucs+tau0.3,15,14,16,0.1954,0.1954,0.1709,0.8571,63.98,6,0,0,0
05_SS2-107-Ab_comp,allinone+btc+demucs+tau0.4,15,13,16,0.2664,0.2664,0.2331,0.8571,63.98,4,0,0,0
05_SS2-107-Ab_comp,allinone+btc+demucs+tau0.5,15,13,16,0.2664,0.2664,0.2331,0.8571,63.98,4,0,0,0
05_SS2-107-Ab_comp,allinone+btc+demucs+tau0.6,14,11,16,0.4085,0.4085,0.3574,0.8571,63.98,2,0,0,0
05_SS2-107-Ab_comp,allinone+btc+demucs+tau0.7,14,11,16,0.4085,0.4085,0.3574,0.8571,63.98,2,0,0,0
05_SS2-107-Ab_comp,allinone+cnnlstm,13,8,16,0.6386,0.6386,0.5588,0.8571,53.72,0,0,0,0
05_SS2-107-Ab_comp,allinone+cnnlstm+tau0.3,14,13,16,0.284,0.284,0.2485,0.8571,53.82,6,0,0,0
05_SS2-107-Ab_comp,allinone+cnnlstm+tau0.4,14,12,16,0.355,0.355,0.3106,0.8571,53.82,5,0,0,0
05_SS2-107-Ab_comp,allinone+cnnlstm+tau0.5,14,12,16,0.355,0.355,0.3106,0.8571,53.82,4,0,0,0
05_SS2-107-Ab_comp,allinone+cnnlstm+tau0.6,13,10,16,0.4971,0.4971,0.435,0.8571,53.82,2,0,0,0
05_SS2-107-Ab_comp,allinone+cnnlstm+tau0.7,13,9,16,0.5672,0.5672,0.4963,0.8571,53.82,1,0,0,0
05_SS2-107-Ab_comp,allinone+cnnlstm+demucs,13,8,16,0.6214,0.6214,0.5437,0.8571,64.27,0,0,0,0
05_SS2-107-Ab_comp,allinone+cnnlstm+demucs+tau0.3,14,13,16,0.2668,0.2668,0.2334,0.8571,64.37,6,0,0,0
05_SS2-107-Ab_comp,allinone+cnnlstm+demucs+tau0.4,14,12,16,0.3378,0.3378,0.2956,0.8571,64.37,4,0,0,0
05_SS2-107-Ab_comp,allinone+cnnlstm+demucs+tau0.5,14,12,16,0.3378,0.3378,0.2956,0.8571,64.37,4,0,0,0
05_SS2-107-Ab_comp,allinone+cnnlstm+demucs+tau0.6,13,10,16,0.4799,0.4799,0.4199,0.8571,64.37,2,0,0,0
05_SS2-107-Ab_comp,allinone+cnnlstm+demucs+tau0.7,13,9,16,0.55,0.55,0.4812,0.8571,64.37,1,0,0,0
05_SS2-107-Ab_comp,madmom+btc,12,6,16,0.8171,0.8171,0.715,0.9677,1.88,0,0,0,0
05_SS2-107-Ab_comp,madmom+btc+tau0.3,14,13,16,0.2841,0.2841,0.2486,0.9677,1.98,9,0,0,0
05_SS2-107-Ab_comp,madmom+btc+tau0.4,14,11,16,0.4262,0.4262,0.3729,0.9677,1.98,6,0,0,0
05_SS2-107-Ab_comp,madmom+btc+tau0.5,14,11,16,0.4262,0.4262,0.3729,0.9677,1.98,6,0,0,0
05_SS2-107-Ab_comp,madmom+btc+tau0.6,13,9,16,0.5685,0.5685,0.4974,0.9677,1.98,4,0,0,0
05_SS2-107-Ab_comp,madmom+btc+tau0.7,12,8,16,0.6391,0.6391,0.5592,0.9677,1.98,3,0,0,0
05_SS2-107-Ab_comp,madmom+btc+demucs,12,6,16,0.7996,0.7996,0.6996,0.9677,12.45,0,0,0,0
05_SS2-107-Ab_comp,madmom+btc+demucs+tau0.3,14,13,16,0.2666,0.2666,0.2333,0.9677,12.54,9,0,0,0
05_SS2-107-Ab_comp,madmom+btc+demucs+tau0.4,14,11,16,0.4087,0.4087,0.3576,0.9677,12.54,6,0,0,0
05_SS2-107-Ab_comp,madmom+btc+demucs+tau0.5,14,11,16,0.4087,0.4087,0.3576,0.9677,12.54,6,0,0,0
05_SS2-107-Ab_comp,madmom+btc+demucs+tau0.6,13,9,16,0.551,0.551,0.4821,0.9677,12.54,4,0,0,0
05_SS2-107-Ab_comp,madmom+btc+demucs+tau0.7,12,8,16,0.6216,0.6216,0.5439,0.9677,12.54,3,0,0,0
05_SS2-107-Ab_comp,madmom+cnnlstm,11,4,16,0.9226,0.9226,0.8073,0.9677,2.28,0,0,0,0
05_SS2-107-Ab_comp,madmom+cnnlstm+tau0.3,13,12,16,0.3549,0.3549,0.3105,0.9677,2.38,9,0,0,0
05_SS2-107-Ab_comp,madmom+cnnlstm+tau0.4,13,10,16,0.497,0.497,0.4349,0.9677,2.38,7,0,0,0
05_SS2-107-Ab_comp,madmom+cnnlstm+tau0.5,13,10,16,0.497,0.497,0.4349,0.9677,2.38,6,0,0,0
05_SS2-107-Ab_comp,madmom+cnnlstm+tau0.6,12,8,16,0.6393,0.6393,0.5594,0.9677,2.38,4,0,0,0
05_SS2-107-Ab_comp,madmom+cnnlstm+tau0.7,11,6,16,0.7799,0.7799,0.6825,0.9677,2.38,2,0,0,0
05_SS2-107-Ab_comp,madmom+cnnlstm+demucs,11,4,16,0.9057,0.9057,0.7925,0.9677,12.84,0,0,0,0
05_SS2-107-Ab_comp,madmom+cnnlstm+demucs+tau0.3,13,12,16,0.338,0.338,0.2957,0.9677,12.93,9,0,0,0
05_SS2-107-Ab_comp,madmom+cnnlstm+demucs+tau0.4,13,10,16,0.4801,0.4801,0.4201,0.9677,12.93,6,0,0,0
05_SS2-107-Ab_comp,madmom+cnnlstm+demucs+tau0.5,13,10,16,0.4801,0.4801,0.4201,0.9677,12.93,6,0,0,0
05_SS2-107-Ab_comp,madmom+cnnlstm+demucs+tau0.6,12,8,16,0.6224,0.6224,0.5446,0.9677,12.93,4,0,0,0
05_SS2-107-Ab_comp,madmom+cnnlstm+demucs+tau0.7,11,6,16,0.7631,0.7631,0.6677,0.9677,12.93,2,0,0,0
05_SS2-88-F_comp,allinone+btc,16,16,16,0.885,0.885,0.766,0.0,61.95,0,0,1,0
05_SS2-88-F_comp,allinone+btc+tau0.3,16,16,16,0.6051,0.6051,0.5386,0.0,62.07,8,0,1,0
05_SS2-88-F_comp,allinone+btc+tau0.4,16,16,16,0.8285,0.8285,0.7201,0.0,62.07,2,0,1,0
05_SS2-88-F_comp,allinone+btc+tau0.5,16,16,16,0.8657,0.8657,0.7504,0.0,62.07,1,0,1,0
05_SS2-88-F_comp,allinone+btc+tau0.6,16,16,16,0.885,0.885,0.766,0.0,62.07,0,0,1,0
05_SS2-88-F_comp,allinone+btc+tau0.7,16,16,16,0.885,0.885,0.766,0.0,62.07,0,0,1,0
05_SS2-88-F_comp,allinone+btc+demucs,16,16,16,0.885,0.885,0.766,0.0,74.07,0,0,1,0
05_SS2-88-F_comp,allinone+btc+demucs+tau0.3,16,16,16,0.6051,0.6051,0.5386,0.0,74.19,8,0,1,0
05_SS2-88-F_comp,allinone+btc+demucs+tau0.4,16,16,16,0.8285,0.8285,0.7201,0.0,74.19,2,0,1,0
05_SS2-88-F_comp,allinone+btc+demucs+tau0.5,16,16,16,0.8657,0.8657,0.7504,0.0,74.19,1,0,1,0
05_SS2-88-F_comp,allinone+btc+demucs+tau0.6,16,16,16,0.885,0.885,0.766,0.0,74.19,0,0,1,0
05_SS2-88-F_comp,allinone+btc+demucs+tau0.7,16,16,16,0.885,0.885,0.766,0.0,74.19,0,0,1,0
05_SS2-88-F_comp,allinone+cnnlstm,16,16,16,0.8992,0.8223,0.6681,0.0,62.45,0,0,1,0
05_SS2-88-F_comp,allinone+cnnlstm+tau0.3,16,16,16,0.5808,0.5485,0.4821,0.0,62.57,10,0,1,0
05_SS2-88-F_comp,allinone+cnnlstm+tau0.4,16,16,16,0.7724,0.7401,0.6377,0.0,62.57,5,0,1,0
05_SS2-88-F_comp,allinone+cnnlstm+tau0.5,16,16,16,0.817,0.7401,0.6013,0.0,62.57,3,0,1,0
05_SS2-88-F_comp,allinone+cnnlstm+tau0.6,16,16,16,0.8362,0.7593,0.6169,0.0,62.57,2,0,1,0
05_SS2-88-F_comp,allinone+cnnlstm+tau0.7,16,16,16,0.8549,0.7779,0.632,0.0,62.57,1,0,1,0
05_SS2-88-F_comp,allinone+cnnlstm+demucs,16,16,16,0.8992,0.8223,0.6681,0.0,74.55,0,0,1,0
05_SS2-88-F_comp,allinone+cnnlstm+demucs+tau0.3,16,16,16,0.5808,0.5485,0.4821,0.0,74.66,10,0,1,0
05_SS2-88-F_comp,allinone+cnnlstm+demucs+tau0.4,16,16,16,0.7724,0.7401,0.6377,0.0,74.66,5,0,1,0
05_SS2-88-F_comp,allinone+cnnlstm+demucs+tau0.5,16,16,16,0.817,0.7401,0.6013,0.0,74.66,3,0,1,0
05_SS2-88-F_comp,allinone+cnnlstm+demucs+tau0.6,16,16,16,0.8362,0.7593,0.6169,0.0,74.66,2,0,1,0
05_SS2-88-F_comp,allinone+cnnlstm+demucs+tau0.7,16,16,16,0.8549,0.7779,0.632,0.0,74.66,1,0,1,0
05_SS2-88-F_comp,madmom+btc,16,16,16,0.9322,0.9322,0.8097,0.6383,2.25,0,0,1,0
05_SS2-88-F_comp,madmom+btc+tau0.3,16,16,16,0.6388,0.6388,0.5713,0.6383,2.37,9,0,1,0
05_SS2-88-F_comp,madmom+btc+tau0.4,16,16,16,0.8183,0.8183,0.7171,0.6383,2.37,3,0,1,0
05_SS2-88-F_comp,madmom+btc+tau0.5,16,16,16,0.893,0.893,0.7778,0.6383,2.37,1,0,1,0
05_SS2-88-F_comp,madmom+btc+tau0.6,16,16,16,0.9322,0.9322,0.8097,0.6383,2.37,0,0,1,0
05_SS2-88-F_comp,madmom+btc+tau0.7,16,16,16,0.9322,0.9322,0.8097,0.6383,2.37,0,0,1,0
05_SS2-88-F_comp,madmom+btc+demucs,16,16,16,0.9322,0.9322,0.8097,0.6383,14.37,0,0,1,0
05_SS2-88-F_comp,madmom+btc+demucs+tau0.3,16,16,16,0.6388,0.6388,0.5713,0.6383,14.49,9,0,1,0
05_SS2-88-F_comp,madmom+btc+demucs+tau0.4,16,16,16,0.8183,0.8183,0.7171,0.6383,14.49,3,0,1,0
05_SS2-88-F_comp,madmom+btc+demucs+tau0.5,16,16,16,0.893,0.893,0.7778,0.6383,14.49,1,0,1,0
05_SS2-88-F_comp,madmom+btc+demucs+tau0.6,16,16,16,0.9322,0.9322,0.8097,0.6383,14.49,0,0,1,0
05_SS2-88-F_comp,madmom+btc+demucs+tau0.7,16,16,16,0.9322,0.9322,0.8097,0.6383,14.49,0,0,1,0
05_SS2-88-F_comp,madmom+cnnlstm,16,16,16,0.9847,0.9078,0.7375,0.6383,2.75,0,0,1,0
05_SS2-88-F_comp,madmom+cnnlstm+tau0.3,16,16,16,0.6393,0.5624,0.4883,0.6383,2.87,10,0,1,0
05_SS2-88-F_comp,madmom+cnnlstm+tau0.4,16,16,16,0.794,0.7171,0.614,0.6383,2.87,6,0,1,0
05_SS2-88-F_comp,madmom+cnnlstm+tau0.5,16,16,16,0.8687,0.7918,0.6747,0.6383,2.87,4,0,1,0
05_SS2-88-F_comp,madmom+cnnlstm+tau0.6,16,16,16,0.9463,0.8694,0.7064,0.6383,2.87,1,0,1,0
05_SS2-88-F_comp,madmom+cnnlstm+tau0.7,16,16,16,0.9463,0.8694,0.7064,0.6383,2.87,1,0,1,0
05_SS2-88-F_comp,madmom+cnnlstm+demucs,16,16,16,0.9847,0.9078,0.7375,0.6383,14.85,0,0,1,0
05_SS2-88-F_comp,madmom+cnnlstm+demucs+tau0.3,16,16,16,0.6393,0.5624,0.4883,0.6383,14.96,10,0,1,0
05_SS2-88-F_comp,madmom+cnnlstm+demucs+tau0.4,16,16,16,0.794,0.7171,0.614,0.6383,14.96,6,0,1,0
05_SS2-88-F_comp,madmom+cnnlstm+demucs+tau0.5,16,16,16,0.8687,0.7918,0.6747,0.6383,14.96,4,0,1,0
05_SS2-88-F_comp,madmom+cnnlstm+demucs+tau0.6,16,16,16,0.9463,0.8694,0.7064,0.6383,14.96,1,0,1,0
05_SS2-88-F_comp,madmom+cnnlstm+demucs+tau0.7,16,16,16,0.9463,0.8694,0.7064,0.6383,14.96,1,0,1,0
05_SS3-84-Bb_comp,allinone+btc,16,16,16,0.461,0.461,0.461,0.0,63.44,0,0,0,0
05_SS3-84-Bb_comp,allinone+btc+tau0.3,16,16,16,0.2253,0.2253,0.2253,0.0,63.56,8,0,0,0
05_SS3-84-Bb_comp,allinone+btc+tau0.4,16,16,16,0.3509,0.3509,0.3509,0.0,63.56,4,0,0,0
05_SS3-84-Bb_comp,allinone+btc+tau0.5,16,16,16,0.3509,0.3509,0.3509,0.0,63.56,4,0,0,0
05_SS3-84-Bb_comp,allinone+btc+tau0.6,16,16,16,0.3985,0.3985,0.3985,0.0,63.56,2,0,0,0
05_SS3-84-Bb_comp,allinone+btc+tau0.7,16,16,16,0.4225,0.4225,0.4225,0.0,63.56,1,0,0,0
05_SS3-84-Bb_comp,allinone+btc+demucs,16,16,16,0.461,0.461,0.461,0.0,75.57,0,0,0,0
05_SS3-84-Bb_comp,allinone+btc+demucs+tau0.3,16,16,16,0.2253,0.2253,0.2253,0.0,75.69,8,0,0,0
05_SS3-84-Bb_comp,allinone+btc+demucs+tau0.4,16,16,16,0.2884,0.2884,0.2884,0.0,75.69,6,0,0,0
05_SS3-84-Bb_comp,allinone+btc+demucs+tau0.5,16,16,16,0.3509,0.3509,0.3509,0.0,75.69,4,0,0,0
05_SS3-84-Bb_comp,allinone+btc+demucs+tau0.6,16,16,16,0.3985,0.3985,0.3985,0.0,75.69,2,0,0,0
05_SS3-84-Bb_comp,allinone+btc+demucs+tau0.7,16,16,16,0.4225,0.4225,0.4225,0.0,75.69,1,0,0,0
05_SS3-84-Bb_comp,allinone+cnnlstm,16,16,16,0.4583,0.4583,0.4583,0.0,63.95,0,0,0,0
05_SS3-84-Bb_comp,allinone+cnnlstm+tau0.3,16,16,16,0.2029,0.2029,0.2029,0.0,64.08,7,0,0,0
05_SS3-84-Bb_comp,allinone+cnnlstm+tau0.4,16,16,16,0.2415,0.2415,0.2415,0.0,64.08,6,0,0,0
05_SS3-84-Bb_comp,allinone+cnnlstm+tau0.5,16,16,16,0.3568,0.3568,0.3568,0.0,64.08,3,0,0,0
05_SS3-84-Bb_comp,allinone+cnnlstm+tau0.6,16,16,16,0.3958,0.3958,0.3958,0.0,64.08,2,0,0,0
05_SS3-84-Bb_comp,allinone+cnnlstm+tau0.7,16,16,16,0.4198,0.4198,0.4198,0.0,64.08,1,0,0,0
05_SS3-84-Bb_comp,allinone+cnnlstm+demucs,16,16,16,0.4583,0.4583,0.4583,0.0,76.07,0,0,0,0
05_SS3-84-Bb_comp,allinone+cnnlstm+demucs+tau0.3,16,16,16,0.2029,0.2029,0.2029,0.0,76.19,7,0,0,0
05_SS3-84-Bb_comp,allinone+cnnlstm+demucs+tau0.4,16,16,16,0.2029,0.2029,0.2029,0.0,76.19,7,0,0,0
05_SS3-84-Bb_comp,allinone+cnnlstm+demucs+tau0.5,16,16,16,0.3568,0.3568,0.3568,0.0,76.19,3,0,0,0
05_SS3-84-Bb_comp,allinone+cnnlstm+demucs+tau0.6,16,16,16,0.3958,0.3958,0.3958,0.0,76.19,2,0,0,0
05_SS3-84-Bb_comp,allinone+cnnlstm+demucs+tau0.7,16,16,16,0.4198,0.4198,0.4198,0.0,76.19,1,0,0,0
05_SS3-84-Bb_comp,madmom+btc,16,16,16,0.8709,0.8709,0.8709,0.0,2.39,0,0,0,0
05_SS3-84-Bb_comp,madmom+btc+tau0.3,16,16,16,0.4144,0.4144,0.4144,0.0,2.52,9,0,0,0
05_SS3-84-Bb_comp,madmom+btc+tau0.4,16,16,16,0.7695,0.7695,0.7695,0.0,2.52,2,0,0,0
05_SS3-84-Bb_comp,madmom+btc+tau0.5,16,16,16,0.8165,0.8165,0.8165,0.0,2.52,1,0,0,0
05_SS3-84-Bb_comp,madmom+btc+tau0.6,16,16,16,0.8165,0.8165,0.8165,0.0,2.52,1,0,0,0
05_SS3-84-Bb_comp,madmom+btc+tau0.7,16,16,16,0.8709,0.8709,0.8709,0.0,2.52,0,0,0,0
05_SS3-84-Bb_comp,madmom+btc+demucs,16,16,16,0.8709,0.8709,0.8709,0.0,14.53,0,0,0,0
05_SS3-84-Bb_comp,madmom+btc+demucs+tau0.3,16,16,16,0.2744,0.2744,0.2744,0.0,14.64,12,0,0,0
05_SS3-84-Bb_comp,madmom+btc+demucs+tau0.4,16,16,16,0.7695,0.7695,0.7695,0.0,14.64,2,0,0,0
05_SS3-84-Bb_comp,madmom+btc+demucs+tau0.5,16,16,16,0.8165,0.8165,0.8165,0.0,14.64,1,0,0,0
05_SS3-84-Bb_comp,madmom+btc+demucs+tau0.6,16,16,16,0.8165,0.8165,0.8165,0.0,14.64,1,0,0,0
05_SS3-84-Bb_comp,madmom+btc+demucs+tau0.7,16,16,16,0.8709,0.8709,0.8709,0.0,14.64,0,0,0,0
05_SS3-84-Bb_comp,madmom+cnnlstm,16,16,16,0.8691,0.8691,0.8691,0.0,2.91,0,0,0,0
05_SS3-84-Bb_comp,madmom+cnnlstm+tau0.3,16,16,16,0.2265,0.2265,0.2265,0.0,3.03,12,0,0,0
05_SS3-84-Bb_comp,madmom+cnnlstm+tau0.4,16,16,16,0.6053,0.6053,0.6053,0.0,3.03,5,0,0,0
05_SS3-84-Bb_comp,madmom+cnnlstm+tau0.5,16,16,16,0.7603,0.7603,0.7603,0.0,3.03,2,0,0,0
05_SS3-84-Bb_comp,madmom+cnnlstm+tau0.6,16,16,16,0.8147,0.8147,0.8147,0.0,3.03,1,0,0,0
05_SS3-84-Bb_comp,madmom+cnnlstm+tau0.7,16,16,16,0.8691,0.8691,0.8691,0.0,3.03,0,0,0,0
05_SS3-84-Bb_comp,madmom+cnnlstm+demucs,16,16,16,0.8691,0.8691,0.8691,0.0,15.03,0,0,0,0
05_SS3-84-Bb_comp,madmom+cnnlstm+demucs+tau0.3,16,16,16,0.2265,0.2265,0.2265,0.0,15.14,12,0,0,0
05_SS3-84-Bb_comp,madmom+cnnlstm+demucs+tau0.4,16,16,16,0.6053,0.6053,0.6053,0.0,15.14,5,0,0,0
05_SS3-84-Bb_comp,madmom+cnnlstm+demucs+tau0.5,16,16,16,0.7603,0.7603,0.7603,0.0,15.14,2,0,0,0
05_SS3-84-Bb_comp,madmom+cnnlstm+demucs+tau0.6,16,16,16,0.8147,0.8147,0.8147,0.0,15.14,1,0,0,0
05_SS3-84-Bb_comp,madmom+cnnlstm+demucs+tau0.7,16,16,16,0.8691,0.8691,0.8691,0.0,15.14,0,0,0,0
05_SS3-98-C_comp,allinone+btc,16,16,16,0.0,0.0,0.0,0.1176,56.06,0,0,0,0
05_SS3-98-C_comp,allinone+btc+tau0.3,16,16,16,0.0,0.0,0.0,0.1176,56.17,0,0,0,0
05_SS3-98-C_comp,allinone+btc+tau0.4,16,16,16,0.0,0.0,0.0,0.1176,56.17,0,0,0,0
05_SS3-98-C_comp,allinone+btc+tau0.5,16,16,16,0.0,0.0,0.0,0.1176,56.17,0,0,0,0
05_SS3-98-C_comp,allinone+btc+tau0.6,16,16,16,0.0,0.0,0.0,0.1176,56.17,0,0,0,0
05_SS3-98-C_comp,allinone+btc+tau0.7,16,16,16,0.0,0.0,0.0,0.1176,56.17,0,0,0,0
05_SS3-98-C_comp,allinone+btc+demucs,16,16,16,0.0,0.0,0.0,0.1176,66.73,0,0,0,0
05_SS3-98-C_comp,allinone+btc+demucs+tau0.3,16,16,16,0.0,0.0,0.0,0.1176,66.83,0,0,0,0
05_SS3-98-C_comp,allinone+btc+demucs+tau0.4,16,16,16,0.0,0.0,0.0,0.1176,66.83,0,0,0,0
05_SS3-98-C_comp,allinone+btc+demucs+tau0.5,16,16,16,0.0,0.0,0.0,0.1176,66.83,0,0,0,0
05_SS3-98-C_comp,allinone+btc+demucs+tau0.6,16,16,16,0.0,0.0,0.0,0.1176,66.83,0,0,0,0
05_SS3-98-C_comp,allinone+btc+demucs+tau0.7,16,16,16,0.0,0.0,0.0,0.1176,66.83,0,0,0,0
05_SS3-98-C_comp,allinone+cnnlstm,16,16,16,0.0,0.0,0.0,0.1176,56.51,0,0,0,0
05_SS3-98-C_comp,allinone+cnnlstm+tau0.3,16,16,16,0.0,0.0,0.0,0.1176,56.62,0,0,0,0
05_SS3-98-C_comp,allinone+cnnlstm+tau0.4,16,16,16,0.0,0.0,0.0,0.1176,56.62,0,0,0,0
05_SS3-98-C_comp,allinone+cnnlstm+tau0.5,16,16,16,0.0,0.0,0.0,0.1176,56.62,0,0,0,0
05_SS3-98-C_comp,allinone+cnnlstm+tau0.6,16,16,16,0.0,0.0,0.0,0.1176,56.62,0,0,0,0
05_SS3-98-C_comp,allinone+cnnlstm+tau0.7,16,16,16,0.0,0.0,0.0,0.1176,56.62,0,0,0,0
05_SS3-98-C_comp,allinone+cnnlstm+demucs,16,16,16,0.0,0.0,0.0,0.1176,67.15,0,0,0,0
05_SS3-98-C_comp,allinone+cnnlstm+demucs+tau0.3,16,16,16,0.0,0.0,0.0,0.1176,67.25,0,0,0,0
05_SS3-98-C_comp,allinone+cnnlstm+demucs+tau0.4,16,16,16,0.0,0.0,0.0,0.1176,67.25,0,0,0,0
05_SS3-98-C_comp,allinone+cnnlstm+demucs+tau0.5,16,16,16,0.0,0.0,0.0,0.1176,67.25,0,0,0,0
05_SS3-98-C_comp,allinone+cnnlstm+demucs+tau0.6,16,16,16,0.0,0.0,0.0,0.1176,67.25,0,0,0,0
05_SS3-98-C_comp,allinone+cnnlstm+demucs+tau0.7,16,16,16,0.0,0.0,0.0,0.1176,67.25,0,0,0,0
05_SS3-98-C_comp,madmom+btc,5,5,16,0.901,0.901,0.901,0.9677,2.05,0,0,0,0
05_SS3-98-C_comp,madmom+btc+tau0.3,9,9,16,0.6055,0.6055,0.6055,0.9677,2.16,5,0,0,0
05_SS3-98-C_comp,madmom+btc+tau0.4,9,9,16,0.6518,0.6518,0.6518,0.9677,2.16,4,0,0,0
05_SS3-98-C_comp,madmom+btc+tau0.5,6,6,16,0.839,0.839,0.839,0.9677,2.16,1,0,0,0
05_SS3-98-C_comp,madmom+btc+tau0.6,5,5,16,0.901,0.901,0.901,0.9677,2.16,0,0,0,0
05_SS3-98-C_comp,madmom+btc+tau0.7,5,5,16,0.901,0.901,0.901,0.9677,2.16,0,0,0,0
05_SS3-98-C_comp,madmom+btc+demucs,5,5,16,0.901,0.901,0.901,0.9677,12.71,0,0,0,0
05_SS3-98-C_comp,madmom+btc+demucs+tau0.3,9,9,16,0.6055,0.6055,0.6055,0.9677,12.81,5,0,0,0
05_SS3-98-C_comp,madmom+btc+demucs+tau0.4,9,9,16,0.6518,0.6518,0.6518,0.9677,12.81,4,0,0,0
05_SS3-98-C_comp,madmom+btc+demucs+tau0.5,6,6,16,0.839,0.839,0.839,0.9677,12.81,1,0,0,0
05_SS3-98-C_comp,madmom+btc+demucs+tau0.6,5,5,16,0.901,0.901,0.901,0.9677,12.81,0,0,0,0
05_SS3-98-C_comp,madmom+btc+demucs+tau0.7,5,5,16,0.901,0.901,0.901,0.9677,12.81,0,0,0,0
05_SS3-98-C_comp,madmom+cnnlstm,2,2,16,0.9646,0.9646,0.9646,0.9677,2.5,0,0,0,0
05_SS3-98-C_comp,madmom+cnnlstm+tau0.3,7,7,16,0.5578,0.5578,0.5578,0.9677,2.61,7,0,0,0
05_SS3-98-C_comp,madmom+cnnlstm+tau0.4,6,6,16,0.6676,0.6676,0.6676,0.9677,2.61,5,0,0,0
05_SS3-98-C_comp,madmom+cnnlstm+tau0.5,3,3,16,0.8549,0.8549,0.8549,0.9677,2.61,2,0,0,0
05_SS3-98-C_comp,madmom+cnnlstm+tau0.6,2,2,16,0.9168,0.9168,0.9168,0.9677,2.61,1,0,0,0
05_SS3-98-C_comp,madmom+cnnlstm+tau0.7,2,2,16,0.9646,0.9646,0.9646,0.9677,2.61,0,0,0,0
05_SS3-98-C_comp,madmom+cnnlstm+demucs,2,2,16,0.9646,0.9646,0.9646,0.9677,13.13,0,0,0,0
05_SS3-98-C_comp,madmom+cnnlstm+demucs+tau0.3,7,7,16,0.5578,0.5578,0.5578,0.9677,13.24,7,0,0,0
05_SS3-98-C_comp,madmom+cnnlstm+demucs+tau0.4,6,6,16,0.6676,0.6676,0.6676,0.9677,13.24,5,0,0,0
05_SS3-98-C_comp,madmom+cnnlstm+demucs+tau0.5,3,3,16,0.8549,0.8549,0.8549,0.9677,13.24,2,0,0,0
05_SS3-98-C_comp,madmom+cnnlstm+demucs+tau0.6,2,2,16,0.9168,0.9168,0.9168,0.9677,13.24,1,0,0,0
05_SS3-98-C_comp,madmom+cnnlstm+demucs+tau0.7,2,2,16,0.9646,0.9646,0.9646,0.9677,13.24,0,0,0,0
